N,cpu_ms,gpu_ms,speedup_e2e,winner,cpu_q25,cpu_q75,gpu_q25,gpu_q75,n_samples,converged
100,0.15,1.19,0.129,CPU,0.15,0.16,1.18,1.20,7,Y
149,0.18,1.15,0.160,CPU,0.18,0.18,1.14,1.20,5,Y
223,0.22,1.16,0.190,CPU,0.22,0.23,1.13,1.18,5,Y
332,0.31,1.16,0.264,CPU,0.30,0.31,1.16,1.16,6,Y
495,0.41,1.16,0.356,CPU,0.41,0.43,1.16,1.18,5,Y
739,0.58,1.16,0.502,CPU,0.57,0.59,1.16,1.17,6,Y
1103,0.89,1.15,0.774,CPU,0.89,0.89,1.14,1.16,5,Y
1645,1.25,1.20,1.037,GPU,1.23,1.30,1.16,1.24,5,Y
2454,1.87,1.20,1.564,GPU,1.85,1.88,1.19,1.20,5,Y
3661,2.76,1.24,2.231,GPU,2.76,2.77,1.23,1.24,7,Y
5462,4.09,1.42,2.873,GPU,4.07,4.11,1.42,1.43,5,Y
8149,6.15,1.75,3.521,GPU,6.11,6.20,1.74,1.75,5,Y
12158,9.34,2.55,3.668,GPU,9.27,9.37,2.54,2.55,5,Y
18138,14.52,4.10,3.540,GPU,14.40,14.77,4.07,4.19,5,Y
27061,21.99,7.64,2.879,GPU,21.94,22.12,7.59,7.69,5,Y
40372,35.63,15.27,2.333,GPU,35.55,35.69,15.24,15.61,5,Y
60230,55.87,32.14,1.738,GPU,55.34,55.98,31.97,32.27,5,Y
89857,93.87,68.16,1.377,GPU,93.63,94.02,62.93,69.28,5,Y
134058,145.72,139.72,1.043,GPU,145.62,148.56,139.63,139.88,9,Y
200000,224.11,306.51,0.731,CPU,224.01,227.89,306.26,307.53,5,Y
