machine,profiler,image_label,rep,status,time_s,objects,transients
jetson_orin,py38,iKon936_SDSSg,1,OK,70.301,412,269
jetson_orin,py38,iKon936_SDSSg,2,OK,28.791,412,269
jetson_orin,py38,iKon936_SDSSg,3,OK,28.875,412,269
jetson_orin,py38,iKon936_SDSSg,4,OK,28.701,412,269
jetson_orin,py38,iKon936_SDSSg,5,OK,28.776,412,269
jetson_orin,py38,iKon936_SDSSg,6,OK,28.770,412,269
jetson_orin,py38,iKon936_SDSSg,7,OK,28.765,412,269
jetson_orin,py38,iKon936_SDSSg,8,OK,28.755,412,269
jetson_orin,py38,iKon936_SDSSg,9,OK,28.823,412,269
jetson_orin,py38,iKon936_SDSSg,10,OK,28.796,412,269
jetson_orin,py38,iKon936_Lum,1,FAILED,205.673,,
jetson_orin,py38,iKon936_Lum,2,FAILED,231.994,,
jetson_orin,py38,iKon936_Lum,3,FAILED,229.735,,
jetson_orin,py38,iKon936_Lum,4,FAILED,248.599,,
jetson_orin,py38,iKon936_Lum,5,FAILED,243.970,,
jetson_orin,py38,iKon936_Lum,6,FAILED,234.054,,
jetson_orin,py38,iKon936_Lum,7,FAILED,236.217,,
jetson_orin,py38,iKon936_Lum,8,FAILED,233.475,,
jetson_orin,py38,iKon936_Lum,9,FAILED,255.969,,
jetson_orin,py38,iKon936_Lum,10,FAILED,234.266,,
jetson_orin,py38,QHY600-3_Lum,1,OK,74.188,112,87
jetson_orin,py38,QHY600-3_Lum,2,OK,74.060,112,87
jetson_orin,py38,QHY600-3_Lum,3,OK,66.776,112,87
jetson_orin,py38,QHY600-3_Lum,4,OK,76.134,112,87
jetson_orin,py38,QHY600-3_Lum,5,OK,71.510,112,87
jetson_orin,py38,QHY600-3_Lum,6,OK,78.180,112,87
jetson_orin,py38,QHY600-3_Lum,7,OK,76.728,112,87
jetson_orin,py38,QHY600-3_Lum,8,OK,71.135,112,87
jetson_orin,py38,QHY600-3_Lum,9,OK,63.653,112,87
jetson_orin,py38,QHY600-3_Lum,10,OK,63.355,112,87
