gpu_name,machine,N,cpu_ms,gpu_e2e_ms,speedup,winner
A100-SXM4-80GB,lenovo_tttserver,100,0.13,1.7,0.079,CPU
A100-SXM4-80GB,lenovo_tttserver,200,0.18,1.69,0.108,CPU
A100-SXM4-80GB,lenovo_tttserver,500,0.38,2.07,0.186,CPU
A100-SXM4-80GB,lenovo_tttserver,1000,0.72,2.16,0.333,CPU
A100-SXM4-80GB,lenovo_tttserver,2000,1.42,2.11,0.673,CPU
A100-SXM4-80GB,lenovo_tttserver,5000,3.66,1.93,1.901,GPU
A100-SXM4-80GB,lenovo_tttserver,10000,7.46,2.42,3.087,GPU
A100-SXM4-80GB,lenovo_tttserver,20000,16.81,4.74,3.547,GPU
A100-SXM4-80GB,lenovo_tttserver,50000,44.67,19.66,2.272,GPU
A100-SXM4-80GB,lenovo_tttserver,100000,99.58,72.27,1.378,GPU
H100 PCIe,azken,100,0.11,1.48,0.074,CPU
H100 PCIe,azken,200,0.15,1.48,0.104,CPU
H100 PCIe,azken,500,0.32,1.77,0.183,CPU
H100 PCIe,azken,1000,0.6,1.76,0.342,CPU
H100 PCIe,azken,2000,1.23,1.79,0.685,CPU
H100 PCIe,azken,5000,3.4,1.64,2.075,GPU
H100 PCIe,azken,10000,7.22,2.0,3.603,GPU
H100 PCIe,azken,20000,15.5,3.41,4.551,GPU
H100 PCIe,azken,50000,42.89,14.2,3.02,GPU
H100 PCIe,azken,100000,98.64,49.28,2.002,GPU
H100 PCIe,azken,200000,620.37,163.74,3.789,GPU
H100 PCIe,azken,500000,2004.28,986.65,2.031,GPU
L40S,hp3,100,0.12,0.79,0.15,CPU
L40S,hp3,200,0.15,0.77,0.199,CPU
L40S,hp3,500,0.31,0.84,0.371,CPU
L40S,hp3,1000,0.56,0.85,0.661,CPU
L40S,hp3,2000,1.13,0.89,1.262,GPU
L40S,hp3,5000,3.0,1.01,2.978,GPU
L40S,hp3,10000,6.28,1.31,4.788,GPU
L40S,hp3,20000,13.55,2.34,5.778,GPU
L40S,hp3,50000,36.45,9.67,3.768,GPU
L40S,hp3,100000,89.65,34.18,2.623,GPU
RTX 3050 Ti,local,100,0.34,2.67,0.126,CPU
RTX 3050 Ti,local,200,0.48,2.8,0.17,CPU
RTX 3050 Ti,local,500,0.92,3.09,0.298,CPU
RTX 3050 Ti,local,1000,1.82,3.5,0.519,CPU
RTX 3050 Ti,local,2000,3.64,4.67,0.78,CPU
RTX 3050 Ti,local,5000,10.32,12.27,0.841,CPU
RTX 3050 Ti,local,10000,19.76,35.5,0.557,CPU
RTX 3050 Ti,local,20000,36.18,119.21,0.303,CPU
RTX 3050 Ti,local,50000,66.09,693.08,0.095,CPU
RTX 3050 Ti,local,100000,150.51,2698.97,0.056,CPU
RTX 3060,ttt1,100,0.13,1.11,0.116,CPU
RTX 3060,ttt1,200,0.17,1.11,0.157,CPU
RTX 3060,ttt1,500,0.34,1.13,0.302,CPU
RTX 3060,ttt1,1000,0.65,1.13,0.574,CPU
RTX 3060,ttt1,2000,1.25,1.25,0.999,CPU
RTX 3060,ttt1,5000,3.32,1.86,1.788,GPU
RTX 3060,ttt1,10000,7.11,3.67,1.935,GPU
RTX 3060,ttt1,20000,15.69,10.72,1.464,GPU
RTX 3060,ttt1,50000,41.72,52.48,0.795,CPU
RTX 3060,ttt1,100000,94.41,202.78,0.466,CPU
RTX 3060,ttt1,200000,202.22,802.57,0.252,CPU
RTX 3060,ttt1,500000,680.76,5021.21,0.136,CPU
RTX 3090,ttt_server,100,0.22,1.67,0.13,CPU
RTX 3090,ttt_server,200,0.21,1.18,0.181,CPU
RTX 3090,ttt_server,500,0.44,1.23,0.357,CPU
RTX 3090,ttt_server,1000,0.79,1.2,0.661,CPU
RTX 3090,ttt_server,2000,1.52,1.32,1.153,GPU
RTX 3090,ttt_server,5000,3.9,1.73,2.261,GPU
RTX 3090,ttt_server,10000,7.86,2.66,2.955,GPU
RTX 3090,ttt_server,20000,17.98,5.62,3.2,GPU
RTX 3090,ttt_server,50000,47.71,23.49,2.031,GPU
RTX 3090,ttt_server,100000,119.46,82.17,1.454,GPU
RTX 3090,ttt_server,200000,232.93,299.43,0.778,CPU
RTX 3090,ttt_server,500000,845.8,1837.61,0.46,CPU
