N,cpu_ms,gpu_ms,speedup_e2e,winner,cpu_q25,cpu_q75,gpu_q25,gpu_q75
100,0.13,1.10,0.114,CPU,0.12,0.13,1.08,1.12
137,0.14,1.08,0.133,CPU,0.14,0.15,1.07,1.11
188,0.16,1.06,0.153,CPU,0.16,0.17,1.06,1.11
259,0.20,1.09,0.183,CPU,0.20,0.20,1.09,1.12
355,0.27,1.12,0.238,CPU,0.26,0.27,1.11,1.13
487,0.33,1.13,0.292,CPU,0.33,0.33,1.12,1.13
669,0.42,1.11,0.380,CPU,0.42,0.43,1.11,1.13
918,0.56,1.11,0.505,CPU,0.56,0.57,1.11,1.14
1260,0.77,1.12,0.691,CPU,0.77,0.79,1.11,1.14
1729,1.06,1.16,0.912,CPU,1.06,1.08,1.16,1.19
2374,1.47,1.26,1.167,GPU,1.47,1.48,1.26,1.28
3258,2.02,1.40,1.442,GPU,2.01,2.07,1.40,1.43
4472,2.94,1.62,1.809,GPU,2.92,2.96,1.62,1.63
6138,4.06,2.07,1.958,GPU,4.03,4.07,2.07,2.10
8426,5.66,2.86,1.979,GPU,5.63,5.69,2.85,2.90
11565,8.19,4.44,1.847,GPU,8.16,8.30,4.43,4.46
15874,11.52,7.28,1.582,GPU,11.49,11.59,7.27,7.30
21789,16.57,12.35,1.342,GPU,16.43,16.76,12.33,12.43
29907,23.57,19.67,1.198,GPU,23.21,24.03,19.64,20.37
41050,34.55,36.33,0.951,CPU,34.26,35.34,36.25,36.39
56345,48.20,66.03,0.730,CPU,47.06,48.64,65.69,66.12
77339,69.15,121.58,0.569,CPU,68.70,70.31,121.48,121.74
106156,97.31,225.56,0.431,CPU,96.88,97.79,225.42,225.74
145709,137.79,425.30,0.324,CPU,137.06,152.00,425.05,425.47
200000,216.12,809.23,0.267,CPU,194.34,248.53,808.90,809.57
1823,1.16,1.18,0.980,CPU,1.13,1.19,1.16,1.22
1922,1.20,1.18,1.019,GPU,1.18,1.23,1.16,1.21
2026,1.24,1.17,1.065,GPU,1.24,1.25,1.16,1.17
2136,1.35,1.20,1.129,GPU,1.34,1.38,1.17,1.23
2252,1.41,1.21,1.172,GPU,1.41,1.44,1.20,1.22
31528,24.69,21.94,1.125,GPU,24.61,24.99,21.92,22.01
33237,26.10,24.14,1.081,GPU,26.02,26.48,24.12,24.20
35038,27.95,26.62,1.050,GPU,27.77,28.21,26.61,26.68
36937,29.64,29.45,1.007,GPU,29.31,30.23,29.42,29.64
38939,31.34,32.41,0.967,CPU,31.28,31.82,32.39,32.45
