gpu_name,machine,N,cpu_ms,gpu_e2e_ms,speedup,winner,cpu_q25,cpu_q75,gpu_q25,gpu_q75
GeForce RTX 3050 Ti Laptop GPU,local,100,0.21,1.885,0.1114058355437665,CPU,0.2,0.22,1.83,1.99
GeForce RTX 3050 Ti Laptop GPU,local,150,0.25,1.83,0.1366120218579234,CPU,0.24,0.26,1.78,1.9
GeForce RTX 3050 Ti Laptop GPU,local,226,0.31,1.84,0.1684782608695652,CPU,0.3,0.32,1.8,1.88
GeForce RTX 3050 Ti Laptop GPU,local,339,0.42,2.015,0.2084367245657568,CPU,0.41,0.43,1.96,2.065
GeForce RTX 3050 Ti Laptop GPU,local,510,0.57,2.11,0.2701421800947867,CPU,0.56,0.58,2.08,2.175
GeForce RTX 3050 Ti Laptop GPU,local,767,0.805,2.095,0.3842482100238664,CPU,0.8,0.81,2.07,2.1950000000000003
GeForce RTX 3050 Ti Laptop GPU,local,1152,1.21,2.515,0.4811133200795229,CPU,1.2,1.22,2.455,2.56
GeForce RTX 3050 Ti Laptop GPU,local,1732,1.815,3.245,0.559322033898305,CPU,1.795,1.83,3.16,3.305
GeForce RTX 3050 Ti Laptop GPU,local,2603,2.77,4.75,0.5831578947368421,CPU,2.755,2.805,4.66,4.835
GeForce RTX 3050 Ti Laptop GPU,local,3912,4.220000000000001,7.625,0.5534426229508198,CPU,4.145,4.245,7.57,7.705
GeForce RTX 3050 Ti Laptop GPU,local,5880,6.529999999999999,13.5,0.4837037037037036,CPU,6.375,6.55,13.46,13.565
GeForce RTX 3050 Ti Laptop GPU,local,8837,9.81,26.71,0.3672781729689254,CPU,9.775,10.0,26.665,26.785
GeForce RTX 3050 Ti Laptop GPU,local,13281,14.82,55.07,0.2691120392228073,CPU,14.55,15.215,55.04,55.195
GeForce RTX 3050 Ti Laptop GPU,local,19961,22.700000000000003,117.04,0.1939507860560492,CPU,22.55,23.520000000000003,116.945,117.165
GeForce RTX 3050 Ti Laptop GPU,local,30000,34.315,256.475,0.1337947168339994,CPU,33.730000000000004,35.335,256.4,256.605
A100-SXM4-80GB,lenovo_tttserver,100,0.14,1.14,0.1228070175438596,CPU,0.13,0.14,1.13,1.15
A100-SXM4-80GB,lenovo_tttserver,149,0.16,1.1,0.1454545454545454,CPU,0.15,0.16,1.09,1.11
A100-SXM4-80GB,lenovo_tttserver,223,0.2,1.11,0.1801801801801801,CPU,0.2,0.2,1.11,1.12
A100-SXM4-80GB,lenovo_tttserver,332,0.27,1.14,0.2368421052631579,CPU,0.27,0.27,1.13,1.15
A100-SXM4-80GB,lenovo_tttserver,495,0.38,1.15,0.3304347826086957,CPU,0.37,0.38,1.14,1.15
A100-SXM4-80GB,lenovo_tttserver,739,0.53,1.16,0.456896551724138,CPU,0.52,0.53,1.15,1.17
A100-SXM4-80GB,lenovo_tttserver,1103,0.8,1.18,0.6779661016949153,CPU,0.8,0.81,1.18,1.19
A100-SXM4-80GB,lenovo_tttserver,1645,1.16,1.17,0.9914529914529916,CPU,1.15,1.17,1.16,1.17
A100-SXM4-80GB,lenovo_tttserver,2454,1.75,1.19,1.4705882352941178,GPU,1.74,1.76,1.18,1.19
A100-SXM4-80GB,lenovo_tttserver,3661,2.57,1.23,2.089430894308943,GPU,2.56,2.58,1.23,1.24
A100-SXM4-80GB,lenovo_tttserver,5462,3.96,1.37,2.890510948905109,GPU,3.95,3.97,1.36,1.37
A100-SXM4-80GB,lenovo_tttserver,8149,6.06,1.56,3.884615384615384,GPU,6.05,6.09,1.56,1.57
A100-SXM4-80GB,lenovo_tttserver,12158,9.16,2.25,4.071111111111112,GPU,9.14,9.2,2.2350000000000003,2.265
A100-SXM4-80GB,lenovo_tttserver,18138,14.28,3.34,4.275449101796407,GPU,14.245,14.36,3.32,3.415
A100-SXM4-80GB,lenovo_tttserver,27061,21.65,5.925,3.654008438818565,GPU,21.585,21.74,5.88,5.96
A100-SXM4-80GB,lenovo_tttserver,40372,34.59,11.47,3.0156931124673063,GPU,34.465,34.74,11.45,11.58
A100-SXM4-80GB,lenovo_tttserver,60230,54.66,23.755000000000003,2.3009892654178064,GPU,54.415,54.915,23.14,23.97
A100-SXM4-80GB,lenovo_tttserver,89857,89.58,48.7,1.839425051334702,GPU,89.04,90.22,47.945,52.005
A100-SXM4-80GB,lenovo_tttserver,134058,139.63,104.0,1.3425961538461535,GPU,138.875,140.515,103.73,104.325
A100-SXM4-80GB,lenovo_tttserver,200000,215.98,226.54,0.9533857155469232,CPU,214.92,217.45,226.34,226.925
GeForce RTX 3090,ttt_server,100,0.15,1.15,0.1304347826086956,CPU,0.15,0.16,1.13,1.17
GeForce RTX 3090,ttt_server,149,0.17,1.12,0.1517857142857142,CPU,0.17,0.18,1.1,1.13
GeForce RTX 3090,ttt_server,223,0.22,1.12,0.1964285714285714,CPU,0.22,0.23,1.11,1.14
GeForce RTX 3090,ttt_server,332,0.295,1.1349999999999998,0.2599118942731278,CPU,0.29,0.3,1.12,1.15
GeForce RTX 3090,ttt_server,495,0.41,1.13,0.3628318584070796,CPU,0.4,0.41,1.12,1.14
GeForce RTX 3090,ttt_server,739,0.57,1.13,0.504424778761062,CPU,0.56,0.57,1.12,1.14
GeForce RTX 3090,ttt_server,1103,0.85,1.12,0.7589285714285713,CPU,0.84,0.86,1.11,1.14
GeForce RTX 3090,ttt_server,1645,1.22,1.13,1.0796460176991152,GPU,1.215,1.24,1.12,1.14
GeForce RTX 3090,ttt_server,2454,1.81,1.17,1.547008547008547,GPU,1.79,1.83,1.15,1.18
GeForce RTX 3090,ttt_server,3661,2.68,1.2,2.2333333333333334,GPU,2.66,2.7,1.2,1.21
GeForce RTX 3090,ttt_server,5462,4.035,1.4,2.8821428571428576,GPU,4.01,4.07,1.39,1.415
GeForce RTX 3090,ttt_server,8149,6.07,1.755,3.458689458689459,GPU,6.04,6.12,1.74,1.77
GeForce RTX 3090,ttt_server,12158,9.21,2.55,3.6117647058823534,GPU,9.16,9.3,2.53,2.57
GeForce RTX 3090,ttt_server,18138,14.35,4.12,3.483009708737864,GPU,14.26,14.475,4.06,4.23
GeForce RTX 3090,ttt_server,27061,21.89,7.605,2.878369493754109,GPU,21.77,22.055,7.525,7.73
GeForce RTX 3090,ttt_server,40372,34.97,15.315,2.283382304929807,GPU,34.81,35.27,15.23,15.435
GeForce RTX 3090,ttt_server,60230,54.87,32.165,1.7058914969687549,GPU,54.605,55.315,32.0,32.295
GeForce RTX 3090,ttt_server,89857,89.555,63.635,1.4073230140645872,GPU,89.125,90.31,62.995000000000005,66.91499999999999
GeForce RTX 3090,ttt_server,134058,140.45,139.21,1.0089074060771497,GPU,139.81,141.56,138.74,139.51
GeForce RTX 3090,ttt_server,200000,219.635,304.225,0.721949215218999,CPU,217.975,222.02,303.895,304.58
GeForce RTX 3060,ttt1,100,0.13,1.14,0.1140350877192982,CPU,0.13,0.13,1.14,1.16
GeForce RTX 3060,ttt1,149,0.15,1.125,0.1333333333333333,CPU,0.15,0.16,1.12,1.14
GeForce RTX 3060,ttt1,223,0.19,1.13,0.168141592920354,CPU,0.19,0.2,1.13,1.145
GeForce RTX 3060,ttt1,332,0.26,1.16,0.2241379310344828,CPU,0.25,0.26,1.145,1.17
GeForce RTX 3060,ttt1,495,0.35,1.17,0.2991452991452991,CPU,0.34,0.35,1.17,1.18
GeForce RTX 3060,ttt1,739,0.48,1.19,0.4033613445378151,CPU,0.48,0.49,1.18,1.2
GeForce RTX 3060,ttt1,1103,0.73,1.19,0.6134453781512605,CPU,0.72,0.74,1.18,1.2
GeForce RTX 3060,ttt1,1645,1.05,1.23,0.853658536585366,CPU,1.04,1.07,1.23,1.24
GeForce RTX 3060,ttt1,2454,1.6,1.34,1.1940298507462686,GPU,1.59,1.62,1.33,1.34
GeForce RTX 3060,ttt1,3661,2.42,1.55,1.5612903225806452,GPU,2.405,2.435,1.55,1.56
GeForce RTX 3060,ttt1,5462,3.73,1.99,1.8743718592964824,GPU,3.72,3.76,1.98,2.01
GeForce RTX 3060,ttt1,8149,5.72,2.89,1.97923875432526,GPU,5.7,5.74,2.88,2.91
GeForce RTX 3060,ttt1,12158,9.06,4.91,1.845213849287169,GPU,9.0,9.12,4.89,4.955
GeForce RTX 3060,ttt1,18138,14.395,9.15,1.573224043715847,GPU,14.285,14.51,9.045,9.23
GeForce RTX 3060,ttt1,27061,21.955,18.365,1.1954805336237406,GPU,21.855,22.15,18.26,18.41
GeForce RTX 3060,ttt1,40372,34.09,35.795,0.9523676491130046,CPU,33.91,34.3,35.22,37.17
GeForce RTX 3060,ttt1,60230,52.6,75.47,0.6969656817278388,CPU,52.475,53.02,75.39,75.58
GeForce RTX 3060,ttt1,89857,84.33,164.57999999999998,0.5123951877506381,CPU,83.92,85.095,164.485,164.69
GeForce RTX 3060,ttt1,134058,130.77,361.71,0.3615327195819856,CPU,130.135,132.17000000000002,361.525,362.005
GeForce RTX 3060,ttt1,200000,204.35,811.14,0.2519293833370318,CPU,201.14,206.92,810.765,811.8050000000001
L40S,hp3,100,0.13,0.9,0.1444444444444444,CPU,0.13,0.13,0.89,0.91
L40S,hp3,149,0.14,0.86,0.1627906976744186,CPU,0.14,0.14,0.85,0.88
L40S,hp3,223,0.18,0.88,0.2045454545454545,CPU,0.17,0.18,0.87,0.89
L40S,hp3,332,0.24,0.9,0.2666666666666666,CPU,0.23,0.24,0.89,0.92
L40S,hp3,495,0.31,0.91,0.3406593406593406,CPU,0.31,0.32,0.9,0.92
L40S,hp3,739,0.44,0.92,0.4782608695652173,CPU,0.43,0.44,0.91,0.94
L40S,hp3,1103,0.66,0.95,0.6947368421052632,CPU,0.65,0.66,0.94,0.97
L40S,hp3,1645,0.94,0.97,0.9690721649484536,CPU,0.93,0.94,0.96,0.98
L40S,hp3,2454,1.43,1.01,1.4158415841584158,GPU,1.42,1.43,1.0,1.02
L40S,hp3,3661,2.15,1.06,2.0283018867924527,GPU,2.14,2.17,1.05,1.07
L40S,hp3,5462,3.31,1.13,2.929203539823009,GPU,3.3,3.33,1.11,1.13
L40S,hp3,8149,5.06,1.3,3.892307692307692,GPU,5.04,5.1,1.29,1.31
L40S,hp3,12158,7.77,1.66,4.680722891566265,GPU,7.75,7.81,1.65,1.67
L40S,hp3,18138,12.24,2.26,5.415929203539823,GPU,12.2,12.29,2.24,2.43
L40S,hp3,27061,18.46,3.63,5.085399449035813,GPU,18.42,18.55,3.62,3.65
L40S,hp3,40372,29.54,6.9,4.281159420289855,GPU,29.47,29.79,6.83,6.96
L40S,hp3,60230,48.34,13.42,3.6020864381520123,GPU,48.23,48.61,13.24,13.64
L40S,hp3,89857,87.0,28.21,3.084012761432116,GPU,86.56,87.42,28.19,28.28
L40S,hp3,134058,143.45,61.32,2.3393672537508152,GPU,142.57,144.37,60.85,61.57
L40S,hp3,200000,228.75,132.92,1.7209599759253689,GPU,227.43,229.73,132.48,133.17
H100 PCIe,azken,100,0.13,0.985,0.1319796954314721,CPU,0.125,0.135,0.965,1.02
H100 PCIe,azken,149,0.14,0.925,0.15135135135135136,CPU,0.14,0.15,0.91,0.965
H100 PCIe,azken,223,0.18,0.955,0.18848167539267016,CPU,0.175,0.19,0.9450000000000001,0.995
H100 PCIe,azken,332,0.24,1.005,0.23880597014925375,CPU,0.24,0.25,0.965,1.05
H100 PCIe,azken,495,0.34,1.0150000000000001,0.33497536945812806,CPU,0.33,0.345,0.99,1.0550000000000002
H100 PCIe,azken,739,0.5,1.08,0.4629629629629629,CPU,0.49,0.51,1.04,1.09
H100 PCIe,azken,1103,0.755,1.14,0.662280701754386,CPU,0.74,0.76,1.11,1.15
H100 PCIe,azken,1645,1.1099999999999999,1.1549999999999998,0.9610389610389611,CPU,1.1,1.14,1.15,1.17
H100 PCIe,azken,2454,1.645,1.0150000000000001,1.6206896551724137,GPU,1.63,1.66,1.0,1.065
H100 PCIe,azken,3661,2.435,1.04,2.3413461538461537,GPU,2.42,2.45,1.02,1.065
H100 PCIe,azken,5462,3.815,1.145,3.331877729257642,GPU,3.8,3.83,1.13,1.19
H100 PCIe,azken,8149,5.92,1.37,4.321167883211679,GPU,5.88,5.99,1.36,1.42
H100 PCIe,azken,12158,9.405000000000001,2.5549999999999997,3.681017612524463,GPU,9.355,9.54,2.51,2.665
H100 PCIe,azken,18138,15.455,3.6799999999999997,4.199728260869565,GPU,15.274999999999999,15.6,3.525,3.7649999999999997
H100 PCIe,azken,27061,23.259999999999998,5.135,4.529698149951314,GPU,22.935000000000002,23.575,4.99,5.32
H100 PCIe,azken,40372,38.07,8.995000000000001,4.2323513062812665,GPU,37.355000000000004,39.004999999999995,8.71,9.29
H100 PCIe,azken,60230,60.349999999999994,17.555,3.4377670179436057,GPU,58.16,61.885000000000005,17.335,17.825
H100 PCIe,azken,89857,119.57,35.795,3.340410671881547,GPU,116.7,122.86,35.42,36.19
H100 PCIe,azken,134058,219.485,75.10499999999999,2.9223753411890026,GPU,214.44,225.76999999999998,74.92,75.61
H100 PCIe,azken,200000,352.03,162.13,2.171282304323691,GPU,340.615,366.15999999999997,161.81,162.655
