machine,gpu_name,gpu_total_MB,python_ver,camera,megapixels,n_samples,median_peak_MB,min_peak_MB,max_peak_MB,peak_pct_of_total
azken,H100 PCIe,85045.50,3.12,QHY411-1,37.80,8,6849.10,3636.40,6859.40,8.05
azken,H100 PCIe,85045.50,3.12,QHY411-3,151.20,1,28051.80,28051.80,28051.80,32.98
azken,H100 PCIe,85045.50,3.12,QHY600-3,6.80,4,5612.90,5612.90,5613.10,6.60
azken,H100 PCIe,85045.50,3.12,QHY600-4,15.30,8,8300.00,8296.00,8304.10,9.76
azken,H100 PCIe,85045.50,3.12,iKon936-1,4.20,8,1718.20,1718.10,1718.40,2.02
azken,H100 PCIe,85045.50,3.8,QHY411-1,37.80,6,7603.50,7603.50,31270.30,8.94
azken,H100 PCIe,85045.50,3.8,QHY411-3,151.20,4,31064.60,31064.40,31064.70,36.53
azken,H100 PCIe,85045.50,3.8,QHY600-3,6.80,2,5782.30,5782.30,5782.30,6.80
azken,H100 PCIe,85045.50,3.8,QHY600-4,15.30,4,8566.50,8566.50,8566.50,10.07
azken,H100 PCIe,85045.50,3.8,iKon936-1,4.20,2,2017.80,2017.80,2017.80,2.37
hp3,L40S,47810.90,3.12,QHY411-1,37.80,12,6800.70,6790.40,27582.00,14.22
hp3,L40S,47810.90,3.12,QHY411-3,151.20,8,27998.50,27993.10,28003.90,58.56
hp3,L40S,47810.90,3.12,QHY600-3,6.80,4,5612.90,5612.90,5613.10,11.74
hp3,L40S,47810.90,3.12,QHY600-4,15.30,8,8241.20,8237.20,8245.30,17.24
hp3,L40S,47810.90,3.12,iKon936-1,4.20,6,1718.40,1718.10,1718.40,3.59
hp3,L40S,47810.90,3.8,QHY411-1,37.80,12,7544.80,7544.80,31211.60,15.78
hp3,L40S,47810.90,3.8,QHY411-3,151.20,8,31005.80,31005.70,31006.00,64.85
hp3,L40S,47810.90,3.8,QHY600-3,6.80,4,5782.30,5782.30,5782.30,12.09
hp3,L40S,47810.90,3.8,QHY600-4,15.30,8,8507.70,8507.70,8507.70,17.79
hp3,L40S,47810.90,3.8,iKon936-1,4.20,6,2017.80,2017.80,2017.80,4.22
jetson_local,Orin,7989.50,3.12,QHY411-1,37.80,6,4662.20,4490.80,4833.60,58.35
jetson_local,Orin,7989.50,3.12,QHY600-3,6.80,4,4208.40,3577.00,4737.90,52.67
jetson_local,Orin,7989.50,3.12,QHY600-4,15.30,8,4203.80,3618.90,5119.00,52.62
jetson_local,Orin,7989.50,3.12,iKon936-1,4.20,8,2017.90,2017.80,2017.90,25.26
jetson_local,Orin,7989.50,3.8,QHY411-1,37.80,4,4833.60,4662.20,4833.60,60.50
jetson_local,Orin,7989.50,3.8,QHY600-3,6.80,2,4279.00,4176.20,4381.90,53.56
jetson_local,Orin,7989.50,3.8,iKon936-1,4.20,4,2017.80,2017.80,2017.80,25.26
lenovo,A100-SXM4-80GB,84987.70,3.12,QHY411-1,37.80,6,6800.70,6790.40,27582.00,8.00
lenovo,A100-SXM4-80GB,84987.70,3.12,QHY411-3,151.20,4,27998.50,27993.10,28003.90,32.94
lenovo,A100-SXM4-80GB,84987.70,3.12,QHY600-3,6.80,2,5613.10,5613.10,5613.10,6.60
lenovo,A100-SXM4-80GB,84987.70,3.12,QHY600-4,15.30,4,8241.20,8237.20,8245.30,9.70
lenovo,A100-SXM4-80GB,84987.70,3.12,iKon936-1,4.20,4,1718.20,1718.10,1718.60,2.02
lenovo,A100-SXM4-80GB,84987.70,3.8,QHY411-1,37.80,6,7544.80,7544.80,31211.60,8.88
lenovo,A100-SXM4-80GB,84987.70,3.8,QHY411-3,151.20,4,31005.80,31005.70,31006.00,36.48
lenovo,A100-SXM4-80GB,84987.70,3.8,QHY600-3,6.80,2,5782.30,5782.30,5782.30,6.80
lenovo,A100-SXM4-80GB,84987.70,3.8,QHY600-4,15.30,4,8507.70,8507.70,8507.70,10.01
lenovo,A100-SXM4-80GB,84987.70,3.8,iKon936-1,4.20,4,2017.80,2017.80,2017.80,2.37
local,GeForce RTX 3050 Ti Laptop GPU,3964.40,3.12,QHY411-1,37.80,8,3779.30,3773.80,3784.80,95.33
local,GeForce RTX 3050 Ti Laptop GPU,3964.40,3.12,iKon936-1,4.20,8,1718.20,1718.10,1718.60,43.34
local,GeForce RTX 3050 Ti Laptop GPU,3964.40,3.8,QHY411-1,37.80,8,3805.20,3805.20,3805.20,95.98
local,GeForce RTX 3050 Ti Laptop GPU,3964.40,3.8,QHY600-3,6.80,4,3678.80,3678.80,3678.80,92.80
local,GeForce RTX 3050 Ti Laptop GPU,3964.40,3.8,QHY600-4,15.30,8,3748.50,3748.50,3748.50,94.55
local,GeForce RTX 3050 Ti Laptop GPU,3964.40,3.8,iKon936-1,4.20,8,2017.80,2017.80,2017.80,50.90
ttt1,GeForce RTX 3060,12499.80,3.12,QHY411-1,37.80,8,6795.50,6790.40,6800.70,54.37
ttt1,GeForce RTX 3060,12499.80,3.12,QHY600-3,6.80,4,5613.00,5612.90,5613.10,44.90
ttt1,GeForce RTX 3060,12499.80,3.12,QHY600-4,15.30,8,8241.20,8237.20,8245.30,65.93
ttt1,GeForce RTX 3060,12499.80,3.12,iKon936-1,4.20,8,1718.30,1718.10,1718.60,13.75
ttt1,GeForce RTX 3060,12499.80,3.8,QHY411-1,37.80,12,7544.80,7544.80,13025.80,60.36
ttt1,GeForce RTX 3060,12499.80,3.8,QHY411-3,151.20,8,13025.80,13025.80,13025.80,104.21
ttt1,GeForce RTX 3060,12499.80,3.8,QHY600-3,6.80,4,5782.30,5782.30,5782.30,46.26
ttt1,GeForce RTX 3060,12499.80,3.8,QHY600-4,15.30,8,8507.70,8507.70,8507.70,68.06
ttt1,GeForce RTX 3060,12499.80,3.8,iKon936-1,4.20,8,2017.80,2017.80,2017.80,16.14
ttt_server,GeForce RTX 3090,25293.90,3.12,QHY411-1,37.80,7,6800.70,6790.40,6800.70,26.89
ttt_server,GeForce RTX 3090,25293.90,3.12,QHY411-3,151.20,1,23697.80,23697.80,23697.80,93.69
ttt_server,GeForce RTX 3090,25293.90,3.12,QHY600-3,6.80,4,5613.10,5612.90,5613.10,22.19
ttt_server,GeForce RTX 3090,25293.90,3.12,QHY600-4,15.30,7,8237.20,8237.20,8245.30,32.57
ttt_server,GeForce RTX 3090,25293.90,3.12,iKon936-1,4.20,8,1718.30,1718.10,1718.40,6.79
ttt_server,GeForce RTX 3090,25293.90,3.8,QHY411-1,37.80,10,7544.80,7544.80,23225.40,29.83
ttt_server,GeForce RTX 3090,25293.90,3.8,QHY411-3,151.20,2,23456.60,23456.60,23456.60,92.74
ttt_server,GeForce RTX 3090,25293.90,3.8,QHY600-3,6.80,4,5782.30,5782.30,5782.30,22.86
ttt_server,GeForce RTX 3090,25293.90,3.8,QHY600-4,15.30,8,8507.70,8507.70,8507.70,33.64
ttt_server,GeForce RTX 3090,25293.90,3.8,iKon936-1,4.20,8,2017.80,2017.80,2017.80,7.98
