gpu_name,gpu_short,pyver,image_size,megapixels,median_time_s,n_timing,median_peak_MB,n_memory,gpu_total_MB,machine
NVIDIA A100-SXM4-80GB,A100-SXM4-80GB,3.12,2048x2048,4.20,5.73,24.00,1718.20,4.00,84987.70,lenovo
NVIDIA A100-SXM4-80GB,A100-SXM4-80GB,3.8,2048x2048,4.20,4.16,24.00,2017.80,4.00,84987.70,lenovo
NVIDIA H100 PCIe,H100 PCIe,3.12,2048x2048,4.20,8.45,24.00,1718.20,8.00,85045.50,azken
NVIDIA H100 PCIe,H100 PCIe,3.8,2048x2048,4.20,3.56,24.00,2017.80,2.00,85045.50,azken
NVIDIA L40S,L40S,3.12,2048x2048,4.20,6.14,39.00,1718.40,6.00,47810.90,hp3
NVIDIA L40S,L40S,3.8,2048x2048,4.20,4.10,39.00,2017.80,6.00,47810.90,hp3
Orin,Orin,3.12,2048x2048,4.20,,,2017.90,8.00,7989.50,jetson_local
Orin,Orin,3.8,2048x2048,4.20,,,2017.80,4.00,7989.50,jetson_local
Orin (nvgpu),Orin (nvgpu),3.10,2048x2048,4.20,20.60,12.00,,,,
Orin (nvgpu),Orin (nvgpu),3.12,2048x2048,4.20,23.65,24.00,,,,
NVIDIA GeForce RTX 3050 Ti Laptop GPU,RTX 3050 Ti Laptop GPU,3.12,2048x2048,4.20,47.53,24.00,1718.20,8.00,3964.40,local
NVIDIA GeForce RTX 3050 Ti Laptop GPU,RTX 3050 Ti Laptop GPU,3.8,2048x2048,4.20,42.77,30.00,2017.80,8.00,3964.40,local
NVIDIA GeForce RTX 3060,RTX 3060,3.12,2048x2048,4.20,7.41,24.00,1718.30,8.00,12499.80,ttt1
NVIDIA GeForce RTX 3060,RTX 3060,3.8,2048x2048,4.20,5.35,24.00,2017.80,8.00,12499.80,ttt1
NVIDIA GeForce RTX 3090,RTX 3090,3.12,2048x2048,4.20,9.95,23.00,1718.30,8.00,25293.90,ttt_server
NVIDIA GeForce RTX 3090,RTX 3090,3.8,2048x2048,4.20,7.11,23.00,2017.80,8.00,25293.90,ttt_server
NVIDIA A100-SXM4-80GB,A100-SXM4-80GB,3.12,3191x2129,6.80,5.17,12.00,5613.10,2.00,84987.70,lenovo
NVIDIA A100-SXM4-80GB,A100-SXM4-80GB,3.8,3191x2129,6.80,3.95,12.00,5782.30,2.00,84987.70,lenovo
NVIDIA H100 PCIe,H100 PCIe,3.12,3191x2129,6.80,7.71,12.00,5612.90,4.00,85045.50,azken
NVIDIA H100 PCIe,H100 PCIe,3.8,3191x2129,6.80,3.33,12.00,5782.30,2.00,85045.50,azken
NVIDIA L40S,L40S,3.12,3191x2129,6.80,5.97,27.00,5612.90,4.00,47810.90,hp3
NVIDIA L40S,L40S,3.8,3191x2129,6.80,4.24,27.00,5782.30,4.00,47810.90,hp3
Orin,Orin,3.12,3191x2129,6.80,,,4208.40,4.00,7989.50,jetson_local
Orin,Orin,3.8,3191x2129,6.80,,,4279.00,2.00,7989.50,jetson_local
NVIDIA GeForce RTX 3050 Ti Laptop GPU,RTX 3050 Ti Laptop GPU,3.8,3191x2129,6.80,,,3678.80,4.00,3964.40,local
NVIDIA GeForce RTX 3060,RTX 3060,3.12,3191x2129,6.80,7.39,12.00,5613.00,4.00,12499.80,ttt1
NVIDIA GeForce RTX 3060,RTX 3060,3.8,3191x2129,6.80,5.71,12.00,5782.30,4.00,12499.80,ttt1
NVIDIA GeForce RTX 3090,RTX 3090,3.12,3191x2129,6.80,9.62,12.00,5613.10,4.00,25293.90,ttt_server
NVIDIA GeForce RTX 3090,RTX 3090,3.8,3191x2129,6.80,7.87,12.00,5782.30,4.00,25293.90,ttt_server
NVIDIA A100-SXM4-80GB,A100-SXM4-80GB,3.12,4787x3193,15.30,10.81,24.00,8241.20,4.00,84987.70,lenovo
NVIDIA A100-SXM4-80GB,A100-SXM4-80GB,3.8,4787x3193,15.30,8.39,24.00,8507.70,4.00,84987.70,lenovo
NVIDIA H100 PCIe,H100 PCIe,3.12,4787x3193,15.30,10.78,24.00,8300.00,8.00,85045.50,azken
NVIDIA H100 PCIe,H100 PCIe,3.8,4787x3193,15.30,7.47,24.00,8566.50,4.00,85045.50,azken
NVIDIA L40S,L40S,3.12,4787x3193,15.30,11.37,54.00,8241.20,8.00,47810.90,hp3
NVIDIA L40S,L40S,3.8,4787x3193,15.30,12.46,48.00,8507.70,8.00,47810.90,hp3
Orin,Orin,3.12,4787x3193,15.30,,,4203.80,8.00,7989.50,jetson_local
NVIDIA GeForce RTX 3050 Ti Laptop GPU,RTX 3050 Ti Laptop GPU,3.8,4787x3193,15.30,,,3748.50,8.00,3964.40,local
NVIDIA GeForce RTX 3060,RTX 3060,3.12,4787x3193,15.30,20.05,24.00,8241.20,8.00,12499.80,ttt1
NVIDIA GeForce RTX 3060,RTX 3060,3.8,4787x3193,15.30,15.36,24.00,8507.70,8.00,12499.80,ttt1
NVIDIA GeForce RTX 3090,RTX 3090,3.12,4787x3193,15.30,17.45,23.00,8237.20,7.00,25293.90,ttt_server
NVIDIA GeForce RTX 3090,RTX 3090,3.8,4787x3193,15.30,15.46,24.00,8507.70,8.00,25293.90,ttt_server
NVIDIA A100-SXM4-80GB,A100-SXM4-80GB,3.12,7100x5325,37.80,14.85,24.00,6800.70,6.00,84987.70,lenovo
NVIDIA A100-SXM4-80GB,A100-SXM4-80GB,3.8,7100x5325,37.80,10.35,24.00,7544.80,6.00,84987.70,lenovo
NVIDIA H100 PCIe,H100 PCIe,3.12,7100x5325,37.80,8.67,24.00,6849.10,8.00,85045.50,azken
NVIDIA H100 PCIe,H100 PCIe,3.8,7100x5325,37.80,10.00,24.00,7603.50,6.00,85045.50,azken
NVIDIA L40S,L40S,3.12,7100x5325,37.80,16.41,54.00,6800.70,12.00,47810.90,hp3
NVIDIA L40S,L40S,3.8,7100x5325,37.80,14.14,31.00,7544.80,12.00,47810.90,hp3
Orin,Orin,3.12,7100x5325,37.80,,,4662.20,6.00,7989.50,jetson_local
Orin,Orin,3.8,7100x5325,37.80,,,4833.60,4.00,7989.50,jetson_local
NVIDIA GeForce RTX 3050 Ti Laptop GPU,RTX 3050 Ti Laptop GPU,3.12,7100x5325,37.80,,,3779.30,8.00,3964.40,local
NVIDIA GeForce RTX 3050 Ti Laptop GPU,RTX 3050 Ti Laptop GPU,3.8,7100x5325,37.80,,,3805.20,8.00,3964.40,local
NVIDIA GeForce RTX 3060,RTX 3060,3.12,7100x5325,37.80,27.44,24.00,6795.50,8.00,12499.80,ttt1
NVIDIA GeForce RTX 3060,RTX 3060,3.8,7100x5325,37.80,23.06,24.00,7544.80,12.00,12499.80,ttt1
NVIDIA GeForce RTX 3090,RTX 3090,3.12,7100x5325,37.80,22.82,24.00,6800.70,7.00,25293.90,ttt_server
NVIDIA GeForce RTX 3090,RTX 3090,3.8,7100x5325,37.80,21.02,24.00,7544.80,10.00,25293.90,ttt_server
NVIDIA A100-SXM4-80GB,A100-SXM4-80GB,3.12,14200x10650,151.20,84.46,36.00,27998.50,4.00,84987.70,lenovo
NVIDIA A100-SXM4-80GB,A100-SXM4-80GB,3.8,14200x10650,151.20,63.64,42.00,31005.80,4.00,84987.70,lenovo
NVIDIA H100 PCIe,H100 PCIe,3.12,14200x10650,151.20,51.51,36.00,28051.80,1.00,85045.50,azken
NVIDIA H100 PCIe,H100 PCIe,3.8,14200x10650,151.20,34.59,36.00,31064.60,4.00,85045.50,azken
NVIDIA L40S,L40S,3.12,14200x10650,151.20,86.51,81.00,27998.50,8.00,47810.90,hp3
NVIDIA L40S,L40S,3.8,14200x10650,151.20,67.80,42.00,31005.80,8.00,47810.90,hp3
NVIDIA GeForce RTX 3060,RTX 3060,3.8,14200x10650,151.20,,,13025.80,8.00,12499.80,ttt1
NVIDIA GeForce RTX 3090,RTX 3090,3.12,14200x10650,151.20,,,23697.80,1.00,25293.90,ttt_server
NVIDIA GeForce RTX 3090,RTX 3090,3.8,14200x10650,151.20,,,23456.60,2.00,25293.90,ttt_server
