profiler_label,gpu_label,image_label,status,n_attempts,n_ok,n_oom,detail
py312_cuml_adaptive,A100 (80 GB),QHY411-1_Lum_bin2,measured,50,50,0,
py312_cuml_adaptive,A100 (80 GB),QHY411-1_Lum_full,measured,50,50,0,
py312_cuml_adaptive,A100 (80 GB),QHY411-1_SDSSg_2k,measured,100,100,0,
py312_cuml_adaptive,A100 (80 GB),QHY411-1_SDSSi_bin2,measured,50,50,0,
py312_cuml_adaptive,A100 (80 GB),QHY411-1_SDSSr_7k,measured,50,50,0,
py312_cuml_adaptive,A100 (80 GB),QHY411-3_Lum_131k,measured,75,75,0,
py312_cuml_adaptive,A100 (80 GB),QHY411-3_Lum_full,measured,50,50,0,
py312_cuml_adaptive,A100 (80 GB),QHY411-3_SDSSg_10k,measured,50,50,0,
py312_cuml_adaptive,A100 (80 GB),QHY411-3_SDSSr_19k,measured,50,50,0,
py312_cuml_adaptive,A100 (80 GB),QHY411-3_SDSSr_full,measured,50,49,0,
py312_cuml_adaptive,A100 (80 GB),QHY600-3_Lum,measured,50,50,0,
py312_cuml_adaptive,A100 (80 GB),QHY600-3_SDSSi_2k,measured,150,150,0,
py312_cuml_adaptive,A100 (80 GB),QHY600-4_Ha,measured,50,50,0,
py312_cuml_adaptive,A100 (80 GB),QHY600-4_Lum_2k,measured,50,50,0,
py312_cuml_adaptive,A100 (80 GB),QHY600-4_SDSSg,measured,50,50,0,
py312_cuml_adaptive,A100 (80 GB),QHY600-4_SDSSg_4k,measured,50,50,0,
py312_cuml_adaptive,A100 (80 GB),QHY600-4_SDSSi_10k,measured,50,50,0,
py312_cuml_adaptive,A100 (80 GB),iKon936_Lum,measured,50,50,0,
py312_cuml_adaptive,A100 (80 GB),iKon936_SDSSg,measured,64,64,0,
py312_cuml_adaptive,H100 (80 GB),QHY411-1_Lum_bin2,measured,50,50,0,
py312_cuml_adaptive,H100 (80 GB),QHY411-1_Lum_full,measured,50,50,0,
py312_cuml_adaptive,H100 (80 GB),QHY411-1_SDSSg_2k,measured,100,100,0,
py312_cuml_adaptive,H100 (80 GB),QHY411-1_SDSSi_bin2,measured,50,50,0,
py312_cuml_adaptive,H100 (80 GB),QHY411-1_SDSSr_7k,measured,50,50,0,
py312_cuml_adaptive,H100 (80 GB),QHY411-3_Lum_131k,measured,100,98,0,
py312_cuml_adaptive,H100 (80 GB),QHY411-3_Lum_full,measured,114,114,0,
py312_cuml_adaptive,H100 (80 GB),QHY411-3_SDSSg_10k,measured,100,97,0,
py312_cuml_adaptive,H100 (80 GB),QHY411-3_SDSSr_19k,measured,99,99,0,
py312_cuml_adaptive,H100 (80 GB),QHY411-3_SDSSr_full,measured,114,114,0,
py312_cuml_adaptive,H100 (80 GB),QHY600-3_Lum,measured,50,50,0,
py312_cuml_adaptive,H100 (80 GB),QHY600-3_SDSSi_2k,measured,150,150,0,
py312_cuml_adaptive,H100 (80 GB),QHY600-4_Ha,measured,50,50,0,
py312_cuml_adaptive,H100 (80 GB),QHY600-4_Lum_2k,measured,50,50,0,
py312_cuml_adaptive,H100 (80 GB),QHY600-4_SDSSg,measured,50,50,0,
py312_cuml_adaptive,H100 (80 GB),QHY600-4_SDSSg_4k,measured,50,50,0,
py312_cuml_adaptive,H100 (80 GB),QHY600-4_SDSSi_10k,measured,50,50,0,
py312_cuml_adaptive,H100 (80 GB),iKon936_Lum,measured,50,50,0,
py312_cuml_adaptive,H100 (80 GB),iKon936_SDSSg,measured,50,50,0,
py312_cuml_adaptive,L40S (48 GB),QHY411-1_Lum_bin2,measured,50,50,0,
py312_cuml_adaptive,L40S (48 GB),QHY411-1_Lum_full,measured,50,50,0,
py312_cuml_adaptive,L40S (48 GB),QHY411-1_SDSSg_2k,measured,100,100,0,
py312_cuml_adaptive,L40S (48 GB),QHY411-1_SDSSi_bin2,measured,50,50,0,
py312_cuml_adaptive,L40S (48 GB),QHY411-1_SDSSr_7k,measured,50,50,0,
py312_cuml_adaptive,L40S (48 GB),QHY411-3_Lum_131k,measured,139,139,0,
py312_cuml_adaptive,L40S (48 GB),QHY411-3_Lum_full,measured,64,64,0,
py312_cuml_adaptive,L40S (48 GB),QHY411-3_SDSSg_10k,measured,50,50,0,
py312_cuml_adaptive,L40S (48 GB),QHY411-3_SDSSr_19k,measured,50,50,0,
py312_cuml_adaptive,L40S (48 GB),QHY411-3_SDSSr_full,measured,64,64,0,
py312_cuml_adaptive,L40S (48 GB),QHY600-3_Lum,measured,50,50,0,
py312_cuml_adaptive,L40S (48 GB),QHY600-3_SDSSi_2k,measured,150,150,0,
py312_cuml_adaptive,L40S (48 GB),QHY600-4_Ha,measured,50,50,0,
py312_cuml_adaptive,L40S (48 GB),QHY600-4_Lum_2k,measured,50,50,0,
py312_cuml_adaptive,L40S (48 GB),QHY600-4_SDSSg,measured,50,50,0,
py312_cuml_adaptive,L40S (48 GB),QHY600-4_SDSSg_4k,measured,50,50,0,
py312_cuml_adaptive,L40S (48 GB),QHY600-4_SDSSi_10k,measured,50,50,0,
py312_cuml_adaptive,L40S (48 GB),iKon936_Lum,measured,50,50,0,
py312_cuml_adaptive,L40S (48 GB),iKon936_SDSSg,measured,50,50,0,
py312_cuml_adaptive,Orin Super (8 GB),QHY600-3_Lum,oom,27,0,26,"Out of memory allocating 235,129,856 bytes (allocated so far: 6,132,764,160 bytes)."
py312_cuml_adaptive,Orin Super (8 GB),iKon936_Lum,measured,78,78,0,
py312_cuml_adaptive,Orin Super (8 GB),iKon936_SDSSg,measured,78,78,0,
py312_cuml_adaptive,RTX 3050 Ti (4 GB),QHY411-1_Lum_bin2,oom,4,0,4,std::bad_alloc: out_of_memory: CUDA error at: /tmp/pip-build-env-5zssyks7/normal/lib/python3.12/site-packages/librmm/inc
py312_cuml_adaptive,RTX 3050 Ti (4 GB),QHY411-1_Lum_full,oom,4,0,4,std::bad_alloc: out_of_memory: CUDA error at: /tmp/pip-build-env-5zssyks7/normal/lib/python3.12/site-packages/librmm/inc
py312_cuml_adaptive,RTX 3050 Ti (4 GB),QHY411-1_SDSSi_bin2,oom,4,0,4,std::bad_alloc: out_of_memory: CUDA error at: /tmp/pip-build-env-5zssyks7/normal/lib/python3.12/site-packages/librmm/inc
py312_cuml_adaptive,RTX 3050 Ti (4 GB),QHY411-3_Lum_full,oom,4,0,4,std::bad_alloc: out_of_memory: CUDA error at: /tmp/pip-build-env-5zssyks7/normal/lib/python3.12/site-packages/librmm/inc
py312_cuml_adaptive,RTX 3050 Ti (4 GB),QHY411-3_SDSSr_full,oom,4,0,4,std::bad_alloc: out_of_memory: CUDA error at: /tmp/pip-build-env-5zssyks7/normal/lib/python3.12/site-packages/librmm/inc
py312_cuml_adaptive,RTX 3050 Ti (4 GB),QHY600-3_Lum,oom,4,0,4,std::bad_alloc: out_of_memory: CUDA error at: /tmp/pip-build-env-5zssyks7/normal/lib/python3.12/site-packages/librmm/inc
py312_cuml_adaptive,RTX 3050 Ti (4 GB),QHY600-3_SDSSi_2k,oom,15,0,15,std::bad_alloc: out_of_memory: CUDA error at: /tmp/pip-build-env-5zssyks7/normal/lib/python3.12/site-packages/librmm/inc
py312_cuml_adaptive,RTX 3050 Ti (4 GB),QHY600-4_Ha,oom,4,0,4,std::bad_alloc: out_of_memory: CUDA error at: /tmp/pip-build-env-5zssyks7/normal/lib/python3.12/site-packages/librmm/inc
py312_cuml_adaptive,RTX 3050 Ti (4 GB),QHY600-4_SDSSg,oom,4,0,4,std::bad_alloc: out_of_memory: CUDA error at: /tmp/pip-build-env-5zssyks7/normal/lib/python3.12/site-packages/librmm/inc
py312_cuml_adaptive,RTX 3050 Ti (4 GB),iKon936_Lum,measured,65,65,0,
py312_cuml_adaptive,RTX 3050 Ti (4 GB),iKon936_SDSSg,measured,65,65,0,
py312_cuml_adaptive,RTX 3060 (12 GB),QHY411-1_Lum_bin2,measured,50,50,0,
py312_cuml_adaptive,RTX 3060 (12 GB),QHY411-1_Lum_full,oom,2,0,2,cudaErrorMemoryAllocation: out of memory
py312_cuml_adaptive,RTX 3060 (12 GB),QHY411-1_SDSSg_2k,measured,104,100,4,
py312_cuml_adaptive,RTX 3060 (12 GB),QHY411-1_SDSSi_bin2,measured,50,50,0,
py312_cuml_adaptive,RTX 3060 (12 GB),QHY411-1_SDSSr_7k,measured,52,50,2,
py312_cuml_adaptive,RTX 3060 (12 GB),QHY411-3_Lum_full,oom,2,0,2,cudaErrorMemoryAllocation: out of memory
py312_cuml_adaptive,RTX 3060 (12 GB),QHY411-3_SDSSr_full,oom,2,0,2,cudaErrorMemoryAllocation: out of memory
py312_cuml_adaptive,RTX 3060 (12 GB),QHY600-3_Lum,measured,50,50,0,
py312_cuml_adaptive,RTX 3060 (12 GB),QHY600-3_SDSSi_2k,measured,207,187,17,
py312_cuml_adaptive,RTX 3060 (12 GB),QHY600-4_Ha,measured,51,51,0,
py312_cuml_adaptive,RTX 3060 (12 GB),QHY600-4_Lum_2k,measured,61,59,2,
py312_cuml_adaptive,RTX 3060 (12 GB),QHY600-4_SDSSg,measured,48,48,0,
py312_cuml_adaptive,RTX 3060 (12 GB),QHY600-4_SDSSg_4k,measured,52,50,2,
py312_cuml_adaptive,RTX 3060 (12 GB),QHY600-4_SDSSi_10k,measured,52,50,2,
py312_cuml_adaptive,RTX 3060 (12 GB),iKon936_Lum,measured,50,50,0,
py312_cuml_adaptive,RTX 3060 (12 GB),iKon936_SDSSg,measured,50,50,0,
py312_cuml_adaptive,RTX 3090 (24 GB),QHY411-1_Lum_bin2,measured,78,63,0,
py312_cuml_adaptive,RTX 3090 (24 GB),QHY411-1_Lum_full,oom,8,0,4,std::bad_alloc: out_of_memory: CUDA error at: /pyenv/versions/3.12.9/lib/python3.12/site-packages/librmm/include/rmm/mr/
py312_cuml_adaptive,RTX 3090 (24 GB),QHY411-1_SDSSg_2k,measured,201,176,0,
py312_cuml_adaptive,RTX 3090 (24 GB),QHY411-1_SDSSi_bin2,measured,83,75,0,
py312_cuml_adaptive,RTX 3090 (24 GB),QHY411-1_SDSSr_7k,measured,80,71,0,
py312_cuml_adaptive,RTX 3090 (24 GB),QHY411-3_Lum_131k,oom_host,9,0,0,"pinned host memory starved (MemFree 750-920 MB, VRAM peak 264 MB of 24,576); instrumented shot 2026-08-30, data/raw/probe_rtx3090_host_memory.csv + tiro_3090_traceback.txt"
py312_cuml_adaptive,RTX 3090 (24 GB),QHY411-3_Lum_full,oom_host,9,0,0,"pinned host memory starved (MemFree 750-920 MB, VRAM peak 264 MB of 24,576); instrumented shot 2026-08-30, data/raw/probe_rtx3090_host_memory.csv + tiro_3090_traceback.txt"
py312_cuml_adaptive,RTX 3090 (24 GB),QHY411-3_SDSSg_10k,oom_host,8,0,0,"pinned host memory starved (MemFree 750-920 MB, VRAM peak 264 MB of 24,576); instrumented shot 2026-08-30, data/raw/probe_rtx3090_host_memory.csv + tiro_3090_traceback.txt"
py312_cuml_adaptive,RTX 3090 (24 GB),QHY411-3_SDSSr_19k,oom_host,7,0,0,"pinned host memory starved (MemFree 750-920 MB, VRAM peak 264 MB of 24,576); instrumented shot 2026-08-30, data/raw/probe_rtx3090_host_memory.csv + tiro_3090_traceback.txt"
py312_cuml_adaptive,RTX 3090 (24 GB),QHY411-3_SDSSr_full,oom_host,7,0,0,"pinned host memory starved (MemFree 750-920 MB, VRAM peak 264 MB of 24,576); instrumented shot 2026-08-30, data/raw/probe_rtx3090_host_memory.csv + tiro_3090_traceback.txt"
py312_cuml_adaptive,RTX 3090 (24 GB),QHY600-3_Lum,measured,145,119,0,
py312_cuml_adaptive,RTX 3090 (24 GB),QHY600-3_SDSSi_2k,measured,332,290,0,
py312_cuml_adaptive,RTX 3090 (24 GB),QHY600-4_Ha,measured,135,122,0,
py312_cuml_adaptive,RTX 3090 (24 GB),QHY600-4_Lum_2k,measured,133,115,0,
py312_cuml_adaptive,RTX 3090 (24 GB),QHY600-4_SDSSg,measured,139,120,0,
py312_cuml_adaptive,RTX 3090 (24 GB),QHY600-4_SDSSg_4k,measured,133,102,0,
py312_cuml_adaptive,RTX 3090 (24 GB),QHY600-4_SDSSi_10k,measured,134,113,0,
py312_cuml_adaptive,RTX 3090 (24 GB),iKon936_Lum,measured,142,107,0,
py312_cuml_adaptive,RTX 3090 (24 GB),iKon936_SDSSg,measured,164,131,0,
py312_cuml_always,A100 (80 GB),QHY411-1_Lum_bin2,measured,50,50,0,
py312_cuml_always,A100 (80 GB),QHY411-1_Lum_full,measured,50,49,0,
py312_cuml_always,A100 (80 GB),QHY411-1_SDSSg_2k,measured,100,100,0,
py312_cuml_always,A100 (80 GB),QHY411-1_SDSSi_bin2,measured,50,50,0,
py312_cuml_always,A100 (80 GB),QHY411-1_SDSSr_7k,measured,50,50,0,
py312_cuml_always,A100 (80 GB),QHY411-3_Lum_131k,measured,74,74,0,
py312_cuml_always,A100 (80 GB),QHY411-3_Lum_full,measured,50,50,0,
py312_cuml_always,A100 (80 GB),QHY411-3_SDSSg_10k,measured,50,49,0,
py312_cuml_always,A100 (80 GB),QHY411-3_SDSSr_19k,measured,50,50,0,
py312_cuml_always,A100 (80 GB),QHY411-3_SDSSr_full,measured,50,50,0,
py312_cuml_always,A100 (80 GB),QHY600-3_Lum,measured,50,50,0,
py312_cuml_always,A100 (80 GB),QHY600-3_SDSSi_2k,measured,150,150,0,
py312_cuml_always,A100 (80 GB),QHY600-4_Ha,measured,50,50,0,
py312_cuml_always,A100 (80 GB),QHY600-4_Lum_2k,measured,50,50,0,
py312_cuml_always,A100 (80 GB),QHY600-4_SDSSg,measured,50,50,0,
py312_cuml_always,A100 (80 GB),QHY600-4_SDSSg_4k,measured,50,50,0,
py312_cuml_always,A100 (80 GB),QHY600-4_SDSSi_10k,measured,50,50,0,
py312_cuml_always,A100 (80 GB),iKon936_Lum,measured,50,50,0,
py312_cuml_always,A100 (80 GB),iKon936_SDSSg,measured,89,89,0,
py312_cuml_always,H100 (80 GB),QHY411-1_Lum_bin2,measured,50,50,0,
py312_cuml_always,H100 (80 GB),QHY411-1_Lum_full,measured,50,50,0,
py312_cuml_always,H100 (80 GB),QHY411-1_SDSSg_2k,measured,100,100,0,
py312_cuml_always,H100 (80 GB),QHY411-1_SDSSi_bin2,measured,50,50,0,
py312_cuml_always,H100 (80 GB),QHY411-1_SDSSr_7k,measured,50,50,0,
py312_cuml_always,H100 (80 GB),QHY411-3_Lum_131k,measured,50,50,0,
py312_cuml_always,H100 (80 GB),QHY411-3_Lum_full,measured,64,64,0,
py312_cuml_always,H100 (80 GB),QHY411-3_SDSSg_10k,measured,48,48,0,
py312_cuml_always,H100 (80 GB),QHY411-3_SDSSr_19k,measured,50,50,0,
py312_cuml_always,H100 (80 GB),QHY411-3_SDSSr_full,measured,64,64,0,
py312_cuml_always,H100 (80 GB),QHY600-3_Lum,measured,50,50,0,
py312_cuml_always,H100 (80 GB),QHY600-3_SDSSi_2k,measured,150,150,0,
py312_cuml_always,H100 (80 GB),QHY600-4_Ha,measured,50,50,0,
py312_cuml_always,H100 (80 GB),QHY600-4_Lum_2k,measured,50,50,0,
py312_cuml_always,H100 (80 GB),QHY600-4_SDSSg,measured,50,50,0,
py312_cuml_always,H100 (80 GB),QHY600-4_SDSSg_4k,measured,50,50,0,
py312_cuml_always,H100 (80 GB),QHY600-4_SDSSi_10k,measured,50,50,0,
py312_cuml_always,H100 (80 GB),iKon936_Lum,measured,50,50,0,
py312_cuml_always,H100 (80 GB),iKon936_SDSSg,measured,50,50,0,
py312_cuml_always,L40S (48 GB),QHY411-1_Lum_bin2,measured,50,50,0,
py312_cuml_always,L40S (48 GB),QHY411-1_Lum_full,measured,50,50,0,
py312_cuml_always,L40S (48 GB),QHY411-1_SDSSg_2k,measured,111,111,0,
py312_cuml_always,L40S (48 GB),QHY411-1_SDSSi_bin2,measured,50,50,0,
py312_cuml_always,L40S (48 GB),QHY411-1_SDSSr_7k,measured,50,50,0,
py312_cuml_always,L40S (48 GB),QHY411-3_Lum_131k,measured,64,64,0,
py312_cuml_always,L40S (48 GB),QHY411-3_Lum_full,measured,155,155,0,
py312_cuml_always,L40S (48 GB),QHY411-3_SDSSg_10k,measured,50,50,0,
py312_cuml_always,L40S (48 GB),QHY411-3_SDSSr_19k,measured,50,50,0,
py312_cuml_always,L40S (48 GB),QHY411-3_SDSSr_full,measured,155,155,0,
py312_cuml_always,L40S (48 GB),QHY600-3_Lum,measured,50,50,0,
py312_cuml_always,L40S (48 GB),QHY600-3_SDSSi_2k,measured,150,150,0,
py312_cuml_always,L40S (48 GB),QHY600-4_Ha,measured,50,50,0,
py312_cuml_always,L40S (48 GB),QHY600-4_Lum_2k,measured,50,50,0,
py312_cuml_always,L40S (48 GB),QHY600-4_SDSSg,measured,50,50,0,
py312_cuml_always,L40S (48 GB),QHY600-4_SDSSg_4k,measured,50,50,0,
py312_cuml_always,L40S (48 GB),QHY600-4_SDSSi_10k,measured,50,50,0,
py312_cuml_always,L40S (48 GB),iKon936_Lum,measured,50,50,0,
py312_cuml_always,L40S (48 GB),iKon936_SDSSg,measured,50,50,0,
py312_cuml_always,RTX 3050 Ti (4 GB),QHY411-1_Lum_bin2,oom,4,0,4,std::bad_alloc: out_of_memory: CUDA error at: /tmp/pip-build-env-5zssyks7/normal/lib/python3.12/site-packages/librmm/inc
py312_cuml_always,RTX 3050 Ti (4 GB),QHY411-1_Lum_full,oom,4,0,4,std::bad_alloc: out_of_memory: CUDA error at: /tmp/pip-build-env-5zssyks7/normal/lib/python3.12/site-packages/librmm/inc
py312_cuml_always,RTX 3050 Ti (4 GB),QHY411-1_SDSSi_bin2,oom,4,0,4,std::bad_alloc: out_of_memory: CUDA error at: /tmp/pip-build-env-5zssyks7/normal/lib/python3.12/site-packages/librmm/inc
py312_cuml_always,RTX 3050 Ti (4 GB),QHY411-3_Lum_full,oom,4,0,4,std::bad_alloc: out_of_memory: CUDA error at: /tmp/pip-build-env-5zssyks7/normal/lib/python3.12/site-packages/librmm/inc
py312_cuml_always,RTX 3050 Ti (4 GB),QHY411-3_SDSSr_full,oom,4,0,4,std::bad_alloc: out_of_memory: CUDA error at: /tmp/pip-build-env-5zssyks7/normal/lib/python3.12/site-packages/librmm/inc
py312_cuml_always,RTX 3050 Ti (4 GB),QHY600-3_Lum,oom,4,0,4,std::bad_alloc: out_of_memory: CUDA error at: /tmp/pip-build-env-5zssyks7/normal/lib/python3.12/site-packages/librmm/inc
py312_cuml_always,RTX 3050 Ti (4 GB),QHY600-3_SDSSi_2k,oom,15,0,15,std::bad_alloc: out_of_memory: CUDA error at: /tmp/pip-build-env-5zssyks7/normal/lib/python3.12/site-packages/librmm/inc
py312_cuml_always,RTX 3050 Ti (4 GB),QHY600-4_Ha,oom,4,0,4,std::bad_alloc: out_of_memory: CUDA error at: /tmp/pip-build-env-5zssyks7/normal/lib/python3.12/site-packages/librmm/inc
py312_cuml_always,RTX 3050 Ti (4 GB),QHY600-4_SDSSg,oom,4,0,4,std::bad_alloc: out_of_memory: CUDA error at: /tmp/pip-build-env-5zssyks7/normal/lib/python3.12/site-packages/librmm/inc
py312_cuml_always,RTX 3050 Ti (4 GB),iKon936_Lum,measured,65,65,0,
py312_cuml_always,RTX 3050 Ti (4 GB),iKon936_SDSSg,measured,65,65,0,
py312_cuml_always,RTX 3060 (12 GB),QHY411-1_Lum_bin2,measured,52,50,2,
py312_cuml_always,RTX 3060 (12 GB),QHY411-1_Lum_full,oom,2,0,2,cudaErrorMemoryAllocation: out of memory
py312_cuml_always,RTX 3060 (12 GB),QHY411-1_SDSSg_2k,measured,104,100,4,
py312_cuml_always,RTX 3060 (12 GB),QHY411-1_SDSSi_bin2,measured,52,50,2,
py312_cuml_always,RTX 3060 (12 GB),QHY411-1_SDSSr_7k,measured,51,49,2,
py312_cuml_always,RTX 3060 (12 GB),QHY411-3_Lum_full,oom,2,0,2,cudaErrorMemoryAllocation: out of memory
py312_cuml_always,RTX 3060 (12 GB),QHY411-3_SDSSr_full,oom,2,0,2,cudaErrorMemoryAllocation: out of memory
py312_cuml_always,RTX 3060 (12 GB),QHY600-3_Lum,measured,52,50,2,
py312_cuml_always,RTX 3060 (12 GB),QHY600-3_SDSSi_2k,measured,157,150,6,
py312_cuml_always,RTX 3060 (12 GB),QHY600-4_Ha,measured,52,50,2,
py312_cuml_always,RTX 3060 (12 GB),QHY600-4_Lum_2k,measured,52,50,2,
py312_cuml_always,RTX 3060 (12 GB),QHY600-4_SDSSg,measured,52,50,2,
py312_cuml_always,RTX 3060 (12 GB),QHY600-4_SDSSg_4k,measured,52,50,2,
py312_cuml_always,RTX 3060 (12 GB),QHY600-4_SDSSi_10k,measured,52,50,2,
py312_cuml_always,RTX 3060 (12 GB),iKon936_Lum,measured,52,50,2,
py312_cuml_always,RTX 3060 (12 GB),iKon936_SDSSg,measured,52,50,2,
py312_cuml_always,RTX 3090 (24 GB),QHY411-1_Lum_bin2,measured,78,68,0,
py312_cuml_always,RTX 3090 (24 GB),QHY411-1_Lum_full,oom,7,0,4,std::bad_alloc: out_of_memory: CUDA error at: /pyenv/versions/3.12.9/lib/python3.12/site-packages/librmm/include/rmm/mr/
py312_cuml_always,RTX 3090 (24 GB),QHY411-1_SDSSg_2k,measured,179,165,0,
py312_cuml_always,RTX 3090 (24 GB),QHY411-1_SDSSi_bin2,measured,76,68,0,
py312_cuml_always,RTX 3090 (24 GB),QHY411-1_SDSSr_7k,measured,62,51,0,
py312_cuml_always,RTX 3090 (24 GB),QHY411-3_Lum_131k,oom_host,6,0,0,"pinned host memory starved (MemFree 750-920 MB, VRAM peak 264 MB of 24,576); instrumented shot 2026-08-30, data/raw/probe_rtx3090_host_memory.csv + tiro_3090_traceback.txt"
py312_cuml_always,RTX 3090 (24 GB),QHY411-3_Lum_full,oom_host,8,0,0,"pinned host memory starved (MemFree 750-920 MB, VRAM peak 264 MB of 24,576); instrumented shot 2026-08-30, data/raw/probe_rtx3090_host_memory.csv + tiro_3090_traceback.txt"
py312_cuml_always,RTX 3090 (24 GB),QHY411-3_SDSSg_10k,oom_host,5,0,0,"pinned host memory starved (MemFree 750-920 MB, VRAM peak 264 MB of 24,576); instrumented shot 2026-08-30, data/raw/probe_rtx3090_host_memory.csv + tiro_3090_traceback.txt"
py312_cuml_always,RTX 3090 (24 GB),QHY411-3_SDSSr_19k,oom_host,6,0,0,"pinned host memory starved (MemFree 750-920 MB, VRAM peak 264 MB of 24,576); instrumented shot 2026-08-30, data/raw/probe_rtx3090_host_memory.csv + tiro_3090_traceback.txt"
py312_cuml_always,RTX 3090 (24 GB),QHY411-3_SDSSr_full,oom_host,8,0,0,"pinned host memory starved (MemFree 750-920 MB, VRAM peak 264 MB of 24,576); instrumented shot 2026-08-30, data/raw/probe_rtx3090_host_memory.csv + tiro_3090_traceback.txt"
py312_cuml_always,RTX 3090 (24 GB),QHY600-3_Lum,measured,110,85,0,
py312_cuml_always,RTX 3090 (24 GB),QHY600-3_SDSSi_2k,measured,314,279,0,
py312_cuml_always,RTX 3090 (24 GB),QHY600-4_Ha,measured,87,73,0,
py312_cuml_always,RTX 3090 (24 GB),QHY600-4_Lum_2k,measured,153,147,0,
py312_cuml_always,RTX 3090 (24 GB),QHY600-4_SDSSg,measured,89,79,0,
py312_cuml_always,RTX 3090 (24 GB),QHY600-4_SDSSg_4k,measured,152,145,0,
py312_cuml_always,RTX 3090 (24 GB),QHY600-4_SDSSi_10k,measured,152,139,0,
py312_cuml_always,RTX 3090 (24 GB),iKon936_Lum,measured,132,104,0,
py312_cuml_always,RTX 3090 (24 GB),iKon936_SDSSg,measured,91,79,0,
py38_baseline,A100 (80 GB),QHY411-1_Lum_bin2,measured,51,51,0,
py38_baseline,A100 (80 GB),QHY411-1_Lum_full,measured,50,50,0,
py38_baseline,A100 (80 GB),QHY411-1_SDSSg_2k,measured,100,100,0,
py38_baseline,A100 (80 GB),QHY411-1_SDSSi_bin2,measured,50,50,0,
py38_baseline,A100 (80 GB),QHY411-1_SDSSr_7k,measured,50,50,0,
py38_baseline,A100 (80 GB),QHY411-3_Lum_131k,measured,75,74,0,
py38_baseline,A100 (80 GB),QHY411-3_Lum_full,measured,125,120,0,
py38_baseline,A100 (80 GB),QHY411-3_SDSSg_10k,measured,75,73,0,
py38_baseline,A100 (80 GB),QHY411-3_SDSSr_19k,measured,125,124,0,
py38_baseline,A100 (80 GB),QHY411-3_SDSSr_full,measured,34,30,0,
py38_baseline,A100 (80 GB),QHY600-3_Lum,measured,50,50,0,
py38_baseline,A100 (80 GB),QHY600-3_SDSSi_2k,measured,150,150,0,
py38_baseline,A100 (80 GB),QHY600-4_Ha,measured,50,50,0,
py38_baseline,A100 (80 GB),QHY600-4_Lum_2k,measured,50,50,0,
py38_baseline,A100 (80 GB),QHY600-4_SDSSg,measured,50,50,0,
py38_baseline,A100 (80 GB),QHY600-4_SDSSg_4k,measured,50,50,0,
py38_baseline,A100 (80 GB),QHY600-4_SDSSi_10k,measured,50,50,0,
py38_baseline,A100 (80 GB),iKon936_Lum,measured,50,50,0,
py38_baseline,A100 (80 GB),iKon936_SDSSg,measured,50,50,0,
py38_baseline,H100 (80 GB),QHY411-1_Lum_bin2,measured,50,50,0,
py38_baseline,H100 (80 GB),QHY411-1_Lum_full,measured,50,50,0,
py38_baseline,H100 (80 GB),QHY411-1_SDSSg_2k,measured,100,100,0,
py38_baseline,H100 (80 GB),QHY411-1_SDSSi_bin2,measured,50,50,0,
py38_baseline,H100 (80 GB),QHY411-1_SDSSr_7k,measured,50,50,0,
py38_baseline,H100 (80 GB),QHY411-3_Lum_131k,measured,50,50,0,
py38_baseline,H100 (80 GB),QHY411-3_Lum_full,measured,55,55,0,
py38_baseline,H100 (80 GB),QHY411-3_SDSSg_10k,measured,50,50,0,
py38_baseline,H100 (80 GB),QHY411-3_SDSSr_19k,measured,50,50,0,
py38_baseline,H100 (80 GB),QHY411-3_SDSSr_full,measured,50,50,0,
py38_baseline,H100 (80 GB),QHY600-3_Lum,measured,50,50,0,
py38_baseline,H100 (80 GB),QHY600-3_SDSSi_2k,measured,150,150,0,
py38_baseline,H100 (80 GB),QHY600-4_Ha,measured,50,50,0,
py38_baseline,H100 (80 GB),QHY600-4_Lum_2k,measured,50,50,0,
py38_baseline,H100 (80 GB),QHY600-4_SDSSg,measured,50,50,0,
py38_baseline,H100 (80 GB),QHY600-4_SDSSg_4k,measured,50,50,0,
py38_baseline,H100 (80 GB),QHY600-4_SDSSi_10k,measured,50,50,0,
py38_baseline,H100 (80 GB),iKon936_Lum,measured,50,50,0,
py38_baseline,H100 (80 GB),iKon936_SDSSg,measured,51,51,0,
py38_baseline,L40S (48 GB),QHY411-1_Lum_bin2,measured,50,50,0,
py38_baseline,L40S (48 GB),QHY411-1_Lum_full,measured,50,50,0,
py38_baseline,L40S (48 GB),QHY411-1_SDSSg_2k,measured,100,100,0,
py38_baseline,L40S (48 GB),QHY411-1_SDSSi_bin2,measured,50,50,0,
py38_baseline,L40S (48 GB),QHY411-1_SDSSr_7k,measured,50,50,0,
py38_baseline,L40S (48 GB),QHY411-3_Lum_131k,measured,50,50,0,
py38_baseline,L40S (48 GB),QHY411-3_Lum_full,measured,50,50,0,
py38_baseline,L40S (48 GB),QHY411-3_SDSSg_10k,measured,50,50,0,
py38_baseline,L40S (48 GB),QHY411-3_SDSSr_19k,measured,50,50,0,
py38_baseline,L40S (48 GB),QHY411-3_SDSSr_full,measured,50,50,0,
py38_baseline,L40S (48 GB),QHY600-3_Lum,measured,50,50,0,
py38_baseline,L40S (48 GB),QHY600-3_SDSSi_2k,measured,150,150,0,
py38_baseline,L40S (48 GB),QHY600-4_Ha,measured,50,50,0,
py38_baseline,L40S (48 GB),QHY600-4_Lum_2k,measured,50,50,0,
py38_baseline,L40S (48 GB),QHY600-4_SDSSg,measured,50,50,0,
py38_baseline,L40S (48 GB),QHY600-4_SDSSg_4k,measured,50,50,0,
py38_baseline,L40S (48 GB),QHY600-4_SDSSi_10k,measured,50,50,0,
py38_baseline,L40S (48 GB),iKon936_Lum,measured,50,50,0,
py38_baseline,L40S (48 GB),iKon936_SDSSg,measured,51,51,0,
py38_baseline,Orin NX (8 GB),QHY411-1_Lum_bin2,hang,0,0,0,"host down mid-run on 2012QD8, campaign record; the run this cell was retried for was never launched (sonda91: img6 HOST_YA_CAIDO_NO_DISPARADO)"
py38_baseline,Orin NX (8 GB),QHY600-3_Lum,hang,0,0,0,"host down mid-run, 2026-08-30 sonda91 (img3); data/raw/probe_orin_host_down.csv + sonda91_tracebacks_20260830/jetson_orin_py38_img3.txt"
py38_baseline,Orin NX (8 GB),iKon936_Lum,measured,80,77,0,
py38_baseline,Orin NX (8 GB),iKon936_SDSSg,measured,77,77,0,
py38_baseline,Orin Super (8 GB),QHY600-3_Lum,oom,26,0,26,"Out of memory allocating 235,129,856 bytes (allocated so far: 6,133,019,648 bytes)."
py38_baseline,Orin Super (8 GB),iKon936_Lum,measured,78,78,0,
py38_baseline,Orin Super (8 GB),iKon936_SDSSg,measured,78,78,0,
py38_baseline,RTX 3050 Ti (4 GB),QHY411-1_Lum_bin2,oom,4,0,4,"Out of memory allocating 263,980,032 bytes (allocated so far: 3,566,630,912 bytes)."
py38_baseline,RTX 3050 Ti (4 GB),QHY411-1_Lum_full,oom,4,0,4,"Out of memory allocating 1,210,010,624 bytes (allocated so far: 3,780,921,856 bytes)."
py38_baseline,RTX 3050 Ti (4 GB),QHY411-1_SDSSi_bin2,oom,4,0,4,"Out of memory allocating 263,980,032 bytes (allocated so far: 3,566,630,912 bytes)."
py38_baseline,RTX 3050 Ti (4 GB),QHY411-3_Lum_full,oom,4,0,4,"Out of memory allocating 1,210,010,624 bytes (allocated so far: 3,780,921,856 bytes)."
py38_baseline,RTX 3050 Ti (4 GB),QHY411-3_SDSSr_full,oom,4,0,4,"Out of memory allocating 1,210,010,624 bytes (allocated so far: 3,780,921,856 bytes)."
py38_baseline,RTX 3050 Ti (4 GB),QHY600-3_Lum,oom,4,0,4,"Out of memory allocating 668,956,672 bytes (allocated so far: 3,165,292,544 bytes)."
py38_baseline,RTX 3050 Ti (4 GB),QHY600-3_SDSSi_2k,oom,15,0,15,"Out of memory allocating 668,956,672 bytes (allocated so far: 3,165,292,544 bytes)."
py38_baseline,RTX 3050 Ti (4 GB),QHY600-4_Ha,oom,4,0,4,"Out of memory allocating 119,763,968 bytes (allocated so far: 3,743,504,384 bytes)."
py38_baseline,RTX 3050 Ti (4 GB),QHY600-4_SDSSg,oom,4,0,4,"Out of memory allocating 119,763,968 bytes (allocated so far: 3,743,504,384 bytes)."
py38_baseline,RTX 3050 Ti (4 GB),iKon936_Lum,measured,65,65,0,
py38_baseline,RTX 3050 Ti (4 GB),iKon936_SDSSg,measured,65,65,0,
py38_baseline,RTX 3060 (12 GB),QHY411-1_Lum_bin2,measured,52,50,2,
py38_baseline,RTX 3060 (12 GB),QHY411-1_Lum_full,oom,4,0,4,"Out of memory allocating 1,209,840,128 bytes (allocated so far: 11,493,822,464 bytes)."
py38_baseline,RTX 3060 (12 GB),QHY411-1_SDSSg_2k,measured,105,100,4,
py38_baseline,RTX 3060 (12 GB),QHY411-1_SDSSi_bin2,measured,51,49,2,
py38_baseline,RTX 3060 (12 GB),QHY411-1_SDSSr_7k,measured,51,49,2,
py38_baseline,RTX 3060 (12 GB),QHY411-3_Lum_full,oom,6,0,6,"Out of memory allocating 1,209,840,128 bytes (allocated so far: 11,493,822,464 bytes)."
py38_baseline,RTX 3060 (12 GB),QHY411-3_SDSSr_full,oom,6,0,6,"Out of memory allocating 1,209,840,128 bytes (allocated so far: 11,493,822,464 bytes)."
py38_baseline,RTX 3060 (12 GB),QHY600-3_Lum,measured,52,50,2,
py38_baseline,RTX 3060 (12 GB),QHY600-3_SDSSi_2k,measured,150,150,0,
py38_baseline,RTX 3060 (12 GB),QHY600-4_Ha,measured,52,50,2,
py38_baseline,RTX 3060 (12 GB),QHY600-4_Lum_2k,measured,49,49,0,
py38_baseline,RTX 3060 (12 GB),QHY600-4_SDSSg,measured,52,50,2,
py38_baseline,RTX 3060 (12 GB),QHY600-4_SDSSg_4k,measured,28,26,2,
py38_baseline,RTX 3060 (12 GB),QHY600-4_SDSSi_10k,measured,52,50,2,
py38_baseline,RTX 3060 (12 GB),iKon936_Lum,measured,52,50,2,
py38_baseline,RTX 3060 (12 GB),iKon936_SDSSg,measured,55,51,4,
py38_baseline,RTX 3090 (24 GB),QHY411-1_Lum_bin2,measured,103,91,0,
py38_baseline,RTX 3090 (24 GB),QHY411-1_Lum_full,oom_host,10,0,0,"pinned host memory starved (MemFree 750-920 MB, VRAM peak 264 MB of 24,576); instrumented shot 2026-08-30, data/raw/probe_rtx3090_host_memory.csv + tiro_3090_traceback.txt"
py38_baseline,RTX 3090 (24 GB),QHY411-1_SDSSg_2k,measured,199,173,0,
py38_baseline,RTX 3090 (24 GB),QHY411-1_SDSSi_bin2,measured,82,73,0,
py38_baseline,RTX 3090 (24 GB),QHY411-1_SDSSr_7k,measured,103,91,0,
py38_baseline,RTX 3090 (24 GB),QHY411-3_Lum_131k,oom_host,10,0,0,"pinned host memory starved (MemFree 750-920 MB, VRAM peak 264 MB of 24,576); instrumented shot 2026-08-30, data/raw/probe_rtx3090_host_memory.csv + tiro_3090_traceback.txt"
py38_baseline,RTX 3090 (24 GB),QHY411-3_Lum_full,oom_host,9,0,0,"pinned host memory starved (MemFree 750-920 MB, VRAM peak 264 MB of 24,576); instrumented shot 2026-08-30, data/raw/probe_rtx3090_host_memory.csv + tiro_3090_traceback.txt"
py38_baseline,RTX 3090 (24 GB),QHY411-3_SDSSg_10k,oom_host,10,0,0,"pinned host memory starved (MemFree 750-920 MB, VRAM peak 264 MB of 24,576); instrumented shot 2026-08-30, data/raw/probe_rtx3090_host_memory.csv + tiro_3090_traceback.txt"
py38_baseline,RTX 3090 (24 GB),QHY411-3_SDSSr_19k,oom_host,8,0,0,"pinned host memory starved (MemFree 750-920 MB, VRAM peak 264 MB of 24,576); instrumented shot 2026-08-30, data/raw/probe_rtx3090_host_memory.csv + tiro_3090_traceback.txt"
py38_baseline,RTX 3090 (24 GB),QHY411-3_SDSSr_full,oom_host,9,0,0,"pinned host memory starved (MemFree 750-920 MB, VRAM peak 264 MB of 24,576); instrumented shot 2026-08-30, data/raw/probe_rtx3090_host_memory.csv + tiro_3090_traceback.txt"
py38_baseline,RTX 3090 (24 GB),QHY600-3_Lum,measured,89,74,0,
py38_baseline,RTX 3090 (24 GB),QHY600-3_SDSSi_2k,measured,403,340,0,
py38_baseline,RTX 3090 (24 GB),QHY600-4_Ha,measured,111,101,0,
py38_baseline,RTX 3090 (24 GB),QHY600-4_Lum_2k,measured,138,121,0,
py38_baseline,RTX 3090 (24 GB),QHY600-4_SDSSg,measured,135,119,0,
py38_baseline,RTX 3090 (24 GB),QHY600-4_SDSSg_4k,measured,116,103,0,
py38_baseline,RTX 3090 (24 GB),QHY600-4_SDSSi_10k,measured,112,97,0,
py38_baseline,RTX 3090 (24 GB),iKon936_Lum,measured,131,119,0,
py38_baseline,RTX 3090 (24 GB),iKon936_SDSSg,measured,132,126,0,
