# Sampling depth of every published cell, 2026-09-11.
# raw/raw_sessions = what the epoch CSV for that cell contains. clean/clean_blocks = what
#   survives the screening and enters the published median: first two repetitions of each
#   session dropped, adaptive warm-up detector, 3-MAD upper-tail filter, excluded windows.
# A cell can have two raw sessions and one clean block: that is not a defect, it is an
#   excluded window doing its job, and the distinction is why both counts are given.
# WHY IT EXISTS: a statement that most cells were measured in two sessions did not survive
#   checking. Over both stacks the median is well below that, and the two stacks differ
#   sharply: the py3.12 datacenter cells have two sessions or more, while every py3.8
#   datacenter cell rests on a single clean block. This invalidates no number, but it is a
#   sampling limit that belongs next to the numbers rather than in a footnote.
# The epoch of each (stack, card) pair is decided by SESSION_BY_ARM, not by this file.
# Reproduce: python3 benchmarks/build_cell_sampling_depth.py
arm,gpu,epoch,image_label,raw_runs,raw_sessions,clean_runs,clean_blocks,median_s
py312_cuml_adaptive,H100 (80 GB),postfix,QHY411-1_Lum_bin2,86,4,23,1,9.15
py312_cuml_adaptive,H100 (80 GB),postfix,QHY411-1_Lum_full,86,4,23,1,30.01
py312_cuml_adaptive,H100 (80 GB),postfix,QHY411-1_SDSSg_2k,172,4,39,2,14.81
py312_cuml_adaptive,H100 (80 GB),postfix,QHY411-1_SDSSi_bin2,86,4,23,1,9.24
py312_cuml_adaptive,H100 (80 GB),postfix,QHY411-1_SDSSr_7k,86,4,23,1,17.68
py312_cuml_adaptive,H100 (80 GB),postfix,QHY411-3_Lum_131k,86,4,21,1,31.92
py312_cuml_adaptive,H100 (80 GB),postfix,QHY411-3_Lum_full,86,4,10,1,33.21
py312_cuml_adaptive,H100 (80 GB),postfix,QHY411-3_SDSSg_10k,92,5,33,3,22.67
py312_cuml_adaptive,H100 (80 GB),postfix,QHY411-3_SDSSr_19k,86,4,22,1,23.63
py312_cuml_adaptive,H100 (80 GB),postfix,QHY411-3_SDSSr_full,86,4,29,2,24.74
py312_cuml_adaptive,H100 (80 GB),postfix,QHY600-3_Lum,86,4,23,1,6.58
py312_cuml_adaptive,H100 (80 GB),postfix,QHY600-3_SDSSi_2k,258,4,73,1,6.74
py312_cuml_adaptive,H100 (80 GB),postfix,QHY600-4_Ha,86,4,23,1,8.14
py312_cuml_adaptive,H100 (80 GB),postfix,QHY600-4_Lum_2k,86,4,23,1,11.11
py312_cuml_adaptive,H100 (80 GB),postfix,QHY600-4_SDSSg,86,4,18,2,8.51
py312_cuml_adaptive,H100 (80 GB),postfix,QHY600-4_SDSSg_4k,86,4,23,1,12.06
py312_cuml_adaptive,H100 (80 GB),postfix,QHY600-4_SDSSi_10k,86,4,16,2,10.5
py312_cuml_adaptive,H100 (80 GB),postfix,iKon936_Lum,86,4,23,1,6.33
py312_cuml_adaptive,H100 (80 GB),postfix,iKon936_SDSSg,86,4,33,2,7.53
py312_cuml_adaptive,A100 (80 GB),postfix,QHY411-1_Lum_bin2,74,4,49,4,8.4
py312_cuml_adaptive,A100 (80 GB),postfix,QHY411-1_Lum_full,74,4,57,4,29.38
py312_cuml_adaptive,A100 (80 GB),postfix,QHY411-1_SDSSg_2k,136,4,96,4,17.72
py312_cuml_adaptive,A100 (80 GB),postfix,QHY411-1_SDSSi_bin2,74,4,56,4,9.04
py312_cuml_adaptive,A100 (80 GB),postfix,QHY411-1_SDSSr_7k,62,3,39,3,22.79
py312_cuml_adaptive,A100 (80 GB),postfix,QHY411-3_Lum_131k,69,4,53,4,40.18
py312_cuml_adaptive,A100 (80 GB),postfix,QHY411-3_Lum_full,72,4,41,4,29.04
py312_cuml_adaptive,A100 (80 GB),postfix,QHY411-3_SDSSg_10k,74,4,55,4,27.73
py312_cuml_adaptive,A100 (80 GB),postfix,QHY411-3_SDSSr_19k,74,4,48,4,29.27
py312_cuml_adaptive,A100 (80 GB),postfix,QHY411-3_SDSSr_full,73,4,58,4,28.49
py312_cuml_adaptive,A100 (80 GB),postfix,QHY600-3_Lum,74,4,55,4,6.87
py312_cuml_adaptive,A100 (80 GB),postfix,QHY600-3_SDSSi_2k,198,4,89,4,7.25
py312_cuml_adaptive,A100 (80 GB),postfix,QHY600-4_Ha,74,4,58,4,7.82
py312_cuml_adaptive,A100 (80 GB),postfix,QHY600-4_Lum_2k,74,4,55,4,12.57
py312_cuml_adaptive,A100 (80 GB),postfix,QHY600-4_SDSSg,74,4,53,4,8.24
py312_cuml_adaptive,A100 (80 GB),postfix,QHY600-4_SDSSg_4k,74,4,54,4,12.73
py312_cuml_adaptive,A100 (80 GB),postfix,QHY600-4_SDSSi_10k,62,3,52,3,11.55
py312_cuml_adaptive,A100 (80 GB),postfix,iKon936_Lum,74,4,60,4,6.6
py312_cuml_adaptive,A100 (80 GB),postfix,iKon936_SDSSg,62,3,53,3,6.34
py312_cuml_adaptive,L40S (48 GB),postfix,QHY411-1_Lum_bin2,74,4,64,4,14.4
py312_cuml_adaptive,L40S (48 GB),postfix,QHY411-1_Lum_full,74,4,55,4,71.41
py312_cuml_adaptive,L40S (48 GB),postfix,QHY411-1_SDSSg_2k,136,4,83,4,20.82
py312_cuml_adaptive,L40S (48 GB),postfix,QHY411-1_SDSSi_bin2,74,4,60,4,14.31
py312_cuml_adaptive,L40S (48 GB),postfix,QHY411-1_SDSSr_7k,62,3,54,3,23.72
py312_cuml_adaptive,L40S (48 GB),postfix,QHY411-3_Lum_131k,62,3,55,3,74.07
py312_cuml_adaptive,L40S (48 GB),postfix,QHY411-3_Lum_full,74,4,42,3,34.84
py312_cuml_adaptive,L40S (48 GB),postfix,QHY411-3_SDSSg_10k,86,5,57,5,33.85
py312_cuml_adaptive,L40S (48 GB),postfix,QHY411-3_SDSSr_19k,74,4,51,3,36.27
py312_cuml_adaptive,L40S (48 GB),postfix,QHY411-3_SDSSr_full,74,4,51,4,35.14
py312_cuml_adaptive,L40S (48 GB),postfix,QHY600-3_Lum,74,4,64,4,6.69
py312_cuml_adaptive,L40S (48 GB),postfix,QHY600-3_SDSSi_2k,198,4,120,4,6.98
py312_cuml_adaptive,L40S (48 GB),postfix,QHY600-4_Ha,74,4,58,4,12.4
py312_cuml_adaptive,L40S (48 GB),postfix,QHY600-4_Lum_2k,74,4,64,4,16.05
py312_cuml_adaptive,L40S (48 GB),postfix,QHY600-4_SDSSg,74,4,65,4,12.71
py312_cuml_adaptive,L40S (48 GB),postfix,QHY600-4_SDSSg_4k,74,4,64,4,16.34
py312_cuml_adaptive,L40S (48 GB),postfix,QHY600-4_SDSSi_10k,62,3,55,3,15.43
py312_cuml_adaptive,L40S (48 GB),postfix,iKon936_Lum,74,4,61,4,6.34
py312_cuml_adaptive,L40S (48 GB),postfix,iKon936_SDSSg,62,3,46,3,6.28
py312_cuml_adaptive,RTX 3090 (24 GB),postfix,QHY411-1_Lum_bin2,21,1,13,1,18.31
py312_cuml_adaptive,RTX 3090 (24 GB),postfix,QHY411-1_SDSSg_2k,41,1,34,1,29.31
py312_cuml_adaptive,RTX 3090 (24 GB),postfix,QHY411-1_SDSSi_bin2,20,1,15,1,20.51
py312_cuml_adaptive,RTX 3090 (24 GB),postfix,QHY411-1_SDSSr_7k,18,2,12,1,34.11
py312_cuml_adaptive,RTX 3090 (24 GB),postfix,QHY600-3_Lum,22,1,10,1,8.22
py312_cuml_adaptive,RTX 3090 (24 GB),postfix,QHY600-3_SDSSi_2k,66,1,54,1,9.01
py312_cuml_adaptive,RTX 3090 (24 GB),postfix,QHY600-4_Ha,22,1,18,1,12.13
py312_cuml_adaptive,RTX 3090 (24 GB),postfix,QHY600-4_Lum_2k,14,1,12,1,18.38
py312_cuml_adaptive,RTX 3090 (24 GB),postfix,QHY600-4_SDSSg,22,1,18,1,11.89
py312_cuml_adaptive,RTX 3090 (24 GB),postfix,QHY600-4_SDSSg_4k,22,1,19,1,20.48
py312_cuml_adaptive,RTX 3090 (24 GB),postfix,QHY600-4_SDSSi_10k,22,1,15,1,21.82
py312_cuml_adaptive,RTX 3090 (24 GB),postfix,iKon936_Lum,22,1,16,1,7.69
py312_cuml_adaptive,RTX 3090 (24 GB),postfix,iKon936_SDSSg,20,3,12,2,9.2
py312_cuml_adaptive,RTX 3060 (12 GB),postfix,QHY411-1_Lum_bin2,12,1,9,1,16.94
py312_cuml_adaptive,RTX 3060 (12 GB),postfix,QHY411-1_SDSSg_2k,44,1,22,1,28.54
py312_cuml_adaptive,RTX 3060 (12 GB),postfix,QHY411-1_SDSSi_bin2,12,1,8,1,18.21
py312_cuml_adaptive,RTX 3060 (12 GB),postfix,QHY411-1_SDSSr_7k,22,1,16,1,35.23
py312_cuml_adaptive,RTX 3060 (12 GB),postfix,QHY600-3_Lum,12,1,9,1,8.02
py312_cuml_adaptive,RTX 3060 (12 GB),postfix,QHY600-3_SDSSi_2k,36,1,32,1,9.0
py312_cuml_adaptive,RTX 3060 (12 GB),postfix,QHY600-4_Ha,12,1,9,1,13.99
py312_cuml_adaptive,RTX 3060 (12 GB),postfix,QHY600-4_Lum_2k,12,1,9,1,20.18
py312_cuml_adaptive,RTX 3060 (12 GB),postfix,QHY600-4_SDSSg,12,1,9,1,14.51
py312_cuml_adaptive,RTX 3060 (12 GB),postfix,QHY600-4_SDSSg_4k,12,1,9,1,23.93
py312_cuml_adaptive,RTX 3060 (12 GB),postfix,QHY600-4_SDSSi_10k,12,1,9,1,19.66
py312_cuml_adaptive,RTX 3060 (12 GB),postfix,iKon936_Lum,12,1,9,1,6.48
py312_cuml_adaptive,RTX 3060 (12 GB),postfix,iKon936_SDSSg,12,1,9,1,5.77
py312_cuml_adaptive,RTX 3050 Ti (4 GB),postfix,iKon936_Lum,22,1,20,1,17.3
py312_cuml_adaptive,RTX 3050 Ti (4 GB),postfix,iKon936_SDSSg,22,1,17,1,15.1
py312_cuml_adaptive,Orin Super (8 GB),campaign,iKon936_Lum,52,2,40,2,26.6
py312_cuml_adaptive,Orin Super (8 GB),campaign,iKon936_SDSSg,52,2,41,2,23.66
py38_baseline,H100 (80 GB),postfix,QHY411-1_Lum_bin2,46,2,20,1,7.35
py38_baseline,H100 (80 GB),postfix,QHY411-1_Lum_full,46,2,20,1,19.0
py38_baseline,H100 (80 GB),postfix,QHY411-1_SDSSg_2k,92,2,22,1,14.13
py38_baseline,H100 (80 GB),postfix,QHY411-1_SDSSi_bin2,46,2,18,1,8.13
py38_baseline,H100 (80 GB),postfix,QHY411-1_SDSSr_7k,49,2,21,1,16.62
py38_baseline,H100 (80 GB),postfix,QHY411-3_Lum_131k,49,2,22,1,30.24
py38_baseline,H100 (80 GB),postfix,QHY411-3_Lum_full,46,2,18,1,23.49
py38_baseline,H100 (80 GB),postfix,QHY411-3_SDSSg_10k,46,2,15,1,21.22
py38_baseline,H100 (80 GB),postfix,QHY411-3_SDSSr_19k,46,2,7,1,22.27
py38_baseline,H100 (80 GB),postfix,QHY411-3_SDSSr_full,39,2,10,1,23.65
py38_baseline,H100 (80 GB),postfix,QHY600-3_Lum,46,2,18,1,4.73
py38_baseline,H100 (80 GB),postfix,QHY600-3_SDSSi_2k,138,2,59,1,5.27
py38_baseline,H100 (80 GB),postfix,QHY600-4_Ha,46,2,10,1,5.66
py38_baseline,H100 (80 GB),postfix,QHY600-4_Lum_2k,46,2,17,1,9.72
py38_baseline,H100 (80 GB),postfix,QHY600-4_SDSSg,46,2,20,1,6.2
py38_baseline,H100 (80 GB),postfix,QHY600-4_SDSSg_4k,46,2,17,1,10.73
py38_baseline,H100 (80 GB),postfix,QHY600-4_SDSSi_10k,49,2,23,1,9.49
py38_baseline,H100 (80 GB),postfix,iKon936_Lum,46,2,19,1,5.07
py38_baseline,H100 (80 GB),postfix,iKon936_SDSSg,49,2,20,1,5.2
py38_baseline,A100 (80 GB),postfix,QHY411-1_Lum_bin2,12,1,10,1,7.83
py38_baseline,A100 (80 GB),postfix,QHY411-1_Lum_full,12,1,8,1,17.86
py38_baseline,A100 (80 GB),postfix,QHY411-1_SDSSg_2k,12,1,8,1,19.4
py38_baseline,A100 (80 GB),postfix,QHY411-1_SDSSi_bin2,12,1,7,1,8.38
py38_baseline,A100 (80 GB),postfix,QHY411-1_SDSSr_7k,25,1,23,1,26.35
py38_baseline,A100 (80 GB),postfix,QHY411-3_Lum_131k,37,1,31,1,39.74
py38_baseline,A100 (80 GB),postfix,QHY411-3_Lum_full,12,1,10,1,27.5
py38_baseline,A100 (80 GB),postfix,QHY411-3_SDSSg_10k,40,2,22,1,28.33
py38_baseline,A100 (80 GB),postfix,QHY411-3_SDSSr_19k,12,1,8,1,26.85
py38_baseline,A100 (80 GB),postfix,QHY411-3_SDSSr_full,12,1,8,1,26.5
py38_baseline,A100 (80 GB),postfix,QHY600-3_Lum,12,1,10,1,5.69
py38_baseline,A100 (80 GB),postfix,QHY600-3_SDSSi_2k,12,1,10,1,6.62
py38_baseline,A100 (80 GB),postfix,QHY600-4_Ha,12,1,10,1,7.13
py38_baseline,A100 (80 GB),postfix,QHY600-4_Lum_2k,12,1,8,1,13.0
py38_baseline,A100 (80 GB),postfix,QHY600-4_SDSSg,12,1,10,1,8.05
py38_baseline,A100 (80 GB),postfix,QHY600-4_SDSSg_4k,12,1,8,1,12.03
py38_baseline,A100 (80 GB),postfix,QHY600-4_SDSSi_10k,37,1,16,1,12.49
py38_baseline,A100 (80 GB),postfix,iKon936_Lum,12,1,10,1,5.8
py38_baseline,A100 (80 GB),postfix,iKon936_SDSSg,37,1,34,1,5.34
py38_baseline,L40S (48 GB),postfix,QHY411-1_Lum_bin2,12,1,8,1,8.86
py38_baseline,L40S (48 GB),postfix,QHY411-1_Lum_full,12,1,8,1,33.73
py38_baseline,L40S (48 GB),postfix,QHY411-1_SDSSg_2k,12,1,8,1,19.15
py38_baseline,L40S (48 GB),postfix,QHY411-1_SDSSi_bin2,12,1,9,1,9.62
py38_baseline,L40S (48 GB),postfix,QHY411-1_SDSSr_7k,25,1,15,1,23.06
py38_baseline,L40S (48 GB),postfix,QHY411-3_Lum_131k,37,1,11,1,44.12
py38_baseline,L40S (48 GB),postfix,QHY411-3_Lum_full,12,1,8,1,32.12
py38_baseline,L40S (48 GB),postfix,QHY411-3_SDSSg_10k,12,1,9,1,33.81
py38_baseline,L40S (48 GB),postfix,QHY411-3_SDSSr_19k,12,1,4,1,34.22
py38_baseline,L40S (48 GB),postfix,QHY411-3_SDSSr_full,12,1,6,1,31.49
py38_baseline,L40S (48 GB),postfix,QHY600-3_Lum,12,1,8,1,5.75
py38_baseline,L40S (48 GB),postfix,QHY600-3_SDSSi_2k,12,1,10,1,6.05
py38_baseline,L40S (48 GB),postfix,QHY600-4_Ha,12,1,10,1,8.06
py38_baseline,L40S (48 GB),postfix,QHY600-4_Lum_2k,12,1,9,1,11.84
py38_baseline,L40S (48 GB),postfix,QHY600-4_SDSSg,12,1,9,1,8.0
py38_baseline,L40S (48 GB),postfix,QHY600-4_SDSSg_4k,12,1,7,1,12.08
py38_baseline,L40S (48 GB),postfix,QHY600-4_SDSSi_10k,37,1,34,1,13.05
py38_baseline,L40S (48 GB),postfix,iKon936_Lum,12,1,10,1,5.76
py38_baseline,L40S (48 GB),postfix,iKon936_SDSSg,37,1,35,1,6.74
py38_baseline,RTX 3060 (12 GB),postfix,QHY411-1_Lum_bin2,12,1,10,1,13.35
py38_baseline,RTX 3060 (12 GB),postfix,QHY411-1_SDSSg_2k,44,1,21,1,26.39
py38_baseline,RTX 3060 (12 GB),postfix,QHY411-1_SDSSi_bin2,12,1,9,1,14.77
py38_baseline,RTX 3060 (12 GB),postfix,QHY411-1_SDSSr_7k,22,1,17,1,33.43
py38_baseline,RTX 3060 (12 GB),postfix,QHY600-3_Lum,12,1,8,1,7.19
py38_baseline,RTX 3060 (12 GB),postfix,QHY600-3_SDSSi_2k,36,1,30,1,8.28
py38_baseline,RTX 3060 (12 GB),postfix,QHY600-4_Ha,12,1,10,1,10.62
py38_baseline,RTX 3060 (12 GB),postfix,QHY600-4_Lum_2k,12,1,10,1,17.33
py38_baseline,RTX 3060 (12 GB),postfix,QHY600-4_SDSSg,12,1,9,1,11.13
py38_baseline,RTX 3060 (12 GB),postfix,QHY600-4_SDSSg_4k,12,1,10,1,20.0
py38_baseline,RTX 3060 (12 GB),postfix,QHY600-4_SDSSi_10k,12,1,7,1,16.6
py38_baseline,RTX 3060 (12 GB),postfix,iKon936_Lum,12,1,8,1,5.87
py38_baseline,RTX 3060 (12 GB),postfix,iKon936_SDSSg,12,1,10,1,5.26
py38_baseline,RTX 3090 (24 GB),campaign,QHY411-1_Lum_bin2,25,1,21,1,11.05
py38_baseline,RTX 3090 (24 GB),campaign,QHY411-1_SDSSg_2k,50,1,48,1,23.24
py38_baseline,RTX 3090 (24 GB),campaign,QHY411-1_SDSSi_bin2,25,1,22,1,11.78
py38_baseline,RTX 3090 (24 GB),campaign,QHY411-1_SDSSr_7k,25,1,22,1,27.08
py38_baseline,RTX 3090 (24 GB),campaign,QHY600-3_Lum,25,1,21,1,6.99
py38_baseline,RTX 3090 (24 GB),campaign,QHY600-3_SDSSi_2k,75,1,68,1,7.62
py38_baseline,RTX 3090 (24 GB),campaign,QHY600-4_Ha,25,1,23,1,9.5
py38_baseline,RTX 3090 (24 GB),campaign,QHY600-4_Lum_2k,25,1,13,1,15.53
py38_baseline,RTX 3090 (24 GB),campaign,QHY600-4_SDSSg,25,1,22,1,10.16
py38_baseline,RTX 3090 (24 GB),campaign,QHY600-4_SDSSg_4k,25,1,19,1,14.44
py38_baseline,RTX 3090 (24 GB),campaign,QHY600-4_SDSSi_10k,25,1,21,1,13.52
py38_baseline,RTX 3090 (24 GB),campaign,iKon936_Lum,25,1,22,1,6.55
py38_baseline,RTX 3090 (24 GB),campaign,iKon936_SDSSg,25,1,18,1,6.15
py38_baseline,RTX 3050 Ti (4 GB),campaign,iKon936_Lum,15,1,11,1,17.35
py38_baseline,RTX 3050 Ti (4 GB),campaign,iKon936_SDSSg,15,1,13,1,14.44
py38_baseline,Orin Super (8 GB),campaign,iKon936_Lum,52,2,42,2,26.06
py38_baseline,Orin Super (8 GB),campaign,iKon936_SDSSg,52,2,42,2,22.12
py38_baseline,Orin Nano (8 GB),campaign,iKon936_Lum,77,2,53,2,173.44
py38_baseline,Orin Nano (8 GB),campaign,iKon936_SDSSg,77,3,70,3,27.71
