filename,nx,ny,megapixels,sep_median_s,sep_std_s,sep_sources,photutils_median_s,photutils_std_s,photutils_sources
TST_QHY411-3_2026-02-14-06-35-10-547282_24P_Lum.fits,14200,10650,151.2,4.762,0.144,6554,47.732,0.761,7770
TST_QHY411-3_2026-02-14-23-09-41-463160_M81_SDSSr.fits,14200,10650,151.2,4.61,0.18,4971,48.066,1.162,6750
TST_QHY411-3_2026-03-16-20-28-14-304289_C2025N1_Lum.fits,14200,10650,151.2,35.291,0.89,81799,54.168,1.718,91485
TST_QHY411-3_2026-03-16-22-54-47-549608_NGC2683_SDSSr.fits,14200,10650,151.2,4.649,0.165,7240,47.953,0.829,10545
TST_QHY411-3_2026-03-17-04-00-21-799080_M106_SDSSg.fits,14200,10650,151.2,4.355,0.136,2948,46.588,0.526,3975
TTT1_QHY411-1_2025-08-14-23-52-42-828197_2025PR1_Lum.fits,14200,10650,151.2,4.321,0.081,1417,48.09,0.539,2609
TTT1_QHY411-1_2026-02-14-03-52-12-471080_GaiaDR33534005919872722560_SDSSi.fits,7100,5325,37.8,1.021,0.09,174,11.024,0.326,288
TTT1_QHY411-1_2026-03-09-21-22-48-661122_2012QD8_Lum.fits,7100,5325,37.8,1.006,0.073,113,11.148,0.145,334
TTT1_QHY411-1_2026-03-16-20-27-44-616412_V445Pup-griz_SDSSr.fits,7100,5325,37.8,1.487,0.094,5866,11.274,0.253,6960
TTT1_QHY411-1_2026-04-07-21-24-09-765452_Eugenia_SDSSg.fits,7100,5325,37.8,1.187,0.074,2497,11.165,0.125,2675
TTT1_QHY411-1_2026-04-07-21-58-09-908367_Eugenia_SDSSg.fits,7100,5325,37.8,1.198,0.09,1818,10.906,0.236,1673
TTT2_QHY600-4_2026-02-14-00-13-51-310869_NGC2903_Ha.fits,4787,3193,15.3,0.416,0.012,116,4.477,0.158,198
TTT2_QHY600-4_2026-02-14-23-46-19-497908_WASP-43-b_SDSSg.fits,4787,3193,15.3,0.489,0.013,106,4.155,0.019,107
TTT2_QHY600-4_2026-03-28-20-58-11-266552_1620_Lum.fits,4787,3193,15.3,0.47,0.037,999,4.214,0.095,1092
TTT2_QHY600-4_2026-03-31-03-42-50-839737_hermione_SDSSg.fits,4787,3193,15.3,0.481,0.002,1821,4.498,0.151,2379
TTT2_QHY600-4_2026-04-03-03-21-23-435107_MAXIJ1820+070_SDSSi.fits,4787,3193,15.3,0.537,0.029,2937,4.53,0.161,4579
TTT3_QHY600-3_2025-12-01-23-02-47-487643_C2025R2_Lum.fits,3191,2129,6.8,0.172,0.007,10,1.956,0.1,11
TTT3_QHY600-3_2026-03-16-05-18-39-643993_Atira_SDSSi.fits,3191,2129,6.8,0.245,0.001,1075,1.881,0.153,1371
TTT3_QHY600-3_2026-03-16-05-22-20-937513_Atira_SDSSi.fits,3191,2129,6.8,0.247,0.002,1181,1.846,0.046,1560
TTT3_QHY600-3_2026-03-16-05-24-48-710462_Atira_SDSSi.fits,3191,2129,6.8,0.249,0.011,1058,1.903,0.094,1313
TTT3_iKon936-1_2025-09-15-05-31-52-256207_C2025A6_Lum.fits,2048,2048,4.2,0.109,0.001,48,1.068,0.007,67
TTT3_iKon936-1_2026-01-15-06-05-00-020013_QSO0957+561_SDSSg.fits,2048,2048,4.2,0.105,0.001,63,1.069,0.007,78
