image,mp,cuml,rep,time_s,sources
TTT3_iKon936-1_2026-01-15-06-05-00-020013_QSO0957+561_SDSSg.fits,4.2,no,1,4.333476,412
TTT3_iKon936-1_2026-01-15-06-05-00-020013_QSO0957+561_SDSSg.fits,4.2,no,2,4.411563,412
TTT3_iKon936-1_2026-01-15-06-05-00-020013_QSO0957+561_SDSSg.fits,4.2,no,3,4.580072,412
TTT3_iKon936-1_2026-01-15-06-05-00-020013_QSO0957+561_SDSSg.fits,4.2,no,4,5.485188,412
TTT3_iKon936-1_2026-01-15-06-05-00-020013_QSO0957+561_SDSSg.fits,4.2,no,5,5.058438,412
TTT3_iKon936-1_2026-01-15-06-05-00-020013_QSO0957+561_SDSSg.fits,4.2,yes,1,4.042593,412
TTT3_iKon936-1_2026-01-15-06-05-00-020013_QSO0957+561_SDSSg.fits,4.2,yes,2,3.923801,412
TTT3_iKon936-1_2026-01-15-06-05-00-020013_QSO0957+561_SDSSg.fits,4.2,yes,3,4.501857,412
TTT3_iKon936-1_2026-01-15-06-05-00-020013_QSO0957+561_SDSSg.fits,4.2,yes,4,4.607485,412
TTT3_iKon936-1_2026-01-15-06-05-00-020013_QSO0957+561_SDSSg.fits,4.2,yes,5,4.198740,412
TTT3_iKon936-1_2025-09-15-05-31-52-256207_C2025A6_Lum.fits,4.2,no,1,4.625568,296
TTT3_iKon936-1_2025-09-15-05-31-52-256207_C2025A6_Lum.fits,4.2,no,2,4.576653,296
TTT3_iKon936-1_2025-09-15-05-31-52-256207_C2025A6_Lum.fits,4.2,no,3,5.954604,296
TTT3_iKon936-1_2025-09-15-05-31-52-256207_C2025A6_Lum.fits,4.2,no,4,4.248666,296
TTT3_iKon936-1_2025-09-15-05-31-52-256207_C2025A6_Lum.fits,4.2,no,5,5.234074,296
TTT3_iKon936-1_2025-09-15-05-31-52-256207_C2025A6_Lum.fits,4.2,yes,1,5.062518,296
TTT3_iKon936-1_2025-09-15-05-31-52-256207_C2025A6_Lum.fits,4.2,yes,2,4.813421,296
TTT3_iKon936-1_2025-09-15-05-31-52-256207_C2025A6_Lum.fits,4.2,yes,3,4.568916,296
TTT3_iKon936-1_2025-09-15-05-31-52-256207_C2025A6_Lum.fits,4.2,yes,4,4.302787,296
TTT3_iKon936-1_2025-09-15-05-31-52-256207_C2025A6_Lum.fits,4.2,yes,5,4.420292,296
TTT3_QHY600-3_2025-12-01-23-02-47-487643_C2025R2_Lum.fits,6.8,no,1,3.998686,112
TTT3_QHY600-3_2025-12-01-23-02-47-487643_C2025R2_Lum.fits,6.8,no,2,3.701883,112
TTT3_QHY600-3_2025-12-01-23-02-47-487643_C2025R2_Lum.fits,6.8,no,3,3.934570,112
TTT3_QHY600-3_2025-12-01-23-02-47-487643_C2025R2_Lum.fits,6.8,no,4,4.121597,112
TTT3_QHY600-3_2025-12-01-23-02-47-487643_C2025R2_Lum.fits,6.8,no,5,3.784759,112
TTT3_QHY600-3_2025-12-01-23-02-47-487643_C2025R2_Lum.fits,6.8,yes,1,4.272841,112
TTT3_QHY600-3_2025-12-01-23-02-47-487643_C2025R2_Lum.fits,6.8,yes,2,4.253181,112
TTT3_QHY600-3_2025-12-01-23-02-47-487643_C2025R2_Lum.fits,6.8,yes,3,3.994228,112
TTT3_QHY600-3_2025-12-01-23-02-47-487643_C2025R2_Lum.fits,6.8,yes,4,5.522374,112
TTT3_QHY600-3_2025-12-01-23-02-47-487643_C2025R2_Lum.fits,6.8,yes,5,3.809944,112
TTT3_QHY600-3_2026-03-16-05-18-39-643993_Atira_SDSSi.fits,6.8,no,1,7.110469,2060
TTT3_QHY600-3_2026-03-16-05-18-39-643993_Atira_SDSSi.fits,6.8,no,2,7.516131,2060
TTT3_QHY600-3_2026-03-16-05-18-39-643993_Atira_SDSSi.fits,6.8,no,3,7.094912,2060
TTT3_QHY600-3_2026-03-16-05-18-39-643993_Atira_SDSSi.fits,6.8,no,4,6.901785,2060
TTT3_QHY600-3_2026-03-16-05-18-39-643993_Atira_SDSSi.fits,6.8,no,5,6.754405,2060
TTT3_QHY600-3_2026-03-16-05-18-39-643993_Atira_SDSSi.fits,6.8,yes,1,7.029220,2060
TTT3_QHY600-3_2026-03-16-05-18-39-643993_Atira_SDSSi.fits,6.8,yes,2,8.824854,2060
TTT3_QHY600-3_2026-03-16-05-18-39-643993_Atira_SDSSi.fits,6.8,yes,3,7.563094,2060
TTT3_QHY600-3_2026-03-16-05-18-39-643993_Atira_SDSSi.fits,6.8,yes,4,8.883767,2060
TTT3_QHY600-3_2026-03-16-05-18-39-643993_Atira_SDSSi.fits,6.8,yes,5,8.629463,2060
TTT2_QHY600-4_2026-02-14-23-46-19-497908_WASP-43-b_SDSSg.fits,15.3,no,1,6.993548,218
TTT2_QHY600-4_2026-02-14-23-46-19-497908_WASP-43-b_SDSSg.fits,15.3,no,2,7.179174,218
TTT2_QHY600-4_2026-02-14-23-46-19-497908_WASP-43-b_SDSSg.fits,15.3,no,3,7.766242,218
TTT2_QHY600-4_2026-02-14-23-46-19-497908_WASP-43-b_SDSSg.fits,15.3,no,4,7.216978,218
TTT2_QHY600-4_2026-02-14-23-46-19-497908_WASP-43-b_SDSSg.fits,15.3,no,5,9.009228,218
TTT2_QHY600-4_2026-02-14-23-46-19-497908_WASP-43-b_SDSSg.fits,15.3,yes,1,9.708335,218
TTT2_QHY600-4_2026-02-14-23-46-19-497908_WASP-43-b_SDSSg.fits,15.3,yes,2,7.970121,218
TTT2_QHY600-4_2026-02-14-23-46-19-497908_WASP-43-b_SDSSg.fits,15.3,yes,3,6.795908,218
TTT2_QHY600-4_2026-02-14-23-46-19-497908_WASP-43-b_SDSSg.fits,15.3,yes,4,6.331583,218
TTT2_QHY600-4_2026-02-14-23-46-19-497908_WASP-43-b_SDSSg.fits,15.3,yes,5,6.844669,218
TTT2_QHY600-4_2026-02-14-00-13-51-310869_NGC2903_Ha.fits,15.3,no,1,5.132665,318
TTT2_QHY600-4_2026-02-14-00-13-51-310869_NGC2903_Ha.fits,15.3,no,2,6.208395,318
TTT2_QHY600-4_2026-02-14-00-13-51-310869_NGC2903_Ha.fits,15.3,no,3,5.176045,318
TTT2_QHY600-4_2026-02-14-00-13-51-310869_NGC2903_Ha.fits,15.3,no,4,5.493035,318
TTT2_QHY600-4_2026-02-14-00-13-51-310869_NGC2903_Ha.fits,15.3,no,5,5.098606,318
TTT2_QHY600-4_2026-02-14-00-13-51-310869_NGC2903_Ha.fits,15.3,yes,1,5.512331,318
TTT2_QHY600-4_2026-02-14-00-13-51-310869_NGC2903_Ha.fits,15.3,yes,2,6.065959,318
TTT2_QHY600-4_2026-02-14-00-13-51-310869_NGC2903_Ha.fits,15.3,yes,3,5.235364,318
TTT2_QHY600-4_2026-02-14-00-13-51-310869_NGC2903_Ha.fits,15.3,yes,4,5.690483,318
TTT2_QHY600-4_2026-02-14-00-13-51-310869_NGC2903_Ha.fits,15.3,yes,5,5.274158,318
TTT2_QHY600-4_2026-03-28-20-58-11-266552_1620_Lum.fits,15.3,no,1,10.823409,1993
TTT2_QHY600-4_2026-03-28-20-58-11-266552_1620_Lum.fits,15.3,no,2,11.211919,1993
TTT2_QHY600-4_2026-03-28-20-58-11-266552_1620_Lum.fits,15.3,no,3,10.816301,1993
TTT2_QHY600-4_2026-03-28-20-58-11-266552_1620_Lum.fits,15.3,no,4,11.016663,1993
TTT2_QHY600-4_2026-03-28-20-58-11-266552_1620_Lum.fits,15.3,no,5,11.284037,1993
TTT2_QHY600-4_2026-03-28-20-58-11-266552_1620_Lum.fits,15.3,yes,1,11.069141,1993
TTT2_QHY600-4_2026-03-28-20-58-11-266552_1620_Lum.fits,15.3,yes,2,11.192966,1993
TTT2_QHY600-4_2026-03-28-20-58-11-266552_1620_Lum.fits,15.3,yes,3,11.432531,1993
TTT2_QHY600-4_2026-03-28-20-58-11-266552_1620_Lum.fits,15.3,yes,4,11.356921,1993
TTT2_QHY600-4_2026-03-28-20-58-11-266552_1620_Lum.fits,15.3,yes,5,11.428310,1993
TTT2_QHY600-4_2026-03-31-03-42-50-839737_hermione_SDSSg.fits,15.3,no,1,17.321706,4361
TTT2_QHY600-4_2026-03-31-03-42-50-839737_hermione_SDSSg.fits,15.3,no,2,16.895244,4361
TTT2_QHY600-4_2026-03-31-03-42-50-839737_hermione_SDSSg.fits,15.3,no,3,16.918659,4361
TTT2_QHY600-4_2026-03-31-03-42-50-839737_hermione_SDSSg.fits,15.3,no,4,17.991813,4361
TTT2_QHY600-4_2026-03-31-03-42-50-839737_hermione_SDSSg.fits,15.3,no,5,18.004777,4361
TTT2_QHY600-4_2026-03-31-03-42-50-839737_hermione_SDSSg.fits,15.3,yes,1,18.226246,4361
TTT2_QHY600-4_2026-03-31-03-42-50-839737_hermione_SDSSg.fits,15.3,yes,2,17.364904,4361
TTT2_QHY600-4_2026-03-31-03-42-50-839737_hermione_SDSSg.fits,15.3,yes,3,17.535286,4361
TTT2_QHY600-4_2026-03-31-03-42-50-839737_hermione_SDSSg.fits,15.3,yes,4,17.451991,4361
TTT2_QHY600-4_2026-03-31-03-42-50-839737_hermione_SDSSg.fits,15.3,yes,5,17.559739,4361
TTT2_QHY600-4_2026-04-03-03-21-23-435107_MAXIJ1820+070_SDSSi.fits,15.3,no,1,14.968822,10532
TTT2_QHY600-4_2026-04-03-03-21-23-435107_MAXIJ1820+070_SDSSi.fits,15.3,no,2,15.258940,10532
TTT2_QHY600-4_2026-04-03-03-21-23-435107_MAXIJ1820+070_SDSSi.fits,15.3,no,3,14.994236,10532
TTT2_QHY600-4_2026-04-03-03-21-23-435107_MAXIJ1820+070_SDSSi.fits,15.3,no,4,15.436291,10532
TTT2_QHY600-4_2026-04-03-03-21-23-435107_MAXIJ1820+070_SDSSi.fits,15.3,no,5,15.368848,10532
TTT2_QHY600-4_2026-04-03-03-21-23-435107_MAXIJ1820+070_SDSSi.fits,15.3,yes,1,16.073258,10532
TTT2_QHY600-4_2026-04-03-03-21-23-435107_MAXIJ1820+070_SDSSi.fits,15.3,yes,2,15.278811,10532
TTT2_QHY600-4_2026-04-03-03-21-23-435107_MAXIJ1820+070_SDSSi.fits,15.3,yes,3,15.242182,10532
TTT2_QHY600-4_2026-04-03-03-21-23-435107_MAXIJ1820+070_SDSSi.fits,15.3,yes,4,15.070041,10532
TTT2_QHY600-4_2026-04-03-03-21-23-435107_MAXIJ1820+070_SDSSi.fits,15.3,yes,5,14.991323,10532
TTT1_QHY411-1_2026-03-09-21-22-48-661122_2012QD8_Lum.fits,37.8,no,1,7.451492,154
TTT1_QHY411-1_2026-03-09-21-22-48-661122_2012QD8_Lum.fits,37.8,no,2,7.025509,154
TTT1_QHY411-1_2026-03-09-21-22-48-661122_2012QD8_Lum.fits,37.8,no,3,7.948060,154
TTT1_QHY411-1_2026-03-09-21-22-48-661122_2012QD8_Lum.fits,37.8,no,4,7.800560,154
TTT1_QHY411-1_2026-03-09-21-22-48-661122_2012QD8_Lum.fits,37.8,no,5,7.133912,154
TTT1_QHY411-1_2026-03-09-21-22-48-661122_2012QD8_Lum.fits,37.8,yes,1,7.300867,154
TTT1_QHY411-1_2026-03-09-21-22-48-661122_2012QD8_Lum.fits,37.8,yes,2,7.204601,154
TTT1_QHY411-1_2026-03-09-21-22-48-661122_2012QD8_Lum.fits,37.8,yes,3,7.150851,154
TTT1_QHY411-1_2026-03-09-21-22-48-661122_2012QD8_Lum.fits,37.8,yes,4,7.395407,154
TTT1_QHY411-1_2026-03-09-21-22-48-661122_2012QD8_Lum.fits,37.8,yes,5,7.375328,154
TTT1_QHY411-1_2026-02-14-03-52-12-471080_GaiaDR33534005919872722560_SDSSi.fits,37.8,no,1,7.902323,247
TTT1_QHY411-1_2026-02-14-03-52-12-471080_GaiaDR33534005919872722560_SDSSi.fits,37.8,no,2,8.073345,247
TTT1_QHY411-1_2026-02-14-03-52-12-471080_GaiaDR33534005919872722560_SDSSi.fits,37.8,no,3,8.556671,247
TTT1_QHY411-1_2026-02-14-03-52-12-471080_GaiaDR33534005919872722560_SDSSi.fits,37.8,no,4,8.018681,247
TTT1_QHY411-1_2026-02-14-03-52-12-471080_GaiaDR33534005919872722560_SDSSi.fits,37.8,no,5,8.691168,247
TTT1_QHY411-1_2026-02-14-03-52-12-471080_GaiaDR33534005919872722560_SDSSi.fits,37.8,yes,1,8.820842,247
TTT1_QHY411-1_2026-02-14-03-52-12-471080_GaiaDR33534005919872722560_SDSSi.fits,37.8,yes,2,8.490789,247
TTT1_QHY411-1_2026-02-14-03-52-12-471080_GaiaDR33534005919872722560_SDSSi.fits,37.8,yes,3,8.289847,247
TTT1_QHY411-1_2026-02-14-03-52-12-471080_GaiaDR33534005919872722560_SDSSi.fits,37.8,yes,4,8.037205,247
TTT1_QHY411-1_2026-02-14-03-52-12-471080_GaiaDR33534005919872722560_SDSSi.fits,37.8,yes,5,8.075049,247
TTT1_QHY411-1_2026-04-07-21-24-09-765452_Eugenia_SDSSg.fits,37.8,no,1,17.933856,2391
TTT1_QHY411-1_2026-04-07-21-24-09-765452_Eugenia_SDSSg.fits,37.8,no,2,18.076892,2391
TTT1_QHY411-1_2026-04-07-21-24-09-765452_Eugenia_SDSSg.fits,37.8,no,3,18.759959,2391
TTT1_QHY411-1_2026-04-07-21-24-09-765452_Eugenia_SDSSg.fits,37.8,no,4,18.000603,2391
TTT1_QHY411-1_2026-04-07-21-24-09-765452_Eugenia_SDSSg.fits,37.8,no,5,17.419953,2391
TTT1_QHY411-1_2026-04-07-21-24-09-765452_Eugenia_SDSSg.fits,37.8,yes,1,17.693982,2391
TTT1_QHY411-1_2026-04-07-21-24-09-765452_Eugenia_SDSSg.fits,37.8,yes,2,17.732436,2391
TTT1_QHY411-1_2026-04-07-21-24-09-765452_Eugenia_SDSSg.fits,37.8,yes,3,17.668070,2391
TTT1_QHY411-1_2026-04-07-21-24-09-765452_Eugenia_SDSSg.fits,37.8,yes,4,18.118108,2391
TTT1_QHY411-1_2026-04-07-21-24-09-765452_Eugenia_SDSSg.fits,37.8,yes,5,17.165670,2391
TTT1_QHY411-1_2026-03-16-20-27-44-616412_V445Pup-griz_SDSSr.fits,37.8,no,1,23.356833,6932
TTT1_QHY411-1_2026-03-16-20-27-44-616412_V445Pup-griz_SDSSr.fits,37.8,no,2,24.240209,6932
TTT1_QHY411-1_2026-03-16-20-27-44-616412_V445Pup-griz_SDSSr.fits,37.8,no,3,23.161963,6932
TTT1_QHY411-1_2026-03-16-20-27-44-616412_V445Pup-griz_SDSSr.fits,37.8,no,4,22.808297,6932
TTT1_QHY411-1_2026-03-16-20-27-44-616412_V445Pup-griz_SDSSr.fits,37.8,no,5,23.840023,6932
TTT1_QHY411-1_2026-03-16-20-27-44-616412_V445Pup-griz_SDSSr.fits,37.8,yes,1,23.240220,6932
TTT1_QHY411-1_2026-03-16-20-27-44-616412_V445Pup-griz_SDSSr.fits,37.8,yes,2,22.757608,6932
TTT1_QHY411-1_2026-03-16-20-27-44-616412_V445Pup-griz_SDSSr.fits,37.8,yes,3,22.850521,6932
TTT1_QHY411-1_2026-03-16-20-27-44-616412_V445Pup-griz_SDSSr.fits,37.8,yes,4,22.737605,6932
TTT1_QHY411-1_2026-03-16-20-27-44-616412_V445Pup-griz_SDSSr.fits,37.8,yes,5,23.286686,6932
TTT1_QHY411-1_2025-08-14-23-52-42-828197_2025PR1_Lum.fits,151.2,no,1,26.030320,428
TTT1_QHY411-1_2025-08-14-23-52-42-828197_2025PR1_Lum.fits,151.2,no,2,25.706724,428
TTT1_QHY411-1_2025-08-14-23-52-42-828197_2025PR1_Lum.fits,151.2,no,3,26.766026,428
TTT1_QHY411-1_2025-08-14-23-52-42-828197_2025PR1_Lum.fits,151.2,no,4,27.439488,428
TTT1_QHY411-1_2025-08-14-23-52-42-828197_2025PR1_Lum.fits,151.2,no,5,25.817544,428
TTT1_QHY411-1_2025-08-14-23-52-42-828197_2025PR1_Lum.fits,151.2,yes,1,25.177755,428
TTT1_QHY411-1_2025-08-14-23-52-42-828197_2025PR1_Lum.fits,151.2,yes,2,25.280384,428
TTT1_QHY411-1_2025-08-14-23-52-42-828197_2025PR1_Lum.fits,151.2,yes,3,25.089183,428
TTT1_QHY411-1_2025-08-14-23-52-42-828197_2025PR1_Lum.fits,151.2,yes,4,25.484517,428
TTT1_QHY411-1_2025-08-14-23-52-42-828197_2025PR1_Lum.fits,151.2,yes,5,25.559219,428
TST_QHY411-3_2026-03-17-04-00-21-799080_M106_SDSSg.fits,151.2,no,1,48.638039,10005
TST_QHY411-3_2026-03-17-04-00-21-799080_M106_SDSSg.fits,151.2,no,2,47.626562,10005
TST_QHY411-3_2026-03-17-04-00-21-799080_M106_SDSSg.fits,151.2,no,3,49.435655,10005
TST_QHY411-3_2026-03-17-04-00-21-799080_M106_SDSSg.fits,151.2,no,4,49.227760,10005
TST_QHY411-3_2026-03-17-04-00-21-799080_M106_SDSSg.fits,151.2,no,5,47.314106,10005
TST_QHY411-3_2026-03-17-04-00-21-799080_M106_SDSSg.fits,151.2,yes,1,47.848086,10005
TST_QHY411-3_2026-03-17-04-00-21-799080_M106_SDSSg.fits,151.2,yes,2,47.494022,10005
TST_QHY411-3_2026-03-17-04-00-21-799080_M106_SDSSg.fits,151.2,yes,3,48.220957,10005
TST_QHY411-3_2026-03-17-04-00-21-799080_M106_SDSSg.fits,151.2,yes,4,59.377159,10005
TST_QHY411-3_2026-03-17-04-00-21-799080_M106_SDSSg.fits,151.2,yes,5,48.465374,10005
TST_QHY411-3_2026-02-14-23-09-41-463160_M81_SDSSr.fits,151.2,no,1,44.561951,14241
TST_QHY411-3_2026-02-14-23-09-41-463160_M81_SDSSr.fits,151.2,no,2,43.679273,14241
TST_QHY411-3_2026-02-14-23-09-41-463160_M81_SDSSr.fits,151.2,no,3,45.301611,14241
TST_QHY411-3_2026-02-14-23-09-41-463160_M81_SDSSr.fits,151.2,no,4,53.341660,14241
TST_QHY411-3_2026-02-14-23-09-41-463160_M81_SDSSr.fits,151.2,no,5,48.089056,14241
TST_QHY411-3_2026-02-14-23-09-41-463160_M81_SDSSr.fits,151.2,yes,1,44.777653,14241
TST_QHY411-3_2026-02-14-23-09-41-463160_M81_SDSSr.fits,151.2,yes,2,46.026751,14241
TST_QHY411-3_2026-02-14-23-09-41-463160_M81_SDSSr.fits,151.2,yes,3,47.040441,14241
TST_QHY411-3_2026-02-14-23-09-41-463160_M81_SDSSr.fits,151.2,yes,4,44.811092,14241
TST_QHY411-3_2026-02-14-23-09-41-463160_M81_SDSSr.fits,151.2,yes,5,46.372046,14241
TST_QHY411-3_2026-02-14-06-35-10-547282_24P_Lum.fits,151.2,no,1,58.332385,18888
TST_QHY411-3_2026-02-14-06-35-10-547282_24P_Lum.fits,151.2,no,2,57.872149,18888
TST_QHY411-3_2026-02-14-06-35-10-547282_24P_Lum.fits,151.2,no,3,66.393424,18888
TST_QHY411-3_2026-02-14-06-35-10-547282_24P_Lum.fits,151.2,no,4,57.069766,18888
TST_QHY411-3_2026-02-14-06-35-10-547282_24P_Lum.fits,151.2,no,5,58.413040,18888
TST_QHY411-3_2026-02-14-06-35-10-547282_24P_Lum.fits,151.2,yes,1,59.552032,18888
TST_QHY411-3_2026-02-14-06-35-10-547282_24P_Lum.fits,151.2,yes,2,60.114529,18888
TST_QHY411-3_2026-02-14-06-35-10-547282_24P_Lum.fits,151.2,yes,3,60.021718,18888
TST_QHY411-3_2026-02-14-06-35-10-547282_24P_Lum.fits,151.2,yes,4,62.070652,18888
TST_QHY411-3_2026-02-14-06-35-10-547282_24P_Lum.fits,151.2,yes,5,57.852501,18888
TST_QHY411-3_2026-03-16-22-54-47-549608_NGC2683_SDSSr.fits,151.2,no,1,51.668540,19565
TST_QHY411-3_2026-03-16-22-54-47-549608_NGC2683_SDSSr.fits,151.2,no,2,53.848570,19565
TST_QHY411-3_2026-03-16-22-54-47-549608_NGC2683_SDSSr.fits,151.2,no,3,53.541850,19565
TST_QHY411-3_2026-03-16-22-54-47-549608_NGC2683_SDSSr.fits,151.2,no,4,52.401884,19565
TST_QHY411-3_2026-03-16-22-54-47-549608_NGC2683_SDSSr.fits,151.2,no,5,52.295830,19565
TST_QHY411-3_2026-03-16-22-54-47-549608_NGC2683_SDSSr.fits,151.2,yes,1,52.776707,19565
TST_QHY411-3_2026-03-16-22-54-47-549608_NGC2683_SDSSr.fits,151.2,yes,2,51.633909,19565
TST_QHY411-3_2026-03-16-22-54-47-549608_NGC2683_SDSSr.fits,151.2,yes,3,52.383312,19565
TST_QHY411-3_2026-03-16-22-54-47-549608_NGC2683_SDSSr.fits,151.2,yes,4,53.120178,19565
TST_QHY411-3_2026-03-16-22-54-47-549608_NGC2683_SDSSr.fits,151.2,yes,5,52.781096,19565
TST_QHY411-3_2026-03-16-20-28-14-304289_C2025N1_Lum.fits,151.2,no,1,116.897840,131397
TST_QHY411-3_2026-03-16-20-28-14-304289_C2025N1_Lum.fits,151.2,no,2,115.941610,131397
TST_QHY411-3_2026-03-16-20-28-14-304289_C2025N1_Lum.fits,151.2,no,3,115.688801,131397
TST_QHY411-3_2026-03-16-20-28-14-304289_C2025N1_Lum.fits,151.2,no,4,117.909232,131397
TST_QHY411-3_2026-03-16-20-28-14-304289_C2025N1_Lum.fits,151.2,no,5,115.718463,131397
TST_QHY411-3_2026-03-16-20-28-14-304289_C2025N1_Lum.fits,151.2,yes,1,120.004393,131397
TST_QHY411-3_2026-03-16-20-28-14-304289_C2025N1_Lum.fits,151.2,yes,2,115.543739,131397
TST_QHY411-3_2026-03-16-20-28-14-304289_C2025N1_Lum.fits,151.2,yes,3,119.479347,131397
TST_QHY411-3_2026-03-16-20-28-14-304289_C2025N1_Lum.fits,151.2,yes,4,116.332947,131397
TST_QHY411-3_2026-03-16-20-28-14-304289_C2025N1_Lum.fits,151.2,yes,5,117.543530,131397
