# Post-fix gap-fill: RTX 3090, QHY411-1_SDSSr_7k (37.8 MP), py3.12 adaptive (2026-09-10).
machine,gpu_name,python_ver,profiler_label,environment,image_label,mp,execution_time,n_sources_detected,timestamp,catalog_backend,remeasure_round,gpu_power_limit_w,gpu_power_draw_w,gpu_temp_c,session,rep,is_warmup,image_file
ttt_server,NVIDIA GeForce RTX 3090,3.12.3,py312_cuml_adaptive,profiler_cuml_adaptive_postfix,QHY411-1_SDSSr_7k,37.8,67.194798,12832,2026-09-10T10:04:39.607Z,local,postfix_2026-09-10,350.00,26.81,50,ttt_server_postfix_gap_20260910_100437,0,1,TTT1_QHY411-1_2026-03-16-20-27-44-616412_V445Pup-griz_SDSSr.fits
ttt_server,NVIDIA GeForce RTX 3090,3.12.3,py312_cuml_adaptive,profiler_cuml_adaptive_postfix,QHY411-1_SDSSr_7k,37.8,34.832645,12832,2026-09-10T10:06:11.283Z,local,postfix_2026-09-10,350.00,129.31,57,ttt_server_postfix_gap_20260910_100437,0,1,TTT1_QHY411-1_2026-03-16-20-27-44-616412_V445Pup-griz_SDSSr.fits
ttt_server,NVIDIA GeForce RTX 3090,3.12.3,py312_cuml_adaptive,profiler_cuml_adaptive_postfix,QHY411-1_SDSSr_7k,37.8,34.567646,12832,2026-09-10T10:07:02.681Z,local,postfix_2026-09-10,350.00,153.78,60,ttt_server_postfix_gap_20260910_100437,1,0,TTT1_QHY411-1_2026-03-16-20-27-44-616412_V445Pup-griz_SDSSr.fits
ttt_server,NVIDIA GeForce RTX 3090,3.12.3,py312_cuml_adaptive,profiler_cuml_adaptive_postfix,QHY411-1_SDSSr_7k,37.8,32.437549,12832,2026-09-10T10:08:03.814Z,local,postfix_2026-09-10,350.00,129.44,59,ttt_server_postfix_gap_20260910_100437,3,0,TTT1_QHY411-1_2026-03-16-20-27-44-616412_V445Pup-griz_SDSSr.fits
ttt_server,NVIDIA GeForce RTX 3090,3.12.3,py312_cuml_adaptive,profiler_cuml_adaptive_postfix,QHY411-1_SDSSr_7k,37.8,33.624610,12832,2026-09-10T10:08:48.588Z,local,postfix_2026-09-10,350.00,154.89,61,ttt_server_postfix_gap_20260910_100437,4,0,TTT1_QHY411-1_2026-03-16-20-27-44-616412_V445Pup-griz_SDSSr.fits
ttt_server,NVIDIA GeForce RTX 3090,3.12.3,py312_cuml_adaptive,profiler_cuml_adaptive_postfix,QHY411-1_SDSSr_7k,37.8,32.944115,12832,2026-09-10T10:09:34.873Z,local,postfix_2026-09-10,350.00,151.24,62,ttt_server_postfix_gap_20260910_100437,5,0,TTT1_QHY411-1_2026-03-16-20-27-44-616412_V445Pup-griz_SDSSr.fits
ttt_server,NVIDIA GeForce RTX 3090,3.12.3,py312_cuml_adaptive,profiler_cuml_adaptive_postfix,QHY411-1_SDSSr_7k,37.8,32.618148,12832,2026-09-10T10:10:21.864Z,local,postfix_2026-09-10,350.00,124.78,61,ttt_server_postfix_gap_20260910_100437,6,0,TTT1_QHY411-1_2026-03-16-20-27-44-616412_V445Pup-griz_SDSSr.fits
ttt_server,NVIDIA GeForce RTX 3090,3.12.3,py312_cuml_adaptive,profiler_cuml_adaptive_postfix,QHY411-1_SDSSr_7k,37.8,33.852314,12832,2026-09-10T10:11:27.370Z,local,postfix_2026-09-10,350.00,124.42,60,ttt_server_postfix_gap_20260910_100437,8,0,TTT1_QHY411-1_2026-03-16-20-27-44-616412_V445Pup-griz_SDSSr.fits
ttt_server,NVIDIA GeForce RTX 3090,3.12.3,py312_cuml_adaptive,profiler_cuml_adaptive_postfix,QHY411-1_SDSSr_7k,37.8,35.746632,12832,2026-09-10T10:12:12.934Z,local,postfix_2026-09-10,350.00,153.20,62,ttt_server_postfix_gap_20260910_100437,9,0,TTT1_QHY411-1_2026-03-16-20-27-44-616412_V445Pup-griz_SDSSr.fits
ttt_server,NVIDIA GeForce RTX 3090,3.12.3,py312_cuml_adaptive,profiler_cuml_adaptive_postfix,QHY411-1_SDSSr_7k,37.8,32.893109,12832,2026-09-10T10:13:01.788Z,local,postfix_2026-09-10,350.00,153.46,62,ttt_server_postfix_gap_20260910_100437,10,0,TTT1_QHY411-1_2026-03-16-20-27-44-616412_V445Pup-griz_SDSSr.fits
ttt_server,NVIDIA GeForce RTX 3090,3.12.3,py312_cuml_adaptive,profiler_cuml_adaptive_postfix,QHY411-1_SDSSr_7k,37.8,47.852619,12832,2026-09-10T10:13:48.358Z,local,postfix_2026-09-10,350.00,124.97,59,ttt_server_postfix_gap_20260910_100437,11,0,TTT1_QHY411-1_2026-03-16-20-27-44-616412_V445Pup-griz_SDSSr.fits
ttt_server,NVIDIA GeForce RTX 3090,3.12.3,py312_cuml_adaptive,profiler_cuml_adaptive_postfix,QHY411-1_SDSSr_7k,37.8,47.188091,12832,2026-09-10T10:14:50.623Z,local,postfix_2026-09-10,350.00,120.47,58,ttt_server_postfix_gap_20260910_100437,12,0,TTT1_QHY411-1_2026-03-16-20-27-44-616412_V445Pup-griz_SDSSr.fits
ttt_server,NVIDIA GeForce RTX 3090,3.12.3,py312_cuml_adaptive,profiler_cuml_adaptive_postfix,QHY411-1_SDSSr_7k,37.8,40.930641,12832,2026-09-10T10:15:55.903Z,local,postfix_2026-09-10,350.00,31.51,56,ttt_server_postfix_gap_20260910_100437,13,0,TTT1_QHY411-1_2026-03-16-20-27-44-616412_V445Pup-griz_SDSSr.fits
ttt_server,NVIDIA GeForce RTX 3090,3.12.3,py312_cuml_adaptive,profiler_cuml_adaptive_postfix,QHY411-1_SDSSr_7k,37.8,35.847354,12832,2026-09-10T10:16:55.074Z,local,postfix_2026-09-10,350.00,150.16,61,ttt_server_postfix_gap_20260910_100437,14,0,TTT1_QHY411-1_2026-03-16-20-27-44-616412_V445Pup-griz_SDSSr.fits
ttt_server,NVIDIA GeForce RTX 3090,3.12.3,py312_cuml_adaptive,profiler_cuml_adaptive_postfix,QHY411-1_SDSSr_7k,37.8,35.825885,12832,2026-09-10T10:18:10.375Z,local,postfix_2026-09-10,350.00,122.40,58,ttt_server_postfix_gap_20260910_100437,17,0,TTT1_QHY411-1_2026-03-16-20-27-44-616412_V445Pup-griz_SDSSr.fits
ttt_server,NVIDIA GeForce RTX 3090,3.12.3,py312_cuml_adaptive,profiler_cuml_adaptive_postfix,QHY411-1_SDSSr_7k,37.8,35.389576,12832,2026-09-10T10:19:01.908Z,local,postfix_2026-09-10,350.00,153.14,61,ttt_server_postfix_gap_20260910_100437,18,0,TTT1_QHY411-1_2026-03-16-20-27-44-616412_V445Pup-griz_SDSSr.fits
ttt_server,NVIDIA GeForce RTX 3090,3.12.3,py312_cuml_adaptive,profiler_cuml_adaptive_postfix,QHY411-1_SDSSr_7k,37.8,34.376101,12832,2026-09-10T10:20:05.914Z,local,postfix_2026-09-10,350.00,123.42,59,ttt_server_postfix_gap_20260910_100437,20,0,TTT1_QHY411-1_2026-03-16-20-27-44-616412_V445Pup-griz_SDSSr.fits
