# Post-fix measurements: RTX 3090, py3.12 adaptive cuML, local catalog (2026-09-10).
machine,gpu_name,python_ver,profiler_label,environment,image_label,mp,execution_time,n_sources_detected,timestamp,catalog_backend,remeasure_round,gpu_power_limit_w,gpu_power_draw_w,gpu_temp_c,session,rep,is_warmup,image_file
ttt_server,NVIDIA GeForce RTX 3090,3.12.3,py312_cuml_adaptive,profiler_cuml_adaptive_postfix,iKon936_Lum,4.2,22.249564,228,2026-09-10T07:22:30.427Z,local,postfix_2026-09-10,350.00,29.67,49,ttt_server_postfix_20260910_072227,0,1,TTT3_iKon936-1_2025-09-15-05-31-52-256207_C2025A6_Lum.fits
ttt_server,NVIDIA GeForce RTX 3090,3.12.3,py312_cuml_adaptive,profiler_cuml_adaptive_postfix,iKon936_Lum,4.2,7.773914,228,2026-09-10T07:23:18.453Z,local,postfix_2026-09-10,350.00,117.18,54,ttt_server_postfix_20260910_072227,0,1,TTT3_iKon936-1_2025-09-15-05-31-52-256207_C2025A6_Lum.fits
ttt_server,NVIDIA GeForce RTX 3090,3.12.3,py312_cuml_adaptive,profiler_cuml_adaptive_postfix,iKon936_Lum,4.2,8.261013,228,2026-09-10T07:23:31.825Z,local,postfix_2026-09-10,350.00,118.61,55,ttt_server_postfix_20260910_072227,1,0,TTT3_iKon936-1_2025-09-15-05-31-52-256207_C2025A6_Lum.fits
ttt_server,NVIDIA GeForce RTX 3090,3.12.3,py312_cuml_adaptive,profiler_cuml_adaptive_postfix,iKon936_Lum,4.2,9.563680,228,2026-09-10T07:23:45.413Z,local,postfix_2026-09-10,350.00,119.67,56,ttt_server_postfix_20260910_072227,2,0,TTT3_iKon936-1_2025-09-15-05-31-52-256207_C2025A6_Lum.fits
ttt_server,NVIDIA GeForce RTX 3090,3.12.3,py312_cuml_adaptive,profiler_cuml_adaptive_postfix,iKon936_Lum,4.2,7.732498,228,2026-09-10T07:24:00.326Z,local,postfix_2026-09-10,350.00,120.39,57,ttt_server_postfix_20260910_072227,3,0,TTT3_iKon936-1_2025-09-15-05-31-52-256207_C2025A6_Lum.fits
ttt_server,NVIDIA GeForce RTX 3090,3.12.3,py312_cuml_adaptive,profiler_cuml_adaptive_postfix,iKon936_Lum,4.2,7.908173,228,2026-09-10T07:24:13.599Z,local,postfix_2026-09-10,350.00,121.17,57,ttt_server_postfix_20260910_072227,4,0,TTT3_iKon936-1_2025-09-15-05-31-52-256207_C2025A6_Lum.fits
ttt_server,NVIDIA GeForce RTX 3090,3.12.3,py312_cuml_adaptive,profiler_cuml_adaptive_postfix,iKon936_Lum,4.2,7.803131,228,2026-09-10T07:24:26.852Z,local,postfix_2026-09-10,350.00,120.61,57,ttt_server_postfix_20260910_072227,5,0,TTT3_iKon936-1_2025-09-15-05-31-52-256207_C2025A6_Lum.fits
ttt_server,NVIDIA GeForce RTX 3090,3.12.3,py312_cuml_adaptive,profiler_cuml_adaptive_postfix,iKon936_Lum,4.2,7.572733,228,2026-09-10T07:24:40.101Z,local,postfix_2026-09-10,350.00,122.25,58,ttt_server_postfix_20260910_072227,6,0,TTT3_iKon936-1_2025-09-15-05-31-52-256207_C2025A6_Lum.fits
ttt_server,NVIDIA GeForce RTX 3090,3.12.3,py312_cuml_adaptive,profiler_cuml_adaptive_postfix,iKon936_Lum,4.2,7.625834,228,2026-09-10T07:24:53.345Z,local,postfix_2026-09-10,350.00,121.37,58,ttt_server_postfix_20260910_072227,7,0,TTT3_iKon936-1_2025-09-15-05-31-52-256207_C2025A6_Lum.fits
ttt_server,NVIDIA GeForce RTX 3090,3.12.3,py312_cuml_adaptive,profiler_cuml_adaptive_postfix,iKon936_Lum,4.2,7.681629,228,2026-09-10T07:25:06.330Z,local,postfix_2026-09-10,350.00,121.28,58,ttt_server_postfix_20260910_072227,8,0,TTT3_iKon936-1_2025-09-15-05-31-52-256207_C2025A6_Lum.fits
ttt_server,NVIDIA GeForce RTX 3090,3.12.3,py312_cuml_adaptive,profiler_cuml_adaptive_postfix,iKon936_Lum,4.2,7.556988,228,2026-09-10T07:25:19.400Z,local,postfix_2026-09-10,350.00,121.68,58,ttt_server_postfix_20260910_072227,9,0,TTT3_iKon936-1_2025-09-15-05-31-52-256207_C2025A6_Lum.fits
ttt_server,NVIDIA GeForce RTX 3090,3.12.3,py312_cuml_adaptive,profiler_cuml_adaptive_postfix,iKon936_Lum,4.2,7.702726,228,2026-09-10T07:25:32.326Z,local,postfix_2026-09-10,350.00,121.61,58,ttt_server_postfix_20260910_072227,10,0,TTT3_iKon936-1_2025-09-15-05-31-52-256207_C2025A6_Lum.fits
ttt_server,NVIDIA GeForce RTX 3090,3.12.3,py312_cuml_adaptive,profiler_cuml_adaptive_postfix,iKon936_Lum,4.2,9.297741,228,2026-09-10T07:25:45.364Z,local,postfix_2026-09-10,350.00,121.80,58,ttt_server_postfix_20260910_072227,11,0,TTT3_iKon936-1_2025-09-15-05-31-52-256207_C2025A6_Lum.fits
ttt_server,NVIDIA GeForce RTX 3090,3.12.3,py312_cuml_adaptive,profiler_cuml_adaptive_postfix,iKon936_Lum,4.2,7.613017,228,2026-09-10T07:25:59.929Z,local,postfix_2026-09-10,350.00,121.69,58,ttt_server_postfix_20260910_072227,12,0,TTT3_iKon936-1_2025-09-15-05-31-52-256207_C2025A6_Lum.fits
ttt_server,NVIDIA GeForce RTX 3090,3.12.3,py312_cuml_adaptive,profiler_cuml_adaptive_postfix,iKon936_Lum,4.2,7.703626,228,2026-09-10T07:26:13.031Z,local,postfix_2026-09-10,350.00,122.13,59,ttt_server_postfix_20260910_072227,13,0,TTT3_iKon936-1_2025-09-15-05-31-52-256207_C2025A6_Lum.fits
ttt_server,NVIDIA GeForce RTX 3090,3.12.3,py312_cuml_adaptive,profiler_cuml_adaptive_postfix,iKon936_Lum,4.2,7.625304,228,2026-09-10T07:26:26.137Z,local,postfix_2026-09-10,350.00,122.21,59,ttt_server_postfix_20260910_072227,14,0,TTT3_iKon936-1_2025-09-15-05-31-52-256207_C2025A6_Lum.fits
ttt_server,NVIDIA GeForce RTX 3090,3.12.3,py312_cuml_adaptive,profiler_cuml_adaptive_postfix,iKon936_Lum,4.2,7.699337,228,2026-09-10T07:26:39.109Z,local,postfix_2026-09-10,350.00,122.44,59,ttt_server_postfix_20260910_072227,15,0,TTT3_iKon936-1_2025-09-15-05-31-52-256207_C2025A6_Lum.fits
ttt_server,NVIDIA GeForce RTX 3090,3.12.3,py312_cuml_adaptive,profiler_cuml_adaptive_postfix,iKon936_Lum,4.2,7.930127,228,2026-09-10T07:26:52.255Z,local,postfix_2026-09-10,350.00,122.07,58,ttt_server_postfix_20260910_072227,16,0,TTT3_iKon936-1_2025-09-15-05-31-52-256207_C2025A6_Lum.fits
ttt_server,NVIDIA GeForce RTX 3090,3.12.3,py312_cuml_adaptive,profiler_cuml_adaptive_postfix,iKon936_Lum,4.2,8.051056,228,2026-09-10T07:27:05.500Z,local,postfix_2026-09-10,350.00,122.43,59,ttt_server_postfix_20260910_072227,17,0,TTT3_iKon936-1_2025-09-15-05-31-52-256207_C2025A6_Lum.fits
ttt_server,NVIDIA GeForce RTX 3090,3.12.3,py312_cuml_adaptive,profiler_cuml_adaptive_postfix,iKon936_Lum,4.2,8.009086,228,2026-09-10T07:27:18.954Z,local,postfix_2026-09-10,350.00,122.71,59,ttt_server_postfix_20260910_072227,18,0,TTT3_iKon936-1_2025-09-15-05-31-52-256207_C2025A6_Lum.fits
ttt_server,NVIDIA GeForce RTX 3090,3.12.3,py312_cuml_adaptive,profiler_cuml_adaptive_postfix,iKon936_Lum,4.2,7.561446,228,2026-09-10T07:27:32.305Z,local,postfix_2026-09-10,350.00,122.63,59,ttt_server_postfix_20260910_072227,19,0,TTT3_iKon936-1_2025-09-15-05-31-52-256207_C2025A6_Lum.fits
ttt_server,NVIDIA GeForce RTX 3090,3.12.3,py312_cuml_adaptive,profiler_cuml_adaptive_postfix,iKon936_Lum,4.2,7.614633,228,2026-09-10T07:27:45.227Z,local,postfix_2026-09-10,350.00,121.90,59,ttt_server_postfix_20260910_072227,20,0,TTT3_iKon936-1_2025-09-15-05-31-52-256207_C2025A6_Lum.fits
ttt_server,NVIDIA GeForce RTX 3090,3.12.3,py312_cuml_adaptive,profiler_cuml_adaptive_postfix,QHY600-3_Lum,6.8,9.060035,8093,2026-09-10T07:28:01.618Z,local,postfix_2026-09-10,350.00,152.66,60,ttt_server_postfix_20260910_072227,0,1,TTT3_QHY600-3_2025-12-01-23-02-47-487643_C2025R2_Lum.fits
ttt_server,NVIDIA GeForce RTX 3090,3.12.3,py312_cuml_adaptive,profiler_cuml_adaptive_postfix,QHY600-3_Lum,6.8,8.194373,8093,2026-09-10T07:28:16.277Z,local,postfix_2026-09-10,350.00,122.64,59,ttt_server_postfix_20260910_072227,0,1,TTT3_QHY600-3_2025-12-01-23-02-47-487643_C2025R2_Lum.fits
ttt_server,NVIDIA GeForce RTX 3090,3.12.3,py312_cuml_adaptive,profiler_cuml_adaptive_postfix,QHY600-3_Lum,6.8,8.125594,8093,2026-09-10T07:28:29.882Z,local,postfix_2026-09-10,350.00,152.73,60,ttt_server_postfix_20260910_072227,1,0,TTT3_QHY600-3_2025-12-01-23-02-47-487643_C2025R2_Lum.fits
ttt_server,NVIDIA GeForce RTX 3090,3.12.3,py312_cuml_adaptive,profiler_cuml_adaptive_postfix,QHY600-3_Lum,6.8,8.002511,8093,2026-09-10T07:28:43.388Z,local,postfix_2026-09-10,350.00,151.74,61,ttt_server_postfix_20260910_072227,2,0,TTT3_QHY600-3_2025-12-01-23-02-47-487643_C2025R2_Lum.fits
ttt_server,NVIDIA GeForce RTX 3090,3.12.3,py312_cuml_adaptive,profiler_cuml_adaptive_postfix,QHY600-3_Lum,6.8,9.096323,8093,2026-09-10T07:28:56.716Z,local,postfix_2026-09-10,350.00,153.97,61,ttt_server_postfix_20260910_072227,3,0,TTT3_QHY600-3_2025-12-01-23-02-47-487643_C2025R2_Lum.fits
ttt_server,NVIDIA GeForce RTX 3090,3.12.3,py312_cuml_adaptive,profiler_cuml_adaptive_postfix,QHY600-3_Lum,6.8,8.131566,8093,2026-09-10T07:29:11.228Z,local,postfix_2026-09-10,350.00,152.94,61,ttt_server_postfix_20260910_072227,4,0,TTT3_QHY600-3_2025-12-01-23-02-47-487643_C2025R2_Lum.fits
ttt_server,NVIDIA GeForce RTX 3090,3.12.3,py312_cuml_adaptive,profiler_cuml_adaptive_postfix,QHY600-3_Lum,6.8,9.367657,8093,2026-09-10T07:29:24.861Z,local,postfix_2026-09-10,350.00,152.04,61,ttt_server_postfix_20260910_072227,5,0,TTT3_QHY600-3_2025-12-01-23-02-47-487643_C2025R2_Lum.fits
ttt_server,NVIDIA GeForce RTX 3090,3.12.3,py312_cuml_adaptive,profiler_cuml_adaptive_postfix,QHY600-3_Lum,6.8,8.305205,8093,2026-09-10T07:29:39.623Z,local,postfix_2026-09-10,350.00,153.08,61,ttt_server_postfix_20260910_072227,6,0,TTT3_QHY600-3_2025-12-01-23-02-47-487643_C2025R2_Lum.fits
ttt_server,NVIDIA GeForce RTX 3090,3.12.3,py312_cuml_adaptive,profiler_cuml_adaptive_postfix,QHY600-3_Lum,6.8,9.598210,8093,2026-09-10T07:29:53.308Z,local,postfix_2026-09-10,350.00,136.25,60,ttt_server_postfix_20260910_072227,7,0,TTT3_QHY600-3_2025-12-01-23-02-47-487643_C2025R2_Lum.fits
ttt_server,NVIDIA GeForce RTX 3090,3.12.3,py312_cuml_adaptive,profiler_cuml_adaptive_postfix,QHY600-3_Lum,6.8,8.556926,8093,2026-09-10T07:30:08.335Z,local,postfix_2026-09-10,350.00,152.91,61,ttt_server_postfix_20260910_072227,8,0,TTT3_QHY600-3_2025-12-01-23-02-47-487643_C2025R2_Lum.fits
ttt_server,NVIDIA GeForce RTX 3090,3.12.3,py312_cuml_adaptive,profiler_cuml_adaptive_postfix,QHY600-3_Lum,6.8,8.735076,8093,2026-09-10T07:30:22.417Z,local,postfix_2026-09-10,350.00,152.99,61,ttt_server_postfix_20260910_072227,9,0,TTT3_QHY600-3_2025-12-01-23-02-47-487643_C2025R2_Lum.fits
ttt_server,NVIDIA GeForce RTX 3090,3.12.3,py312_cuml_adaptive,profiler_cuml_adaptive_postfix,QHY600-3_Lum,6.8,8.425782,8093,2026-09-10T07:30:36.551Z,local,postfix_2026-09-10,350.00,153.95,61,ttt_server_postfix_20260910_072227,10,0,TTT3_QHY600-3_2025-12-01-23-02-47-487643_C2025R2_Lum.fits
ttt_server,NVIDIA GeForce RTX 3090,3.12.3,py312_cuml_adaptive,profiler_cuml_adaptive_postfix,QHY600-3_Lum,6.8,8.334534,8093,2026-09-10T07:30:50.381Z,local,postfix_2026-09-10,350.00,152.86,61,ttt_server_postfix_20260910_072227,11,0,TTT3_QHY600-3_2025-12-01-23-02-47-487643_C2025R2_Lum.fits
ttt_server,NVIDIA GeForce RTX 3090,3.12.3,py312_cuml_adaptive,profiler_cuml_adaptive_postfix,QHY600-3_Lum,6.8,8.897003,8093,2026-09-10T07:31:04.316Z,local,postfix_2026-09-10,350.00,124.30,60,ttt_server_postfix_20260910_072227,12,0,TTT3_QHY600-3_2025-12-01-23-02-47-487643_C2025R2_Lum.fits
ttt_server,NVIDIA GeForce RTX 3090,3.12.3,py312_cuml_adaptive,profiler_cuml_adaptive_postfix,QHY600-3_Lum,6.8,8.232718,8093,2026-09-10T07:31:18.634Z,local,postfix_2026-09-10,350.00,127.55,60,ttt_server_postfix_20260910_072227,13,0,TTT3_QHY600-3_2025-12-01-23-02-47-487643_C2025R2_Lum.fits
ttt_server,NVIDIA GeForce RTX 3090,3.12.3,py312_cuml_adaptive,profiler_cuml_adaptive_postfix,QHY600-3_Lum,6.8,8.174347,8093,2026-09-10T07:31:32.262Z,local,postfix_2026-09-10,350.00,153.67,61,ttt_server_postfix_20260910_072227,14,0,TTT3_QHY600-3_2025-12-01-23-02-47-487643_C2025R2_Lum.fits
ttt_server,NVIDIA GeForce RTX 3090,3.12.3,py312_cuml_adaptive,profiler_cuml_adaptive_postfix,QHY600-3_Lum,6.8,8.085202,8093,2026-09-10T07:31:45.877Z,local,postfix_2026-09-10,350.00,142.16,61,ttt_server_postfix_20260910_072227,15,0,TTT3_QHY600-3_2025-12-01-23-02-47-487643_C2025R2_Lum.fits
ttt_server,NVIDIA GeForce RTX 3090,3.12.3,py312_cuml_adaptive,profiler_cuml_adaptive_postfix,QHY600-3_Lum,6.8,8.204157,8093,2026-09-10T07:31:59.401Z,local,postfix_2026-09-10,350.00,152.43,61,ttt_server_postfix_20260910_072227,16,0,TTT3_QHY600-3_2025-12-01-23-02-47-487643_C2025R2_Lum.fits
ttt_server,NVIDIA GeForce RTX 3090,3.12.3,py312_cuml_adaptive,profiler_cuml_adaptive_postfix,QHY600-3_Lum,6.8,8.286581,8093,2026-09-10T07:32:13.214Z,local,postfix_2026-09-10,350.00,154.42,61,ttt_server_postfix_20260910_072227,17,0,TTT3_QHY600-3_2025-12-01-23-02-47-487643_C2025R2_Lum.fits
ttt_server,NVIDIA GeForce RTX 3090,3.12.3,py312_cuml_adaptive,profiler_cuml_adaptive_postfix,QHY600-3_Lum,6.8,8.010840,8093,2026-09-10T07:32:26.914Z,local,postfix_2026-09-10,350.00,154.95,62,ttt_server_postfix_20260910_072227,18,0,TTT3_QHY600-3_2025-12-01-23-02-47-487643_C2025R2_Lum.fits
ttt_server,NVIDIA GeForce RTX 3090,3.12.3,py312_cuml_adaptive,profiler_cuml_adaptive_postfix,QHY600-3_Lum,6.8,8.174074,8093,2026-09-10T07:32:40.325Z,local,postfix_2026-09-10,350.00,154.05,61,ttt_server_postfix_20260910_072227,19,0,TTT3_QHY600-3_2025-12-01-23-02-47-487643_C2025R2_Lum.fits
ttt_server,NVIDIA GeForce RTX 3090,3.12.3,py312_cuml_adaptive,profiler_cuml_adaptive_postfix,QHY600-3_Lum,6.8,8.248600,8093,2026-09-10T07:32:53.936Z,local,postfix_2026-09-10,350.00,152.87,61,ttt_server_postfix_20260910_072227,20,0,TTT3_QHY600-3_2025-12-01-23-02-47-487643_C2025R2_Lum.fits
ttt_server,NVIDIA GeForce RTX 3090,3.12.3,py312_cuml_adaptive,profiler_cuml_adaptive_postfix,QHY600-3_SDSSi_2k,6.8,9.499891,3515,2026-09-10T07:33:11.214Z,local,postfix_2026-09-10,350.00,152.29,60,ttt_server_postfix_20260910_072227,0,1,TTT3_QHY600-3_2026-03-16-05-18-39-643993_Atira_SDSSi.fits
ttt_server,NVIDIA GeForce RTX 3090,3.12.3,py312_cuml_adaptive,profiler_cuml_adaptive_postfix,QHY600-3_SDSSi_2k,6.8,8.773726,3515,2026-09-10T07:33:26.240Z,local,postfix_2026-09-10,350.00,151.57,60,ttt_server_postfix_20260910_072227,0,1,TTT3_QHY600-3_2026-03-16-05-18-39-643993_Atira_SDSSi.fits
ttt_server,NVIDIA GeForce RTX 3090,3.12.3,py312_cuml_adaptive,profiler_cuml_adaptive_postfix,QHY600-3_SDSSi_2k,6.8,8.526359,3515,2026-09-10T07:33:40.453Z,local,postfix_2026-09-10,350.00,153.55,61,ttt_server_postfix_20260910_072227,1,0,TTT3_QHY600-3_2026-03-16-05-18-39-643993_Atira_SDSSi.fits
ttt_server,NVIDIA GeForce RTX 3090,3.12.3,py312_cuml_adaptive,profiler_cuml_adaptive_postfix,QHY600-3_SDSSi_2k,6.8,10.372478,3515,2026-09-10T07:33:54.320Z,local,postfix_2026-09-10,350.00,141.94,60,ttt_server_postfix_20260910_072227,2,0,TTT3_QHY600-3_2026-03-16-05-18-39-643993_Atira_SDSSi.fits
ttt_server,NVIDIA GeForce RTX 3090,3.12.3,py312_cuml_adaptive,profiler_cuml_adaptive_postfix,QHY600-3_SDSSi_2k,6.8,8.833338,3515,2026-09-10T07:34:09.974Z,local,postfix_2026-09-10,350.00,154.57,61,ttt_server_postfix_20260910_072227,3,0,TTT3_QHY600-3_2026-03-16-05-18-39-643993_Atira_SDSSi.fits
ttt_server,NVIDIA GeForce RTX 3090,3.12.3,py312_cuml_adaptive,profiler_cuml_adaptive_postfix,QHY600-3_SDSSi_2k,6.8,8.963100,3515,2026-09-10T07:34:24.293Z,local,postfix_2026-09-10,350.00,154.54,61,ttt_server_postfix_20260910_072227,4,0,TTT3_QHY600-3_2026-03-16-05-18-39-643993_Atira_SDSSi.fits
ttt_server,NVIDIA GeForce RTX 3090,3.12.3,py312_cuml_adaptive,profiler_cuml_adaptive_postfix,QHY600-3_SDSSi_2k,6.8,8.966160,3515,2026-09-10T07:34:38.671Z,local,postfix_2026-09-10,350.00,153.75,61,ttt_server_postfix_20260910_072227,5,0,TTT3_QHY600-3_2026-03-16-05-18-39-643993_Atira_SDSSi.fits
ttt_server,NVIDIA GeForce RTX 3090,3.12.3,py312_cuml_adaptive,profiler_cuml_adaptive_postfix,QHY600-3_SDSSi_2k,6.8,10.287113,3515,2026-09-10T07:34:53.012Z,local,postfix_2026-09-10,350.00,153.19,61,ttt_server_postfix_20260910_072227,6,0,TTT3_QHY600-3_2026-03-16-05-18-39-643993_Atira_SDSSi.fits
ttt_server,NVIDIA GeForce RTX 3090,3.12.3,py312_cuml_adaptive,profiler_cuml_adaptive_postfix,QHY600-3_SDSSi_2k,6.8,9.123170,3515,2026-09-10T07:35:08.677Z,local,postfix_2026-09-10,350.00,152.02,61,ttt_server_postfix_20260910_072227,7,0,TTT3_QHY600-3_2026-03-16-05-18-39-643993_Atira_SDSSi.fits
ttt_server,NVIDIA GeForce RTX 3090,3.12.3,py312_cuml_adaptive,profiler_cuml_adaptive_postfix,QHY600-3_SDSSi_2k,6.8,10.457127,3515,2026-09-10T07:35:23.229Z,local,postfix_2026-09-10,350.00,123.98,60,ttt_server_postfix_20260910_072227,8,0,TTT3_QHY600-3_2026-03-16-05-18-39-643993_Atira_SDSSi.fits
ttt_server,NVIDIA GeForce RTX 3090,3.12.3,py312_cuml_adaptive,profiler_cuml_adaptive_postfix,QHY600-3_SDSSi_2k,6.8,9.515198,3515,2026-09-10T07:35:39.173Z,local,postfix_2026-09-10,350.00,148.95,61,ttt_server_postfix_20260910_072227,9,0,TTT3_QHY600-3_2026-03-16-05-18-39-643993_Atira_SDSSi.fits
ttt_server,NVIDIA GeForce RTX 3090,3.12.3,py312_cuml_adaptive,profiler_cuml_adaptive_postfix,QHY600-3_SDSSi_2k,6.8,9.354603,3515,2026-09-10T07:35:54.153Z,local,postfix_2026-09-10,350.00,152.25,61,ttt_server_postfix_20260910_072227,10,0,TTT3_QHY600-3_2026-03-16-05-18-39-643993_Atira_SDSSi.fits
ttt_server,NVIDIA GeForce RTX 3090,3.12.3,py312_cuml_adaptive,profiler_cuml_adaptive_postfix,QHY600-3_SDSSi_2k,6.8,9.079507,3515,2026-09-10T07:36:08.874Z,local,postfix_2026-09-10,350.00,127.44,60,ttt_server_postfix_20260910_072227,11,0,TTT3_QHY600-3_2026-03-16-05-18-39-643993_Atira_SDSSi.fits
ttt_server,NVIDIA GeForce RTX 3090,3.12.3,py312_cuml_adaptive,profiler_cuml_adaptive_postfix,QHY600-3_SDSSi_2k,6.8,9.568232,3515,2026-09-10T07:36:23.389Z,local,postfix_2026-09-10,350.00,152.22,61,ttt_server_postfix_20260910_072227,12,0,TTT3_QHY600-3_2026-03-16-05-18-39-643993_Atira_SDSSi.fits
ttt_server,NVIDIA GeForce RTX 3090,3.12.3,py312_cuml_adaptive,profiler_cuml_adaptive_postfix,QHY600-3_SDSSi_2k,6.8,8.923619,3515,2026-09-10T07:36:38.428Z,local,postfix_2026-09-10,350.00,152.45,61,ttt_server_postfix_20260910_072227,13,0,TTT3_QHY600-3_2026-03-16-05-18-39-643993_Atira_SDSSi.fits
ttt_server,NVIDIA GeForce RTX 3090,3.12.3,py312_cuml_adaptive,profiler_cuml_adaptive_postfix,QHY600-3_SDSSi_2k,6.8,9.432366,3515,2026-09-10T07:36:52.792Z,local,postfix_2026-09-10,350.00,154.09,61,ttt_server_postfix_20260910_072227,14,0,TTT3_QHY600-3_2026-03-16-05-18-39-643993_Atira_SDSSi.fits
ttt_server,NVIDIA GeForce RTX 3090,3.12.3,py312_cuml_adaptive,profiler_cuml_adaptive_postfix,QHY600-3_SDSSi_2k,6.8,9.142064,3515,2026-09-10T07:37:07.670Z,local,postfix_2026-09-10,350.00,153.32,61,ttt_server_postfix_20260910_072227,15,0,TTT3_QHY600-3_2026-03-16-05-18-39-643993_Atira_SDSSi.fits
ttt_server,NVIDIA GeForce RTX 3090,3.12.3,py312_cuml_adaptive,profiler_cuml_adaptive_postfix,QHY600-3_SDSSi_2k,6.8,8.900676,3515,2026-09-10T07:37:22.261Z,local,postfix_2026-09-10,350.00,124.15,60,ttt_server_postfix_20260910_072227,16,0,TTT3_QHY600-3_2026-03-16-05-18-39-643993_Atira_SDSSi.fits
ttt_server,NVIDIA GeForce RTX 3090,3.12.3,py312_cuml_adaptive,profiler_cuml_adaptive_postfix,QHY600-3_SDSSi_2k,6.8,9.592663,3515,2026-09-10T07:37:36.494Z,local,postfix_2026-09-10,350.00,153.07,61,ttt_server_postfix_20260910_072227,17,0,TTT3_QHY600-3_2026-03-16-05-18-39-643993_Atira_SDSSi.fits
ttt_server,NVIDIA GeForce RTX 3090,3.12.3,py312_cuml_adaptive,profiler_cuml_adaptive_postfix,QHY600-3_SDSSi_2k,6.8,9.211995,3515,2026-09-10T07:37:51.501Z,local,postfix_2026-09-10,350.00,152.93,61,ttt_server_postfix_20260910_072227,18,0,TTT3_QHY600-3_2026-03-16-05-18-39-643993_Atira_SDSSi.fits
ttt_server,NVIDIA GeForce RTX 3090,3.12.3,py312_cuml_adaptive,profiler_cuml_adaptive_postfix,QHY600-3_SDSSi_2k,6.8,9.038964,3515,2026-09-10T07:38:06.152Z,local,postfix_2026-09-10,350.00,152.72,61,ttt_server_postfix_20260910_072227,19,0,TTT3_QHY600-3_2026-03-16-05-18-39-643993_Atira_SDSSi.fits
ttt_server,NVIDIA GeForce RTX 3090,3.12.3,py312_cuml_adaptive,profiler_cuml_adaptive_postfix,QHY600-3_SDSSi_2k,6.8,9.477922,3515,2026-09-10T07:38:20.591Z,local,postfix_2026-09-10,350.00,152.96,61,ttt_server_postfix_20260910_072227,20,0,TTT3_QHY600-3_2026-03-16-05-18-39-643993_Atira_SDSSi.fits
ttt_server,NVIDIA GeForce RTX 3090,3.12.3,py312_cuml_adaptive,profiler_cuml_adaptive_postfix,QHY600-3_SDSSi_2k,6.8,9.016362,3718,2026-09-10T07:38:38.864Z,local,postfix_2026-09-10,350.00,151.54,60,ttt_server_postfix_20260910_072227,0,1,TTT3_QHY600-3_2026-03-16-05-22-20-937513_Atira_SDSSi.fits
ttt_server,NVIDIA GeForce RTX 3090,3.12.3,py312_cuml_adaptive,profiler_cuml_adaptive_postfix,QHY600-3_SDSSi_2k,6.8,9.172153,3718,2026-09-10T07:38:53.393Z,local,postfix_2026-09-10,350.00,153.36,60,ttt_server_postfix_20260910_072227,0,1,TTT3_QHY600-3_2026-03-16-05-22-20-937513_Atira_SDSSi.fits
ttt_server,NVIDIA GeForce RTX 3090,3.12.3,py312_cuml_adaptive,profiler_cuml_adaptive_postfix,QHY600-3_SDSSi_2k,6.8,8.949074,3718,2026-09-10T07:39:08.072Z,local,postfix_2026-09-10,350.00,153.92,61,ttt_server_postfix_20260910_072227,1,0,TTT3_QHY600-3_2026-03-16-05-22-20-937513_Atira_SDSSi.fits
ttt_server,NVIDIA GeForce RTX 3090,3.12.3,py312_cuml_adaptive,profiler_cuml_adaptive_postfix,QHY600-3_SDSSi_2k,6.8,9.258941,3718,2026-09-10T07:39:22.562Z,local,postfix_2026-09-10,350.00,153.09,61,ttt_server_postfix_20260910_072227,2,0,TTT3_QHY600-3_2026-03-16-05-22-20-937513_Atira_SDSSi.fits
ttt_server,NVIDIA GeForce RTX 3090,3.12.3,py312_cuml_adaptive,profiler_cuml_adaptive_postfix,QHY600-3_SDSSi_2k,6.8,8.691661,3718,2026-09-10T07:39:37.340Z,local,postfix_2026-09-10,350.00,153.88,61,ttt_server_postfix_20260910_072227,3,0,TTT3_QHY600-3_2026-03-16-05-22-20-937513_Atira_SDSSi.fits
ttt_server,NVIDIA GeForce RTX 3090,3.12.3,py312_cuml_adaptive,profiler_cuml_adaptive_postfix,QHY600-3_SDSSi_2k,6.8,8.985418,3718,2026-09-10T07:39:52.216Z,local,postfix_2026-09-10,350.00,147.61,60,ttt_server_postfix_20260910_072227,4,0,TTT3_QHY600-3_2026-03-16-05-22-20-937513_Atira_SDSSi.fits
ttt_server,NVIDIA GeForce RTX 3090,3.12.3,py312_cuml_adaptive,profiler_cuml_adaptive_postfix,QHY600-3_SDSSi_2k,6.8,10.235080,3718,2026-09-10T07:40:06.627Z,local,postfix_2026-09-10,350.00,152.21,61,ttt_server_postfix_20260910_072227,5,0,TTT3_QHY600-3_2026-03-16-05-22-20-937513_Atira_SDSSi.fits
ttt_server,NVIDIA GeForce RTX 3090,3.12.3,py312_cuml_adaptive,profiler_cuml_adaptive_postfix,QHY600-3_SDSSi_2k,6.8,9.054375,3718,2026-09-10T07:40:22.263Z,local,postfix_2026-09-10,350.00,123.15,60,ttt_server_postfix_20260910_072227,6,0,TTT3_QHY600-3_2026-03-16-05-22-20-937513_Atira_SDSSi.fits
ttt_server,NVIDIA GeForce RTX 3090,3.12.3,py312_cuml_adaptive,profiler_cuml_adaptive_postfix,QHY600-3_SDSSi_2k,6.8,10.128629,3718,2026-09-10T07:40:36.879Z,local,postfix_2026-09-10,350.00,152.85,61,ttt_server_postfix_20260910_072227,7,0,TTT3_QHY600-3_2026-03-16-05-22-20-937513_Atira_SDSSi.fits
ttt_server,NVIDIA GeForce RTX 3090,3.12.3,py312_cuml_adaptive,profiler_cuml_adaptive_postfix,QHY600-3_SDSSi_2k,6.8,9.166427,3718,2026-09-10T07:40:52.452Z,local,postfix_2026-09-10,350.00,151.96,61,ttt_server_postfix_20260910_072227,8,0,TTT3_QHY600-3_2026-03-16-05-22-20-937513_Atira_SDSSi.fits
ttt_server,NVIDIA GeForce RTX 3090,3.12.3,py312_cuml_adaptive,profiler_cuml_adaptive_postfix,QHY600-3_SDSSi_2k,6.8,8.937302,3718,2026-09-10T07:41:06.957Z,local,postfix_2026-09-10,350.00,153.71,61,ttt_server_postfix_20260910_072227,9,0,TTT3_QHY600-3_2026-03-16-05-22-20-937513_Atira_SDSSi.fits
ttt_server,NVIDIA GeForce RTX 3090,3.12.3,py312_cuml_adaptive,profiler_cuml_adaptive_postfix,QHY600-3_SDSSi_2k,6.8,9.858364,3718,2026-09-10T07:41:21.344Z,local,postfix_2026-09-10,350.00,152.82,61,ttt_server_postfix_20260910_072227,10,0,TTT3_QHY600-3_2026-03-16-05-22-20-937513_Atira_SDSSi.fits
ttt_server,NVIDIA GeForce RTX 3090,3.12.3,py312_cuml_adaptive,profiler_cuml_adaptive_postfix,QHY600-3_SDSSi_2k,6.8,8.896009,3718,2026-09-10T07:41:36.571Z,local,postfix_2026-09-10,350.00,153.48,61,ttt_server_postfix_20260910_072227,11,0,TTT3_QHY600-3_2026-03-16-05-22-20-937513_Atira_SDSSi.fits
ttt_server,NVIDIA GeForce RTX 3090,3.12.3,py312_cuml_adaptive,profiler_cuml_adaptive_postfix,QHY600-3_SDSSi_2k,6.8,9.034181,3718,2026-09-10T07:41:50.822Z,local,postfix_2026-09-10,350.00,152.98,61,ttt_server_postfix_20260910_072227,12,0,TTT3_QHY600-3_2026-03-16-05-22-20-937513_Atira_SDSSi.fits
ttt_server,NVIDIA GeForce RTX 3090,3.12.3,py312_cuml_adaptive,profiler_cuml_adaptive_postfix,QHY600-3_SDSSi_2k,6.8,9.517953,3718,2026-09-10T07:42:05.251Z,local,postfix_2026-09-10,350.00,153.80,61,ttt_server_postfix_20260910_072227,13,0,TTT3_QHY600-3_2026-03-16-05-22-20-937513_Atira_SDSSi.fits
ttt_server,NVIDIA GeForce RTX 3090,3.12.3,py312_cuml_adaptive,profiler_cuml_adaptive_postfix,QHY600-3_SDSSi_2k,6.8,8.989294,3718,2026-09-10T07:42:20.247Z,local,postfix_2026-09-10,350.00,153.16,61,ttt_server_postfix_20260910_072227,14,0,TTT3_QHY600-3_2026-03-16-05-22-20-937513_Atira_SDSSi.fits
ttt_server,NVIDIA GeForce RTX 3090,3.12.3,py312_cuml_adaptive,profiler_cuml_adaptive_postfix,QHY600-3_SDSSi_2k,6.8,8.799251,3718,2026-09-10T07:42:34.683Z,local,postfix_2026-09-10,350.00,154.09,61,ttt_server_postfix_20260910_072227,15,0,TTT3_QHY600-3_2026-03-16-05-22-20-937513_Atira_SDSSi.fits
ttt_server,NVIDIA GeForce RTX 3090,3.12.3,py312_cuml_adaptive,profiler_cuml_adaptive_postfix,QHY600-3_SDSSi_2k,6.8,8.750361,3718,2026-09-10T07:42:48.900Z,local,postfix_2026-09-10,350.00,152.68,61,ttt_server_postfix_20260910_072227,16,0,TTT3_QHY600-3_2026-03-16-05-22-20-937513_Atira_SDSSi.fits
ttt_server,NVIDIA GeForce RTX 3090,3.12.3,py312_cuml_adaptive,profiler_cuml_adaptive_postfix,QHY600-3_SDSSi_2k,6.8,10.668097,3718,2026-09-10T07:43:03.063Z,local,postfix_2026-09-10,350.00,152.72,61,ttt_server_postfix_20260910_072227,17,0,TTT3_QHY600-3_2026-03-16-05-22-20-937513_Atira_SDSSi.fits
ttt_server,NVIDIA GeForce RTX 3090,3.12.3,py312_cuml_adaptive,profiler_cuml_adaptive_postfix,QHY600-3_SDSSi_2k,6.8,8.719899,3718,2026-09-10T07:43:19.089Z,local,postfix_2026-09-10,350.00,153.73,61,ttt_server_postfix_20260910_072227,18,0,TTT3_QHY600-3_2026-03-16-05-22-20-937513_Atira_SDSSi.fits
ttt_server,NVIDIA GeForce RTX 3090,3.12.3,py312_cuml_adaptive,profiler_cuml_adaptive_postfix,QHY600-3_SDSSi_2k,6.8,8.798041,3718,2026-09-10T07:43:33.281Z,local,postfix_2026-09-10,350.00,153.15,61,ttt_server_postfix_20260910_072227,19,0,TTT3_QHY600-3_2026-03-16-05-22-20-937513_Atira_SDSSi.fits
ttt_server,NVIDIA GeForce RTX 3090,3.12.3,py312_cuml_adaptive,profiler_cuml_adaptive_postfix,QHY600-3_SDSSi_2k,6.8,9.086186,3718,2026-09-10T07:43:47.465Z,local,postfix_2026-09-10,350.00,152.55,61,ttt_server_postfix_20260910_072227,20,0,TTT3_QHY600-3_2026-03-16-05-22-20-937513_Atira_SDSSi.fits
ttt_server,NVIDIA GeForce RTX 3090,3.12.3,py312_cuml_adaptive,profiler_cuml_adaptive_postfix,QHY600-3_SDSSi_2k,6.8,9.514791,3534,2026-09-10T07:44:05.497Z,local,postfix_2026-09-10,350.00,153.17,60,ttt_server_postfix_20260910_072227,0,1,TTT3_QHY600-3_2026-03-16-05-24-48-710462_Atira_SDSSi.fits
ttt_server,NVIDIA GeForce RTX 3090,3.12.3,py312_cuml_adaptive,profiler_cuml_adaptive_postfix,QHY600-3_SDSSi_2k,6.8,8.910892,3534,2026-09-10T07:44:20.567Z,local,postfix_2026-09-10,350.00,151.93,61,ttt_server_postfix_20260910_072227,0,1,TTT3_QHY600-3_2026-03-16-05-24-48-710462_Atira_SDSSi.fits
ttt_server,NVIDIA GeForce RTX 3090,3.12.3,py312_cuml_adaptive,profiler_cuml_adaptive_postfix,QHY600-3_SDSSi_2k,6.8,9.168068,3534,2026-09-10T07:44:34.919Z,local,postfix_2026-09-10,350.00,153.18,61,ttt_server_postfix_20260910_072227,1,0,TTT3_QHY600-3_2026-03-16-05-24-48-710462_Atira_SDSSi.fits
ttt_server,NVIDIA GeForce RTX 3090,3.12.3,py312_cuml_adaptive,profiler_cuml_adaptive_postfix,QHY600-3_SDSSi_2k,6.8,9.579556,3534,2026-09-10T07:44:49.450Z,local,postfix_2026-09-10,350.00,151.90,61,ttt_server_postfix_20260910_072227,2,0,TTT3_QHY600-3_2026-03-16-05-24-48-710462_Atira_SDSSi.fits
ttt_server,NVIDIA GeForce RTX 3090,3.12.3,py312_cuml_adaptive,profiler_cuml_adaptive_postfix,QHY600-3_SDSSi_2k,6.8,8.907754,3534,2026-09-10T07:45:04.420Z,local,postfix_2026-09-10,350.00,154.11,61,ttt_server_postfix_20260910_072227,3,0,TTT3_QHY600-3_2026-03-16-05-24-48-710462_Atira_SDSSi.fits
ttt_server,NVIDIA GeForce RTX 3090,3.12.3,py312_cuml_adaptive,profiler_cuml_adaptive_postfix,QHY600-3_SDSSi_2k,6.8,8.394529,3534,2026-09-10T07:45:18.818Z,local,postfix_2026-09-10,350.00,152.52,61,ttt_server_postfix_20260910_072227,4,0,TTT3_QHY600-3_2026-03-16-05-24-48-710462_Atira_SDSSi.fits
ttt_server,NVIDIA GeForce RTX 3090,3.12.3,py312_cuml_adaptive,profiler_cuml_adaptive_postfix,QHY600-3_SDSSi_2k,6.8,8.921407,3534,2026-09-10T07:45:32.585Z,local,postfix_2026-09-10,350.00,154.43,61,ttt_server_postfix_20260910_072227,5,0,TTT3_QHY600-3_2026-03-16-05-24-48-710462_Atira_SDSSi.fits
ttt_server,NVIDIA GeForce RTX 3090,3.12.3,py312_cuml_adaptive,profiler_cuml_adaptive_postfix,QHY600-3_SDSSi_2k,6.8,8.494976,3534,2026-09-10T07:45:46.872Z,local,postfix_2026-09-10,350.00,152.55,61,ttt_server_postfix_20260910_072227,6,0,TTT3_QHY600-3_2026-03-16-05-24-48-710462_Atira_SDSSi.fits
ttt_server,NVIDIA GeForce RTX 3090,3.12.3,py312_cuml_adaptive,profiler_cuml_adaptive_postfix,QHY600-3_SDSSi_2k,6.8,8.849576,3534,2026-09-10T07:46:00.832Z,local,postfix_2026-09-10,350.00,152.48,61,ttt_server_postfix_20260910_072227,7,0,TTT3_QHY600-3_2026-03-16-05-24-48-710462_Atira_SDSSi.fits
ttt_server,NVIDIA GeForce RTX 3090,3.12.3,py312_cuml_adaptive,profiler_cuml_adaptive_postfix,QHY600-3_SDSSi_2k,6.8,8.749052,3534,2026-09-10T07:46:15.076Z,local,postfix_2026-09-10,350.00,153.34,61,ttt_server_postfix_20260910_072227,8,0,TTT3_QHY600-3_2026-03-16-05-24-48-710462_Atira_SDSSi.fits
ttt_server,NVIDIA GeForce RTX 3090,3.12.3,py312_cuml_adaptive,profiler_cuml_adaptive_postfix,QHY600-3_SDSSi_2k,6.8,8.860142,3534,2026-09-10T07:46:29.308Z,local,postfix_2026-09-10,350.00,154.29,61,ttt_server_postfix_20260910_072227,9,0,TTT3_QHY600-3_2026-03-16-05-24-48-710462_Atira_SDSSi.fits
ttt_server,NVIDIA GeForce RTX 3090,3.12.3,py312_cuml_adaptive,profiler_cuml_adaptive_postfix,QHY600-3_SDSSi_2k,6.8,8.782509,3534,2026-09-10T07:46:43.499Z,local,postfix_2026-09-10,350.00,152.32,61,ttt_server_postfix_20260910_072227,10,0,TTT3_QHY600-3_2026-03-16-05-24-48-710462_Atira_SDSSi.fits
ttt_server,NVIDIA GeForce RTX 3090,3.12.3,py312_cuml_adaptive,profiler_cuml_adaptive_postfix,QHY600-3_SDSSi_2k,6.8,9.760768,3534,2026-09-10T07:46:57.589Z,local,postfix_2026-09-10,350.00,152.60,61,ttt_server_postfix_20260910_072227,11,0,TTT3_QHY600-3_2026-03-16-05-24-48-710462_Atira_SDSSi.fits
ttt_server,NVIDIA GeForce RTX 3090,3.12.3,py312_cuml_adaptive,profiler_cuml_adaptive_postfix,QHY600-3_SDSSi_2k,6.8,10.752964,3534,2026-09-10T07:47:12.832Z,local,postfix_2026-09-10,350.00,153.67,61,ttt_server_postfix_20260910_072227,12,0,TTT3_QHY600-3_2026-03-16-05-24-48-710462_Atira_SDSSi.fits
ttt_server,NVIDIA GeForce RTX 3090,3.12.3,py312_cuml_adaptive,profiler_cuml_adaptive_postfix,QHY600-3_SDSSi_2k,6.8,9.372465,3534,2026-09-10T07:47:29.008Z,local,postfix_2026-09-10,350.00,124.15,60,ttt_server_postfix_20260910_072227,13,0,TTT3_QHY600-3_2026-03-16-05-24-48-710462_Atira_SDSSi.fits
ttt_server,NVIDIA GeForce RTX 3090,3.12.3,py312_cuml_adaptive,profiler_cuml_adaptive_postfix,QHY600-3_SDSSi_2k,6.8,8.763475,3534,2026-09-10T07:47:43.721Z,local,postfix_2026-09-10,350.00,140.45,61,ttt_server_postfix_20260910_072227,14,0,TTT3_QHY600-3_2026-03-16-05-24-48-710462_Atira_SDSSi.fits
ttt_server,NVIDIA GeForce RTX 3090,3.12.3,py312_cuml_adaptive,profiler_cuml_adaptive_postfix,QHY600-3_SDSSi_2k,6.8,9.715606,3534,2026-09-10T07:47:57.890Z,local,postfix_2026-09-10,350.00,153.14,61,ttt_server_postfix_20260910_072227,15,0,TTT3_QHY600-3_2026-03-16-05-24-48-710462_Atira_SDSSi.fits
ttt_server,NVIDIA GeForce RTX 3090,3.12.3,py312_cuml_adaptive,profiler_cuml_adaptive_postfix,QHY600-3_SDSSi_2k,6.8,10.890324,3534,2026-09-10T07:48:13.195Z,local,postfix_2026-09-10,350.00,152.27,61,ttt_server_postfix_20260910_072227,16,0,TTT3_QHY600-3_2026-03-16-05-24-48-710462_Atira_SDSSi.fits
ttt_server,NVIDIA GeForce RTX 3090,3.12.3,py312_cuml_adaptive,profiler_cuml_adaptive_postfix,QHY600-3_SDSSi_2k,6.8,9.093853,3534,2026-09-10T07:48:29.472Z,local,postfix_2026-09-10,350.00,153.73,61,ttt_server_postfix_20260910_072227,17,0,TTT3_QHY600-3_2026-03-16-05-24-48-710462_Atira_SDSSi.fits
ttt_server,NVIDIA GeForce RTX 3090,3.12.3,py312_cuml_adaptive,profiler_cuml_adaptive_postfix,QHY600-3_SDSSi_2k,6.8,9.001169,3534,2026-09-10T07:48:43.892Z,local,postfix_2026-09-10,350.00,152.94,61,ttt_server_postfix_20260910_072227,18,0,TTT3_QHY600-3_2026-03-16-05-24-48-710462_Atira_SDSSi.fits
ttt_server,NVIDIA GeForce RTX 3090,3.12.3,py312_cuml_adaptive,profiler_cuml_adaptive_postfix,QHY600-3_SDSSi_2k,6.8,10.184788,3534,2026-09-10T07:48:58.202Z,local,postfix_2026-09-10,350.00,153.51,61,ttt_server_postfix_20260910_072227,19,0,TTT3_QHY600-3_2026-03-16-05-24-48-710462_Atira_SDSSi.fits
ttt_server,NVIDIA GeForce RTX 3090,3.12.3,py312_cuml_adaptive,profiler_cuml_adaptive_postfix,QHY600-3_SDSSi_2k,6.8,10.504211,3534,2026-09-10T07:49:13.820Z,local,postfix_2026-09-10,350.00,152.89,61,ttt_server_postfix_20260910_072227,20,0,TTT3_QHY600-3_2026-03-16-05-24-48-710462_Atira_SDSSi.fits
ttt_server,NVIDIA GeForce RTX 3090,3.12.3,py312_cuml_adaptive,profiler_cuml_adaptive_postfix,QHY600-4_SDSSg,15.3,12.794504,307,2026-09-10T07:49:33.705Z,local,postfix_2026-09-10,350.00,134.63,60,ttt_server_postfix_20260910_072227,0,1,TTT2_QHY600-4_2026-02-14-23-46-19-497908_WASP-43-b_SDSSg.fits
ttt_server,NVIDIA GeForce RTX 3090,3.12.3,py312_cuml_adaptive,profiler_cuml_adaptive_postfix,QHY600-4_SDSSg,15.3,12.047710,307,2026-09-10T07:49:52.083Z,local,postfix_2026-09-10,350.00,156.05,62,ttt_server_postfix_20260910_072227,0,1,TTT2_QHY600-4_2026-02-14-23-46-19-497908_WASP-43-b_SDSSg.fits
ttt_server,NVIDIA GeForce RTX 3090,3.12.3,py312_cuml_adaptive,profiler_cuml_adaptive_postfix,QHY600-4_SDSSg,15.3,13.293283,307,2026-09-10T07:50:09.581Z,local,postfix_2026-09-10,350.00,156.70,63,ttt_server_postfix_20260910_072227,1,0,TTT2_QHY600-4_2026-02-14-23-46-19-497908_WASP-43-b_SDSSg.fits
ttt_server,NVIDIA GeForce RTX 3090,3.12.3,py312_cuml_adaptive,profiler_cuml_adaptive_postfix,QHY600-4_SDSSg,15.3,12.145851,307,2026-09-10T07:50:28.282Z,local,postfix_2026-09-10,350.00,126.32,62,ttt_server_postfix_20260910_072227,2,0,TTT2_QHY600-4_2026-02-14-23-46-19-497908_WASP-43-b_SDSSg.fits
ttt_server,NVIDIA GeForce RTX 3090,3.12.3,py312_cuml_adaptive,profiler_cuml_adaptive_postfix,QHY600-4_SDSSg,15.3,11.729062,307,2026-09-10T07:50:45.884Z,local,postfix_2026-09-10,350.00,155.50,63,ttt_server_postfix_20260910_072227,3,0,TTT2_QHY600-4_2026-02-14-23-46-19-497908_WASP-43-b_SDSSg.fits
ttt_server,NVIDIA GeForce RTX 3090,3.12.3,py312_cuml_adaptive,profiler_cuml_adaptive_postfix,QHY600-4_SDSSg,15.3,11.664878,307,2026-09-10T07:51:03.164Z,local,postfix_2026-09-10,350.00,157.30,64,ttt_server_postfix_20260910_072227,4,0,TTT2_QHY600-4_2026-02-14-23-46-19-497908_WASP-43-b_SDSSg.fits
ttt_server,NVIDIA GeForce RTX 3090,3.12.3,py312_cuml_adaptive,profiler_cuml_adaptive_postfix,QHY600-4_SDSSg,15.3,11.763043,307,2026-09-10T07:51:20.222Z,local,postfix_2026-09-10,350.00,157.54,64,ttt_server_postfix_20260910_072227,5,0,TTT2_QHY600-4_2026-02-14-23-46-19-497908_WASP-43-b_SDSSg.fits
ttt_server,NVIDIA GeForce RTX 3090,3.12.3,py312_cuml_adaptive,profiler_cuml_adaptive_postfix,QHY600-4_SDSSg,15.3,12.065891,307,2026-09-10T07:51:37.413Z,local,postfix_2026-09-10,350.00,158.43,64,ttt_server_postfix_20260910_072227,6,0,TTT2_QHY600-4_2026-02-14-23-46-19-497908_WASP-43-b_SDSSg.fits
ttt_server,NVIDIA GeForce RTX 3090,3.12.3,py312_cuml_adaptive,profiler_cuml_adaptive_postfix,QHY600-4_SDSSg,15.3,11.851341,307,2026-09-10T07:51:54.888Z,local,postfix_2026-09-10,350.00,127.72,63,ttt_server_postfix_20260910_072227,7,0,TTT2_QHY600-4_2026-02-14-23-46-19-497908_WASP-43-b_SDSSg.fits
ttt_server,NVIDIA GeForce RTX 3090,3.12.3,py312_cuml_adaptive,profiler_cuml_adaptive_postfix,QHY600-4_SDSSg,15.3,12.411435,307,2026-09-10T07:52:12.284Z,local,postfix_2026-09-10,350.00,158.40,64,ttt_server_postfix_20260910_072227,8,0,TTT2_QHY600-4_2026-02-14-23-46-19-497908_WASP-43-b_SDSSg.fits
ttt_server,NVIDIA GeForce RTX 3090,3.12.3,py312_cuml_adaptive,profiler_cuml_adaptive_postfix,QHY600-4_SDSSg,15.3,12.248049,307,2026-09-10T07:52:30.041Z,local,postfix_2026-09-10,350.00,159.01,64,ttt_server_postfix_20260910_072227,9,0,TTT2_QHY600-4_2026-02-14-23-46-19-497908_WASP-43-b_SDSSg.fits
ttt_server,NVIDIA GeForce RTX 3090,3.12.3,py312_cuml_adaptive,profiler_cuml_adaptive_postfix,QHY600-4_SDSSg,15.3,11.676230,307,2026-09-10T07:52:47.761Z,local,postfix_2026-09-10,350.00,159.33,65,ttt_server_postfix_20260910_072227,10,0,TTT2_QHY600-4_2026-02-14-23-46-19-497908_WASP-43-b_SDSSg.fits
ttt_server,NVIDIA GeForce RTX 3090,3.12.3,py312_cuml_adaptive,profiler_cuml_adaptive_postfix,QHY600-4_SDSSg,15.3,11.981034,307,2026-09-10T07:53:04.893Z,local,postfix_2026-09-10,350.00,160.37,65,ttt_server_postfix_20260910_072227,11,0,TTT2_QHY600-4_2026-02-14-23-46-19-497908_WASP-43-b_SDSSg.fits
ttt_server,NVIDIA GeForce RTX 3090,3.12.3,py312_cuml_adaptive,profiler_cuml_adaptive_postfix,QHY600-4_SDSSg,15.3,12.135743,307,2026-09-10T07:53:22.403Z,local,postfix_2026-09-10,350.00,160.26,65,ttt_server_postfix_20260910_072227,12,0,TTT2_QHY600-4_2026-02-14-23-46-19-497908_WASP-43-b_SDSSg.fits
ttt_server,NVIDIA GeForce RTX 3090,3.12.3,py312_cuml_adaptive,profiler_cuml_adaptive_postfix,QHY600-4_SDSSg,15.3,11.521665,307,2026-09-10T07:53:39.935Z,local,postfix_2026-09-10,350.00,160.42,65,ttt_server_postfix_20260910_072227,13,0,TTT2_QHY600-4_2026-02-14-23-46-19-497908_WASP-43-b_SDSSg.fits
ttt_server,NVIDIA GeForce RTX 3090,3.12.3,py312_cuml_adaptive,profiler_cuml_adaptive_postfix,QHY600-4_SDSSg,15.3,11.967730,307,2026-09-10T07:53:56.893Z,local,postfix_2026-09-10,350.00,160.74,65,ttt_server_postfix_20260910_072227,14,0,TTT2_QHY600-4_2026-02-14-23-46-19-497908_WASP-43-b_SDSSg.fits
ttt_server,NVIDIA GeForce RTX 3090,3.12.3,py312_cuml_adaptive,profiler_cuml_adaptive_postfix,QHY600-4_SDSSg,15.3,11.691111,307,2026-09-10T07:54:14.385Z,local,postfix_2026-09-10,350.00,139.35,64,ttt_server_postfix_20260910_072227,15,0,TTT2_QHY600-4_2026-02-14-23-46-19-497908_WASP-43-b_SDSSg.fits
ttt_server,NVIDIA GeForce RTX 3090,3.12.3,py312_cuml_adaptive,profiler_cuml_adaptive_postfix,QHY600-4_SDSSg,15.3,11.965436,307,2026-09-10T07:54:31.387Z,local,postfix_2026-09-10,350.00,158.35,65,ttt_server_postfix_20260910_072227,16,0,TTT2_QHY600-4_2026-02-14-23-46-19-497908_WASP-43-b_SDSSg.fits
ttt_server,NVIDIA GeForce RTX 3090,3.12.3,py312_cuml_adaptive,profiler_cuml_adaptive_postfix,QHY600-4_SDSSg,15.3,11.894597,307,2026-09-10T07:54:49.017Z,local,postfix_2026-09-10,350.00,157.94,65,ttt_server_postfix_20260910_072227,17,0,TTT2_QHY600-4_2026-02-14-23-46-19-497908_WASP-43-b_SDSSg.fits
ttt_server,NVIDIA GeForce RTX 3090,3.12.3,py312_cuml_adaptive,profiler_cuml_adaptive_postfix,QHY600-4_SDSSg,15.3,11.621583,307,2026-09-10T07:55:06.349Z,local,postfix_2026-09-10,350.00,158.49,64,ttt_server_postfix_20260910_072227,18,0,TTT2_QHY600-4_2026-02-14-23-46-19-497908_WASP-43-b_SDSSg.fits
ttt_server,NVIDIA GeForce RTX 3090,3.12.3,py312_cuml_adaptive,profiler_cuml_adaptive_postfix,QHY600-4_SDSSg,15.3,13.800567,307,2026-09-10T07:55:23.483Z,local,postfix_2026-09-10,350.00,133.41,63,ttt_server_postfix_20260910_072227,19,0,TTT2_QHY600-4_2026-02-14-23-46-19-497908_WASP-43-b_SDSSg.fits
ttt_server,NVIDIA GeForce RTX 3090,3.12.3,py312_cuml_adaptive,profiler_cuml_adaptive_postfix,QHY600-4_SDSSg,15.3,11.885096,307,2026-09-10T07:55:42.556Z,local,postfix_2026-09-10,350.00,159.32,64,ttt_server_postfix_20260910_072227,20,0,TTT2_QHY600-4_2026-02-14-23-46-19-497908_WASP-43-b_SDSSg.fits
ttt_server,NVIDIA GeForce RTX 3090,3.12.3,py312_cuml_adaptive,profiler_cuml_adaptive_postfix,QHY600-4_Ha,15.3,14.974145,601,2026-09-10T07:56:04.236Z,local,postfix_2026-09-10,350.00,158.27,63,ttt_server_postfix_20260910_072227,0,1,TTT2_QHY600-4_2026-02-14-00-13-51-310869_NGC2903_Ha.fits
ttt_server,NVIDIA GeForce RTX 3090,3.12.3,py312_cuml_adaptive,profiler_cuml_adaptive_postfix,QHY600-4_Ha,15.3,11.444686,601,2026-09-10T07:56:24.760Z,local,postfix_2026-09-10,350.00,158.54,64,ttt_server_postfix_20260910_072227,0,1,TTT2_QHY600-4_2026-02-14-00-13-51-310869_NGC2903_Ha.fits
ttt_server,NVIDIA GeForce RTX 3090,3.12.3,py312_cuml_adaptive,profiler_cuml_adaptive_postfix,QHY600-4_Ha,15.3,14.224495,601,2026-09-10T07:56:41.704Z,local,postfix_2026-09-10,350.00,127.82,62,ttt_server_postfix_20260910_072227,1,0,TTT2_QHY600-4_2026-02-14-00-13-51-310869_NGC2903_Ha.fits
ttt_server,NVIDIA GeForce RTX 3090,3.12.3,py312_cuml_adaptive,profiler_cuml_adaptive_postfix,QHY600-4_Ha,15.3,11.138704,601,2026-09-10T07:57:01.409Z,local,postfix_2026-09-10,350.00,158.67,64,ttt_server_postfix_20260910_072227,2,0,TTT2_QHY600-4_2026-02-14-00-13-51-310869_NGC2903_Ha.fits
ttt_server,NVIDIA GeForce RTX 3090,3.12.3,py312_cuml_adaptive,profiler_cuml_adaptive_postfix,QHY600-4_Ha,15.3,11.156958,601,2026-09-10T07:57:18.025Z,local,postfix_2026-09-10,350.00,128.57,63,ttt_server_postfix_20260910_072227,3,0,TTT2_QHY600-4_2026-02-14-00-13-51-310869_NGC2903_Ha.fits
ttt_server,NVIDIA GeForce RTX 3090,3.12.3,py312_cuml_adaptive,profiler_cuml_adaptive_postfix,QHY600-4_Ha,15.3,11.854672,601,2026-09-10T07:57:34.749Z,local,postfix_2026-09-10,350.00,160.06,65,ttt_server_postfix_20260910_072227,4,0,TTT2_QHY600-4_2026-02-14-00-13-51-310869_NGC2903_Ha.fits
ttt_server,NVIDIA GeForce RTX 3090,3.12.3,py312_cuml_adaptive,profiler_cuml_adaptive_postfix,QHY600-4_Ha,15.3,13.373385,601,2026-09-10T07:57:52.058Z,local,postfix_2026-09-10,350.00,159.85,64,ttt_server_postfix_20260910_072227,5,0,TTT2_QHY600-4_2026-02-14-00-13-51-310869_NGC2903_Ha.fits
ttt_server,NVIDIA GeForce RTX 3090,3.12.3,py312_cuml_adaptive,profiler_cuml_adaptive_postfix,QHY600-4_Ha,15.3,11.143974,601,2026-09-10T07:58:10.862Z,local,postfix_2026-09-10,350.00,128.43,63,ttt_server_postfix_20260910_072227,6,0,TTT2_QHY600-4_2026-02-14-00-13-51-310869_NGC2903_Ha.fits
ttt_server,NVIDIA GeForce RTX 3090,3.12.3,py312_cuml_adaptive,profiler_cuml_adaptive_postfix,QHY600-4_Ha,15.3,11.179006,601,2026-09-10T07:58:27.532Z,local,postfix_2026-09-10,350.00,160.63,65,ttt_server_postfix_20260910_072227,7,0,TTT2_QHY600-4_2026-02-14-00-13-51-310869_NGC2903_Ha.fits
ttt_server,NVIDIA GeForce RTX 3090,3.12.3,py312_cuml_adaptive,profiler_cuml_adaptive_postfix,QHY600-4_Ha,15.3,11.977467,601,2026-09-10T07:58:44.062Z,local,postfix_2026-09-10,350.00,138.06,63,ttt_server_postfix_20260910_072227,8,0,TTT2_QHY600-4_2026-02-14-00-13-51-310869_NGC2903_Ha.fits
ttt_server,NVIDIA GeForce RTX 3090,3.12.3,py312_cuml_adaptive,profiler_cuml_adaptive_postfix,QHY600-4_Ha,15.3,12.032535,601,2026-09-10T07:59:01.701Z,local,postfix_2026-09-10,350.00,158.08,64,ttt_server_postfix_20260910_072227,9,0,TTT2_QHY600-4_2026-02-14-00-13-51-310869_NGC2903_Ha.fits
ttt_server,NVIDIA GeForce RTX 3090,3.12.3,py312_cuml_adaptive,profiler_cuml_adaptive_postfix,QHY600-4_Ha,15.3,11.727299,601,2026-09-10T07:59:19.225Z,local,postfix_2026-09-10,350.00,160.02,65,ttt_server_postfix_20260910_072227,10,0,TTT2_QHY600-4_2026-02-14-00-13-51-310869_NGC2903_Ha.fits
ttt_server,NVIDIA GeForce RTX 3090,3.12.3,py312_cuml_adaptive,profiler_cuml_adaptive_postfix,QHY600-4_Ha,15.3,12.338616,601,2026-09-10T07:59:36.552Z,local,postfix_2026-09-10,350.00,159.47,64,ttt_server_postfix_20260910_072227,11,0,TTT2_QHY600-4_2026-02-14-00-13-51-310869_NGC2903_Ha.fits
ttt_server,NVIDIA GeForce RTX 3090,3.12.3,py312_cuml_adaptive,profiler_cuml_adaptive_postfix,QHY600-4_Ha,15.3,13.982352,601,2026-09-10T07:59:56.415Z,local,postfix_2026-09-10,350.00,142.76,62,ttt_server_postfix_20260910_072227,12,0,TTT2_QHY600-4_2026-02-14-00-13-51-310869_NGC2903_Ha.fits
ttt_server,NVIDIA GeForce RTX 3090,3.12.3,py312_cuml_adaptive,profiler_cuml_adaptive_postfix,QHY600-4_Ha,15.3,12.625444,601,2026-09-10T08:00:19.345Z,local,postfix_2026-09-10,350.00,158.21,63,ttt_server_postfix_20260910_072227,13,0,TTT2_QHY600-4_2026-02-14-00-13-51-310869_NGC2903_Ha.fits
ttt_server,NVIDIA GeForce RTX 3090,3.12.3,py312_cuml_adaptive,profiler_cuml_adaptive_postfix,QHY600-4_Ha,15.3,12.225636,601,2026-09-10T08:00:38.538Z,local,postfix_2026-09-10,350.00,158.34,63,ttt_server_postfix_20260910_072227,14,0,TTT2_QHY600-4_2026-02-14-00-13-51-310869_NGC2903_Ha.fits
ttt_server,NVIDIA GeForce RTX 3090,3.12.3,py312_cuml_adaptive,profiler_cuml_adaptive_postfix,QHY600-4_Ha,15.3,12.694316,601,2026-09-10T08:00:56.522Z,local,postfix_2026-09-10,350.00,157.43,62,ttt_server_postfix_20260910_072227,15,0,TTT2_QHY600-4_2026-02-14-00-13-51-310869_NGC2903_Ha.fits
ttt_server,NVIDIA GeForce RTX 3090,3.12.3,py312_cuml_adaptive,profiler_cuml_adaptive_postfix,QHY600-4_Ha,15.3,11.525860,601,2026-09-10T08:01:18.385Z,local,postfix_2026-09-10,350.00,157.77,63,ttt_server_postfix_20260910_072227,16,0,TTT2_QHY600-4_2026-02-14-00-13-51-310869_NGC2903_Ha.fits
ttt_server,NVIDIA GeForce RTX 3090,3.12.3,py312_cuml_adaptive,profiler_cuml_adaptive_postfix,QHY600-4_Ha,15.3,12.334698,601,2026-09-10T08:01:35.633Z,local,postfix_2026-09-10,350.00,158.01,64,ttt_server_postfix_20260910_072227,17,0,TTT2_QHY600-4_2026-02-14-00-13-51-310869_NGC2903_Ha.fits
ttt_server,NVIDIA GeForce RTX 3090,3.12.3,py312_cuml_adaptive,profiler_cuml_adaptive_postfix,QHY600-4_Ha,15.3,12.351835,601,2026-09-10T08:01:53.710Z,local,postfix_2026-09-10,350.00,158.36,64,ttt_server_postfix_20260910_072227,18,0,TTT2_QHY600-4_2026-02-14-00-13-51-310869_NGC2903_Ha.fits
ttt_server,NVIDIA GeForce RTX 3090,3.12.3,py312_cuml_adaptive,profiler_cuml_adaptive_postfix,QHY600-4_Ha,15.3,12.259991,601,2026-09-10T08:02:11.782Z,local,postfix_2026-09-10,350.00,158.22,64,ttt_server_postfix_20260910_072227,19,0,TTT2_QHY600-4_2026-02-14-00-13-51-310869_NGC2903_Ha.fits
ttt_server,NVIDIA GeForce RTX 3090,3.12.3,py312_cuml_adaptive,profiler_cuml_adaptive_postfix,QHY600-4_Ha,15.3,12.989257,601,2026-09-10T08:02:29.928Z,local,postfix_2026-09-10,350.00,127.66,62,ttt_server_postfix_20260910_072227,20,0,TTT2_QHY600-4_2026-02-14-00-13-51-310869_NGC2903_Ha.fits
ttt_server,NVIDIA GeForce RTX 3090,3.12.3,py312_cuml_adaptive,profiler_cuml_adaptive_postfix,QHY600-4_Lum_2k,15.3,19.854444,2938,2026-09-10T08:02:55.755Z,local,postfix_2026-09-10,350.00,155.27,62,ttt_server_postfix_20260910_072227,0,1,TTT2_QHY600-4_2026-03-28-20-58-11-266552_1620_Lum.fits
ttt_server,NVIDIA GeForce RTX 3090,3.12.3,py312_cuml_adaptive,profiler_cuml_adaptive_postfix,QHY600-4_Lum_2k,15.3,18.373833,2938,2026-09-10T08:03:26.045Z,local,postfix_2026-09-10,350.00,153.29,61,ttt_server_postfix_20260910_072227,0,1,TTT2_QHY600-4_2026-03-28-20-58-11-266552_1620_Lum.fits
ttt_server,NVIDIA GeForce RTX 3090,3.12.3,py312_cuml_adaptive,profiler_cuml_adaptive_postfix,QHY600-4_Lum_2k,15.3,18.258510,2938,2026-09-10T08:03:55.395Z,local,postfix_2026-09-10,350.00,152.96,61,ttt_server_postfix_20260910_072227,1,0,TTT2_QHY600-4_2026-03-28-20-58-11-266552_1620_Lum.fits
ttt_server,NVIDIA GeForce RTX 3090,3.12.3,py312_cuml_adaptive,profiler_cuml_adaptive_postfix,QHY600-4_Lum_2k,15.3,17.761958,2938,2026-09-10T08:04:23.857Z,local,postfix_2026-09-10,350.00,152.44,61,ttt_server_postfix_20260910_072227,2,0,TTT2_QHY600-4_2026-03-28-20-58-11-266552_1620_Lum.fits
ttt_server,NVIDIA GeForce RTX 3090,3.12.3,py312_cuml_adaptive,profiler_cuml_adaptive_postfix,QHY600-4_Lum_2k,15.3,18.324521,2938,2026-09-10T08:04:51.971Z,local,postfix_2026-09-10,350.00,152.56,61,ttt_server_postfix_20260910_072227,3,0,TTT2_QHY600-4_2026-03-28-20-58-11-266552_1620_Lum.fits
ttt_server,NVIDIA GeForce RTX 3090,3.12.3,py312_cuml_adaptive,profiler_cuml_adaptive_postfix,QHY600-4_Lum_2k,15.3,18.615498,2938,2026-09-10T08:05:20.067Z,local,postfix_2026-09-10,350.00,123.87,60,ttt_server_postfix_20260910_072227,4,0,TTT2_QHY600-4_2026-03-28-20-58-11-266552_1620_Lum.fits
ttt_server,NVIDIA GeForce RTX 3090,3.12.3,py312_cuml_adaptive,profiler_cuml_adaptive_postfix,QHY600-4_Lum_2k,15.3,18.674189,2938,2026-09-10T08:05:48.134Z,local,postfix_2026-09-10,350.00,152.85,61,ttt_server_postfix_20260910_072227,5,0,TTT2_QHY600-4_2026-03-28-20-58-11-266552_1620_Lum.fits
ttt_server,NVIDIA GeForce RTX 3090,3.12.3,py312_cuml_adaptive,profiler_cuml_adaptive_postfix,QHY600-4_Lum_2k,15.3,18.487671,2938,2026-09-10T08:06:16.138Z,local,postfix_2026-09-10,350.00,152.53,61,ttt_server_postfix_20260910_072227,6,0,TTT2_QHY600-4_2026-03-28-20-58-11-266552_1620_Lum.fits
ttt_server,NVIDIA GeForce RTX 3090,3.12.3,py312_cuml_adaptive,profiler_cuml_adaptive_postfix,QHY600-4_Lum_2k,15.3,18.444271,2938,2026-09-10T08:06:45.244Z,local,postfix_2026-09-10,350.00,152.15,61,ttt_server_postfix_20260910_072227,7,0,TTT2_QHY600-4_2026-03-28-20-58-11-266552_1620_Lum.fits
ttt_server,NVIDIA GeForce RTX 3090,3.12.3,py312_cuml_adaptive,profiler_cuml_adaptive_postfix,QHY600-4_Lum_2k,15.3,18.127114,2938,2026-09-10T08:07:13.823Z,local,postfix_2026-09-10,350.00,131.56,60,ttt_server_postfix_20260910_072227,8,0,TTT2_QHY600-4_2026-03-28-20-58-11-266552_1620_Lum.fits
ttt_server,NVIDIA GeForce RTX 3090,3.12.3,py312_cuml_adaptive,profiler_cuml_adaptive_postfix,QHY600-4_Lum_2k,15.3,18.575786,2938,2026-09-10T08:08:49.891Z,local,postfix_2026-09-10,350.00,147.02,56,ttt_server_postfix_20260910_072227,17,0,TTT2_QHY600-4_2026-03-28-20-58-11-266552_1620_Lum.fits
ttt_server,NVIDIA GeForce RTX 3090,3.12.3,py312_cuml_adaptive,profiler_cuml_adaptive_postfix,QHY600-4_Lum_2k,15.3,18.659182,2938,2026-09-10T08:09:19.202Z,local,postfix_2026-09-10,350.00,150.80,58,ttt_server_postfix_20260910_072227,18,0,TTT2_QHY600-4_2026-03-28-20-58-11-266552_1620_Lum.fits
ttt_server,NVIDIA GeForce RTX 3090,3.12.3,py312_cuml_adaptive,profiler_cuml_adaptive_postfix,QHY600-4_Lum_2k,15.3,17.994483,2938,2026-09-10T08:09:48.801Z,local,postfix_2026-09-10,350.00,152.46,60,ttt_server_postfix_20260910_072227,19,0,TTT2_QHY600-4_2026-03-28-20-58-11-266552_1620_Lum.fits
ttt_server,NVIDIA GeForce RTX 3090,3.12.3,py312_cuml_adaptive,profiler_cuml_adaptive_postfix,QHY600-4_Lum_2k,15.3,18.009367,2938,2026-09-10T08:10:12.428Z,local,postfix_2026-09-10,350.00,154.42,61,ttt_server_postfix_20260910_072227,20,0,TTT2_QHY600-4_2026-03-28-20-58-11-266552_1620_Lum.fits
ttt_server,NVIDIA GeForce RTX 3090,3.12.3,py312_cuml_adaptive,profiler_cuml_adaptive_postfix,QHY600-4_SDSSg_4k,15.3,35.313195,8294,2026-09-10T08:10:40.361Z,local,postfix_2026-09-10,350.00,122.71,57,ttt_server_postfix_20260910_072227,0,1,TTT2_QHY600-4_2026-03-31-03-42-50-839737_hermione_SDSSg.fits
ttt_server,NVIDIA GeForce RTX 3090,3.12.3,py312_cuml_adaptive,profiler_cuml_adaptive_postfix,QHY600-4_SDSSg_4k,15.3,17.480467,8294,2026-09-10T08:11:21.426Z,local,postfix_2026-09-10,350.00,153.05,60,ttt_server_postfix_20260910_072227,0,1,TTT2_QHY600-4_2026-03-31-03-42-50-839737_hermione_SDSSg.fits
ttt_server,NVIDIA GeForce RTX 3090,3.12.3,py312_cuml_adaptive,profiler_cuml_adaptive_postfix,QHY600-4_SDSSg_4k,15.3,18.906158,8294,2026-09-10T08:11:44.615Z,local,postfix_2026-09-10,350.00,124.30,60,ttt_server_postfix_20260910_072227,1,0,TTT2_QHY600-4_2026-03-31-03-42-50-839737_hermione_SDSSg.fits
ttt_server,NVIDIA GeForce RTX 3090,3.12.3,py312_cuml_adaptive,profiler_cuml_adaptive_postfix,QHY600-4_SDSSg_4k,15.3,20.917021,8294,2026-09-10T08:12:09.716Z,local,postfix_2026-09-10,350.00,123.99,59,ttt_server_postfix_20260910_072227,2,0,TTT2_QHY600-4_2026-03-31-03-42-50-839737_hermione_SDSSg.fits
ttt_server,NVIDIA GeForce RTX 3090,3.12.3,py312_cuml_adaptive,profiler_cuml_adaptive_postfix,QHY600-4_SDSSg_4k,15.3,18.958096,8294,2026-09-10T08:12:42.777Z,local,postfix_2026-09-10,350.00,155.17,62,ttt_server_postfix_20260910_072227,3,0,TTT2_QHY600-4_2026-03-31-03-42-50-839737_hermione_SDSSg.fits
ttt_server,NVIDIA GeForce RTX 3090,3.12.3,py312_cuml_adaptive,profiler_cuml_adaptive_postfix,QHY600-4_SDSSg_4k,15.3,19.584124,8294,2026-09-10T08:13:10.366Z,local,postfix_2026-09-10,350.00,125.27,60,ttt_server_postfix_20260910_072227,4,0,TTT2_QHY600-4_2026-03-31-03-42-50-839737_hermione_SDSSg.fits
ttt_server,NVIDIA GeForce RTX 3090,3.12.3,py312_cuml_adaptive,profiler_cuml_adaptive_postfix,QHY600-4_SDSSg_4k,15.3,18.571167,8294,2026-09-10T08:13:40.535Z,local,postfix_2026-09-10,350.00,154.38,62,ttt_server_postfix_20260910_072227,5,0,TTT2_QHY600-4_2026-03-31-03-42-50-839737_hermione_SDSSg.fits
ttt_server,NVIDIA GeForce RTX 3090,3.12.3,py312_cuml_adaptive,profiler_cuml_adaptive_postfix,QHY600-4_SDSSg_4k,15.3,18.108633,8294,2026-09-10T08:14:08.280Z,local,postfix_2026-09-10,350.00,155.33,62,ttt_server_postfix_20260910_072227,6,0,TTT2_QHY600-4_2026-03-31-03-42-50-839737_hermione_SDSSg.fits
ttt_server,NVIDIA GeForce RTX 3090,3.12.3,py312_cuml_adaptive,profiler_cuml_adaptive_postfix,QHY600-4_SDSSg_4k,15.3,18.785058,8294,2026-09-10T08:14:35.644Z,local,postfix_2026-09-10,350.00,154.92,62,ttt_server_postfix_20260910_072227,7,0,TTT2_QHY600-4_2026-03-31-03-42-50-839737_hermione_SDSSg.fits
ttt_server,NVIDIA GeForce RTX 3090,3.12.3,py312_cuml_adaptive,profiler_cuml_adaptive_postfix,QHY600-4_SDSSg_4k,15.3,18.625562,8294,2026-09-10T08:15:04.347Z,local,postfix_2026-09-10,350.00,155.46,62,ttt_server_postfix_20260910_072227,8,0,TTT2_QHY600-4_2026-03-31-03-42-50-839737_hermione_SDSSg.fits
ttt_server,NVIDIA GeForce RTX 3090,3.12.3,py312_cuml_adaptive,profiler_cuml_adaptive_postfix,QHY600-4_SDSSg_4k,15.3,19.435477,8294,2026-09-10T08:15:32.606Z,local,postfix_2026-09-10,350.00,155.68,62,ttt_server_postfix_20260910_072227,9,0,TTT2_QHY600-4_2026-03-31-03-42-50-839737_hermione_SDSSg.fits
ttt_server,NVIDIA GeForce RTX 3090,3.12.3,py312_cuml_adaptive,profiler_cuml_adaptive_postfix,QHY600-4_SDSSg_4k,15.3,20.851837,8294,2026-09-10T08:16:02.435Z,local,postfix_2026-09-10,350.00,124.41,60,ttt_server_postfix_20260910_072227,10,0,TTT2_QHY600-4_2026-03-31-03-42-50-839737_hermione_SDSSg.fits
ttt_server,NVIDIA GeForce RTX 3090,3.12.3,py312_cuml_adaptive,profiler_cuml_adaptive_postfix,QHY600-4_SDSSg_4k,15.3,0.858370,,2026-09-10T08:16:35.530Z,local,postfix_2026-09-10,350.00,122.75,58,ttt_server_postfix_20260910_072227,11,0,TTT2_QHY600-4_2026-03-31-03-42-50-839737_hermione_SDSSg.fits
ttt_server,NVIDIA GeForce RTX 3090,3.12.3,py312_cuml_adaptive,profiler_cuml_adaptive_postfix,QHY600-4_SDSSg_4k,15.3,24.149182,8294,2026-09-10T08:16:47.659Z,local,postfix_2026-09-10,350.00,151.64,60,ttt_server_postfix_20260910_072227,12,0,TTT2_QHY600-4_2026-03-31-03-42-50-839737_hermione_SDSSg.fits
ttt_server,NVIDIA GeForce RTX 3090,3.12.3,py312_cuml_adaptive,profiler_cuml_adaptive_postfix,QHY600-4_SDSSg_4k,15.3,22.163064,8294,2026-09-10T08:17:23.152Z,local,postfix_2026-09-10,350.00,137.11,60,ttt_server_postfix_20260910_072227,13,0,TTT2_QHY600-4_2026-03-31-03-42-50-839737_hermione_SDSSg.fits
ttt_server,NVIDIA GeForce RTX 3090,3.12.3,py312_cuml_adaptive,profiler_cuml_adaptive_postfix,QHY600-4_SDSSg_4k,15.3,21.665896,8294,2026-09-10T08:17:56.719Z,local,postfix_2026-09-10,350.00,154.21,61,ttt_server_postfix_20260910_072227,14,0,TTT2_QHY600-4_2026-03-31-03-42-50-839737_hermione_SDSSg.fits
ttt_server,NVIDIA GeForce RTX 3090,3.12.3,py312_cuml_adaptive,profiler_cuml_adaptive_postfix,QHY600-4_SDSSg_4k,15.3,20.479486,8294,2026-09-10T08:18:30.594Z,local,postfix_2026-09-10,350.00,153.81,61,ttt_server_postfix_20260910_072227,15,0,TTT2_QHY600-4_2026-03-31-03-42-50-839737_hermione_SDSSg.fits
ttt_server,NVIDIA GeForce RTX 3090,3.12.3,py312_cuml_adaptive,profiler_cuml_adaptive_postfix,QHY600-4_SDSSg_4k,15.3,22.716533,8294,2026-09-10T08:19:02.887Z,local,postfix_2026-09-10,350.00,83.35,56,ttt_server_postfix_20260910_072227,16,0,TTT2_QHY600-4_2026-03-31-03-42-50-839737_hermione_SDSSg.fits
ttt_server,NVIDIA GeForce RTX 3090,3.12.3,py312_cuml_adaptive,profiler_cuml_adaptive_postfix,QHY600-4_SDSSg_4k,15.3,29.828363,8294,2026-09-10T08:19:44.485Z,local,postfix_2026-09-10,350.00,40.18,55,ttt_server_postfix_20260910_072227,17,0,TTT2_QHY600-4_2026-03-31-03-42-50-839737_hermione_SDSSg.fits
ttt_server,NVIDIA GeForce RTX 3090,3.12.3,py312_cuml_adaptive,profiler_cuml_adaptive_postfix,QHY600-4_SDSSg_4k,15.3,24.093535,8294,2026-09-10T08:20:30.266Z,local,postfix_2026-09-10,350.00,150.57,59,ttt_server_postfix_20260910_072227,18,0,TTT2_QHY600-4_2026-03-31-03-42-50-839737_hermione_SDSSg.fits
ttt_server,NVIDIA GeForce RTX 3090,3.12.3,py312_cuml_adaptive,profiler_cuml_adaptive_postfix,QHY600-4_SDSSg_4k,15.3,23.846259,8294,2026-09-10T08:21:08.012Z,local,postfix_2026-09-10,350.00,131.33,59,ttt_server_postfix_20260910_072227,19,0,TTT2_QHY600-4_2026-03-31-03-42-50-839737_hermione_SDSSg.fits
ttt_server,NVIDIA GeForce RTX 3090,3.12.3,py312_cuml_adaptive,profiler_cuml_adaptive_postfix,QHY600-4_SDSSg_4k,15.3,24.901302,8294,2026-09-10T08:21:47.121Z,local,postfix_2026-09-10,350.00,153.85,60,ttt_server_postfix_20260910_072227,20,0,TTT2_QHY600-4_2026-03-31-03-42-50-839737_hermione_SDSSg.fits
ttt_server,NVIDIA GeForce RTX 3090,3.12.3,py312_cuml_adaptive,profiler_cuml_adaptive_postfix,QHY600-4_SDSSi_10k,15.3,33.134794,15759,2026-09-10T08:22:30.900Z,local,postfix_2026-09-10,350.00,80.42,56,ttt_server_postfix_20260910_072227,0,1,TTT2_QHY600-4_2026-04-03-03-21-23-435107_MAXIJ1820+070_SDSSi.fits
ttt_server,NVIDIA GeForce RTX 3090,3.12.3,py312_cuml_adaptive,profiler_cuml_adaptive_postfix,QHY600-4_SDSSi_10k,15.3,22.067711,15759,2026-09-10T08:23:19.075Z,local,postfix_2026-09-10,350.00,153.66,59,ttt_server_postfix_20260910_072227,0,1,TTT2_QHY600-4_2026-04-03-03-21-23-435107_MAXIJ1820+070_SDSSi.fits
ttt_server,NVIDIA GeForce RTX 3090,3.12.3,py312_cuml_adaptive,profiler_cuml_adaptive_postfix,QHY600-4_SDSSi_10k,15.3,21.820398,15759,2026-09-10T08:23:54.957Z,local,postfix_2026-09-10,350.00,153.92,60,ttt_server_postfix_20260910_072227,1,0,TTT2_QHY600-4_2026-04-03-03-21-23-435107_MAXIJ1820+070_SDSSi.fits
ttt_server,NVIDIA GeForce RTX 3090,3.12.3,py312_cuml_adaptive,profiler_cuml_adaptive_postfix,QHY600-4_SDSSi_10k,15.3,27.218542,15759,2026-09-10T08:24:31.019Z,local,postfix_2026-09-10,350.00,32.22,55,ttt_server_postfix_20260910_072227,2,0,TTT2_QHY600-4_2026-04-03-03-21-23-435107_MAXIJ1820+070_SDSSi.fits
ttt_server,NVIDIA GeForce RTX 3090,3.12.3,py312_cuml_adaptive,profiler_cuml_adaptive_postfix,QHY600-4_SDSSi_10k,15.3,21.697862,15759,2026-09-10T08:25:15.610Z,local,postfix_2026-09-10,350.00,122.04,58,ttt_server_postfix_20260910_072227,3,0,TTT2_QHY600-4_2026-04-03-03-21-23-435107_MAXIJ1820+070_SDSSi.fits
ttt_server,NVIDIA GeForce RTX 3090,3.12.3,py312_cuml_adaptive,profiler_cuml_adaptive_postfix,QHY600-4_SDSSi_10k,15.3,30.988123,15759,2026-09-10T08:25:52.873Z,local,postfix_2026-09-10,350.00,111.82,57,ttt_server_postfix_20260910_072227,4,0,TTT2_QHY600-4_2026-04-03-03-21-23-435107_MAXIJ1820+070_SDSSi.fits
ttt_server,NVIDIA GeForce RTX 3090,3.12.3,py312_cuml_adaptive,profiler_cuml_adaptive_postfix,QHY600-4_SDSSi_10k,15.3,30.154637,15759,2026-09-10T08:26:40.532Z,local,postfix_2026-09-10,350.00,32.16,55,ttt_server_postfix_20260910_072227,5,0,TTT2_QHY600-4_2026-04-03-03-21-23-435107_MAXIJ1820+070_SDSSi.fits
ttt_server,NVIDIA GeForce RTX 3090,3.12.3,py312_cuml_adaptive,profiler_cuml_adaptive_postfix,QHY600-4_SDSSi_10k,15.3,35.502096,15759,2026-09-10T08:27:28.820Z,local,postfix_2026-09-10,350.00,28.17,53,ttt_server_postfix_20260910_072227,6,0,TTT2_QHY600-4_2026-04-03-03-21-23-435107_MAXIJ1820+070_SDSSi.fits
ttt_server,NVIDIA GeForce RTX 3090,3.12.3,py312_cuml_adaptive,profiler_cuml_adaptive_postfix,QHY600-4_SDSSi_10k,15.3,46.556826,15759,2026-09-10T08:28:26.163Z,local,postfix_2026-09-10,350.00,58.28,51,ttt_server_postfix_20260910_072227,7,0,TTT2_QHY600-4_2026-04-03-03-21-23-435107_MAXIJ1820+070_SDSSi.fits
ttt_server,NVIDIA GeForce RTX 3090,3.12.3,py312_cuml_adaptive,profiler_cuml_adaptive_postfix,QHY600-4_SDSSi_10k,15.3,33.499748,15759,2026-09-10T08:29:35.947Z,local,postfix_2026-09-10,350.00,119.77,56,ttt_server_postfix_20260910_072227,8,0,TTT2_QHY600-4_2026-04-03-03-21-23-435107_MAXIJ1820+070_SDSSi.fits
ttt_server,NVIDIA GeForce RTX 3090,3.12.3,py312_cuml_adaptive,profiler_cuml_adaptive_postfix,QHY600-4_SDSSi_10k,15.3,23.707869,15759,2026-09-10T08:30:26.975Z,local,postfix_2026-09-10,350.00,151.57,58,ttt_server_postfix_20260910_072227,9,0,TTT2_QHY600-4_2026-04-03-03-21-23-435107_MAXIJ1820+070_SDSSi.fits
ttt_server,NVIDIA GeForce RTX 3090,3.12.3,py312_cuml_adaptive,profiler_cuml_adaptive_postfix,QHY600-4_SDSSi_10k,15.3,20.760132,15759,2026-09-10T08:31:06.292Z,local,postfix_2026-09-10,350.00,153.65,59,ttt_server_postfix_20260910_072227,10,0,TTT2_QHY600-4_2026-04-03-03-21-23-435107_MAXIJ1820+070_SDSSi.fits
ttt_server,NVIDIA GeForce RTX 3090,3.12.3,py312_cuml_adaptive,profiler_cuml_adaptive_postfix,QHY600-4_SDSSi_10k,15.3,19.859067,15759,2026-09-10T08:31:39.835Z,local,postfix_2026-09-10,350.00,154.31,60,ttt_server_postfix_20260910_072227,11,0,TTT2_QHY600-4_2026-04-03-03-21-23-435107_MAXIJ1820+070_SDSSi.fits
ttt_server,NVIDIA GeForce RTX 3090,3.12.3,py312_cuml_adaptive,profiler_cuml_adaptive_postfix,QHY600-4_SDSSi_10k,15.3,22.120356,15759,2026-09-10T08:32:12.402Z,local,postfix_2026-09-10,350.00,148.90,59,ttt_server_postfix_20260910_072227,12,0,TTT2_QHY600-4_2026-04-03-03-21-23-435107_MAXIJ1820+070_SDSSi.fits
ttt_server,NVIDIA GeForce RTX 3090,3.12.3,py312_cuml_adaptive,profiler_cuml_adaptive_postfix,QHY600-4_SDSSi_10k,15.3,21.030603,15759,2026-09-10T08:32:48.115Z,local,postfix_2026-09-10,350.00,152.05,60,ttt_server_postfix_20260910_072227,13,0,TTT2_QHY600-4_2026-04-03-03-21-23-435107_MAXIJ1820+070_SDSSi.fits
ttt_server,NVIDIA GeForce RTX 3090,3.12.3,py312_cuml_adaptive,profiler_cuml_adaptive_postfix,QHY600-4_SDSSi_10k,15.3,26.040897,15759,2026-09-10T08:33:24.053Z,local,postfix_2026-09-10,350.00,122.84,59,ttt_server_postfix_20260910_072227,14,0,TTT2_QHY600-4_2026-04-03-03-21-23-435107_MAXIJ1820+070_SDSSi.fits
ttt_server,NVIDIA GeForce RTX 3090,3.12.3,py312_cuml_adaptive,profiler_cuml_adaptive_postfix,QHY600-4_SDSSi_10k,15.3,41.841918,15759,2026-09-10T08:34:04.455Z,local,postfix_2026-09-10,350.00,28.07,52,ttt_server_postfix_20260910_072227,15,0,TTT2_QHY600-4_2026-04-03-03-21-23-435107_MAXIJ1820+070_SDSSi.fits
ttt_server,NVIDIA GeForce RTX 3090,3.12.3,py312_cuml_adaptive,profiler_cuml_adaptive_postfix,QHY600-4_SDSSi_10k,15.3,21.943487,15759,2026-09-10T08:35:05.735Z,local,postfix_2026-09-10,350.00,150.12,58,ttt_server_postfix_20260910_072227,16,0,TTT2_QHY600-4_2026-04-03-03-21-23-435107_MAXIJ1820+070_SDSSi.fits
ttt_server,NVIDIA GeForce RTX 3090,3.12.3,py312_cuml_adaptive,profiler_cuml_adaptive_postfix,QHY600-4_SDSSi_10k,15.3,21.002846,15759,2026-09-10T08:35:44.768Z,local,postfix_2026-09-10,350.00,152.05,59,ttt_server_postfix_20260910_072227,17,0,TTT2_QHY600-4_2026-04-03-03-21-23-435107_MAXIJ1820+070_SDSSi.fits
ttt_server,NVIDIA GeForce RTX 3090,3.12.3,py312_cuml_adaptive,profiler_cuml_adaptive_postfix,QHY600-4_SDSSi_10k,15.3,19.829621,15759,2026-09-10T08:36:19.144Z,local,postfix_2026-09-10,350.00,121.72,58,ttt_server_postfix_20260910_072227,18,0,TTT2_QHY600-4_2026-04-03-03-21-23-435107_MAXIJ1820+070_SDSSi.fits
ttt_server,NVIDIA GeForce RTX 3090,3.12.3,py312_cuml_adaptive,profiler_cuml_adaptive_postfix,QHY600-4_SDSSi_10k,15.3,19.560197,15759,2026-09-10T08:36:55.565Z,local,postfix_2026-09-10,350.00,154.43,60,ttt_server_postfix_20260910_072227,19,0,TTT2_QHY600-4_2026-04-03-03-21-23-435107_MAXIJ1820+070_SDSSi.fits
ttt_server,NVIDIA GeForce RTX 3090,3.12.3,py312_cuml_adaptive,profiler_cuml_adaptive_postfix,QHY600-4_SDSSi_10k,15.3,46.800405,15759,2026-09-10T08:37:28.598Z,local,postfix_2026-09-10,350.00,31.66,52,ttt_server_postfix_20260910_072227,20,0,TTT2_QHY600-4_2026-04-03-03-21-23-435107_MAXIJ1820+070_SDSSi.fits
ttt_server,NVIDIA GeForce RTX 3090,3.12.3,py312_cuml_adaptive,profiler_cuml_adaptive_postfix,QHY411-1_Lum_bin2,37.8,2.082482,,2026-09-10T08:38:38.502Z,local,postfix_2026-09-10,350.00,116.64,52,ttt_server_postfix_20260910_072227,0,1,TTT1_QHY411-1_2026-03-09-21-22-48-661122_2012QD8_Lum.fits
ttt_server,NVIDIA GeForce RTX 3090,3.12.3,py312_cuml_adaptive,profiler_cuml_adaptive_postfix,QHY411-1_Lum_bin2,37.8,1.182799,,2026-09-10T08:39:01.702Z,local,postfix_2026-09-10,350.00,115.97,52,ttt_server_postfix_20260910_072227,0,1,TTT1_QHY411-1_2026-03-09-21-22-48-661122_2012QD8_Lum.fits
ttt_server,NVIDIA GeForce RTX 3090,3.12.3,py312_cuml_adaptive,profiler_cuml_adaptive_postfix,QHY411-1_Lum_bin2,37.8,38.646824,354,2026-09-10T08:39:24.605Z,local,postfix_2026-09-10,350.00,27.26,50,ttt_server_postfix_20260910_072227,2,0,TTT1_QHY411-1_2026-03-09-21-22-48-661122_2012QD8_Lum.fits
ttt_server,NVIDIA GeForce RTX 3090,3.12.3,py312_cuml_adaptive,profiler_cuml_adaptive_postfix,QHY411-1_Lum_bin2,37.8,32.026805,354,2026-09-10T08:40:27.656Z,local,postfix_2026-09-10,350.00,30.81,53,ttt_server_postfix_20260910_072227,3,0,TTT1_QHY411-1_2026-03-09-21-22-48-661122_2012QD8_Lum.fits
ttt_server,NVIDIA GeForce RTX 3090,3.12.3,py312_cuml_adaptive,profiler_cuml_adaptive_postfix,QHY411-1_Lum_bin2,37.8,28.953545,354,2026-09-10T08:41:16.349Z,local,postfix_2026-09-10,350.00,38.86,54,ttt_server_postfix_20260910_072227,4,0,TTT1_QHY411-1_2026-03-09-21-22-48-661122_2012QD8_Lum.fits
ttt_server,NVIDIA GeForce RTX 3090,3.12.3,py312_cuml_adaptive,profiler_cuml_adaptive_postfix,QHY411-1_Lum_bin2,37.8,19.519444,354,2026-09-10T08:42:00.130Z,local,postfix_2026-09-10,350.00,141.47,57,ttt_server_postfix_20260910_072227,5,0,TTT1_QHY411-1_2026-03-09-21-22-48-661122_2012QD8_Lum.fits
ttt_server,NVIDIA GeForce RTX 3090,3.12.3,py312_cuml_adaptive,profiler_cuml_adaptive_postfix,QHY411-1_Lum_bin2,37.8,17.609698,354,2026-09-10T08:42:39.236Z,local,postfix_2026-09-10,350.00,151.92,59,ttt_server_postfix_20260910_072227,6,0,TTT1_QHY411-1_2026-03-09-21-22-48-661122_2012QD8_Lum.fits
ttt_server,NVIDIA GeForce RTX 3090,3.12.3,py312_cuml_adaptive,profiler_cuml_adaptive_postfix,QHY411-1_Lum_bin2,37.8,1.290605,,2026-09-10T08:43:10.956Z,local,postfix_2026-09-10,350.00,120.38,55,ttt_server_postfix_20260910_072227,7,0,TTT1_QHY411-1_2026-03-09-21-22-48-661122_2012QD8_Lum.fits
ttt_server,NVIDIA GeForce RTX 3090,3.12.3,py312_cuml_adaptive,profiler_cuml_adaptive_postfix,QHY411-1_Lum_bin2,37.8,18.468371,354,2026-09-10T08:43:29.089Z,local,postfix_2026-09-10,350.00,151.00,58,ttt_server_postfix_20260910_072227,8,0,TTT1_QHY411-1_2026-03-09-21-22-48-661122_2012QD8_Lum.fits
ttt_server,NVIDIA GeForce RTX 3090,3.12.3,py312_cuml_adaptive,profiler_cuml_adaptive_postfix,QHY411-1_Lum_bin2,37.8,18.310598,354,2026-09-10T08:44:00.674Z,local,postfix_2026-09-10,350.00,148.77,59,ttt_server_postfix_20260910_072227,9,0,TTT1_QHY411-1_2026-03-09-21-22-48-661122_2012QD8_Lum.fits
ttt_server,NVIDIA GeForce RTX 3090,3.12.3,py312_cuml_adaptive,profiler_cuml_adaptive_postfix,QHY411-1_Lum_bin2,37.8,18.487477,354,2026-09-10T08:44:32.896Z,local,postfix_2026-09-10,350.00,154.09,60,ttt_server_postfix_20260910_072227,10,0,TTT1_QHY411-1_2026-03-09-21-22-48-661122_2012QD8_Lum.fits
ttt_server,NVIDIA GeForce RTX 3090,3.12.3,py312_cuml_adaptive,profiler_cuml_adaptive_postfix,QHY411-1_Lum_bin2,37.8,18.255573,354,2026-09-10T08:45:05.369Z,local,postfix_2026-09-10,350.00,153.41,60,ttt_server_postfix_20260910_072227,11,0,TTT1_QHY411-1_2026-03-09-21-22-48-661122_2012QD8_Lum.fits
ttt_server,NVIDIA GeForce RTX 3090,3.12.3,py312_cuml_adaptive,profiler_cuml_adaptive_postfix,QHY411-1_Lum_bin2,37.8,22.009080,354,2026-09-10T08:45:40.269Z,local,postfix_2026-09-10,350.00,122.82,59,ttt_server_postfix_20260910_072227,12,0,TTT1_QHY411-1_2026-03-09-21-22-48-661122_2012QD8_Lum.fits
ttt_server,NVIDIA GeForce RTX 3090,3.12.3,py312_cuml_adaptive,profiler_cuml_adaptive_postfix,QHY411-1_Lum_bin2,37.8,18.789711,354,2026-09-10T08:46:19.893Z,local,postfix_2026-09-10,350.00,149.60,59,ttt_server_postfix_20260910_072227,13,0,TTT1_QHY411-1_2026-03-09-21-22-48-661122_2012QD8_Lum.fits
ttt_server,NVIDIA GeForce RTX 3090,3.12.3,py312_cuml_adaptive,profiler_cuml_adaptive_postfix,QHY411-1_Lum_bin2,37.8,19.645263,354,2026-09-10T08:46:55.111Z,local,postfix_2026-09-10,350.00,124.88,58,ttt_server_postfix_20260910_072227,14,0,TTT1_QHY411-1_2026-03-09-21-22-48-661122_2012QD8_Lum.fits
ttt_server,NVIDIA GeForce RTX 3090,3.12.3,py312_cuml_adaptive,profiler_cuml_adaptive_postfix,QHY411-1_Lum_bin2,37.8,33.568160,354,2026-09-10T08:47:37.339Z,local,postfix_2026-09-10,350.00,30.45,54,ttt_server_postfix_20260910_072227,15,0,TTT1_QHY411-1_2026-03-09-21-22-48-661122_2012QD8_Lum.fits
ttt_server,NVIDIA GeForce RTX 3090,3.12.3,py312_cuml_adaptive,profiler_cuml_adaptive_postfix,QHY411-1_Lum_bin2,37.8,24.055004,354,2026-09-10T08:48:28.549Z,local,postfix_2026-09-10,350.00,121.65,58,ttt_server_postfix_20260910_072227,16,0,TTT1_QHY411-1_2026-03-09-21-22-48-661122_2012QD8_Lum.fits
ttt_server,NVIDIA GeForce RTX 3090,3.12.3,py312_cuml_adaptive,profiler_cuml_adaptive_postfix,QHY411-1_Lum_bin2,37.8,1.849547,,2026-09-10T08:49:09.056Z,local,postfix_2026-09-10,350.00,120.30,56,ttt_server_postfix_20260910_072227,17,0,TTT1_QHY411-1_2026-03-09-21-22-48-661122_2012QD8_Lum.fits
ttt_server,NVIDIA GeForce RTX 3090,3.12.3,py312_cuml_adaptive,profiler_cuml_adaptive_postfix,QHY411-1_Lum_bin2,37.8,18.138010,354,2026-09-10T08:49:26.080Z,local,postfix_2026-09-10,350.00,153.41,59,ttt_server_postfix_20260910_072227,18,0,TTT1_QHY411-1_2026-03-09-21-22-48-661122_2012QD8_Lum.fits
ttt_server,NVIDIA GeForce RTX 3090,3.12.3,py312_cuml_adaptive,profiler_cuml_adaptive_postfix,QHY411-1_Lum_bin2,37.8,18.971098,354,2026-09-10T08:49:56.382Z,local,postfix_2026-09-10,350.00,152.34,59,ttt_server_postfix_20260910_072227,19,0,TTT1_QHY411-1_2026-03-09-21-22-48-661122_2012QD8_Lum.fits
ttt_server,NVIDIA GeForce RTX 3090,3.12.3,py312_cuml_adaptive,profiler_cuml_adaptive_postfix,QHY411-1_Lum_bin2,37.8,18.236306,354,2026-09-10T08:50:30.961Z,local,postfix_2026-09-10,350.00,152.68,60,ttt_server_postfix_20260910_072227,20,0,TTT1_QHY411-1_2026-03-09-21-22-48-661122_2012QD8_Lum.fits
ttt_server,NVIDIA GeForce RTX 3090,3.12.3,py312_cuml_adaptive,profiler_cuml_adaptive_postfix,QHY411-1_SDSSi_bin2,37.8,25.886762,621,2026-09-10T08:51:06.724Z,local,postfix_2026-09-10,350.00,153.21,60,ttt_server_postfix_20260910_072227,0,1,TTT1_QHY411-1_2026-02-14-03-52-12-471080_GaiaDR33534005919872722560_SDSSi.fits
ttt_server,NVIDIA GeForce RTX 3090,3.12.3,py312_cuml_adaptive,profiler_cuml_adaptive_postfix,QHY411-1_SDSSi_bin2,37.8,18.120949,621,2026-09-10T08:51:48.040Z,local,postfix_2026-09-10,350.00,153.34,61,ttt_server_postfix_20260910_072227,0,1,TTT1_QHY411-1_2026-02-14-03-52-12-471080_GaiaDR33534005919872722560_SDSSi.fits
ttt_server,NVIDIA GeForce RTX 3090,3.12.3,py312_cuml_adaptive,profiler_cuml_adaptive_postfix,QHY411-1_SDSSi_bin2,37.8,17.684597,621,2026-09-10T08:52:18.695Z,local,postfix_2026-09-10,350.00,155.02,61,ttt_server_postfix_20260910_072227,1,0,TTT1_QHY411-1_2026-02-14-03-52-12-471080_GaiaDR33534005919872722560_SDSSi.fits
ttt_server,NVIDIA GeForce RTX 3090,3.12.3,py312_cuml_adaptive,profiler_cuml_adaptive_postfix,QHY411-1_SDSSi_bin2,37.8,18.786622,621,2026-09-10T08:53:01.519Z,local,postfix_2026-09-10,350.00,122.06,58,ttt_server_postfix_20260910_072227,3,0,TTT1_QHY411-1_2026-02-14-03-52-12-471080_GaiaDR33534005919872722560_SDSSi.fits
ttt_server,NVIDIA GeForce RTX 3090,3.12.3,py312_cuml_adaptive,profiler_cuml_adaptive_postfix,QHY411-1_SDSSi_bin2,37.8,1.363017,,2026-09-10T08:53:34.522Z,local,postfix_2026-09-10,350.00,120.39,56,ttt_server_postfix_20260910_072227,4,0,TTT1_QHY411-1_2026-02-14-03-52-12-471080_GaiaDR33534005919872722560_SDSSi.fits
ttt_server,NVIDIA GeForce RTX 3090,3.12.3,py312_cuml_adaptive,profiler_cuml_adaptive_postfix,QHY411-1_SDSSi_bin2,37.8,20.510102,621,2026-09-10T08:53:59.130Z,local,postfix_2026-09-10,350.00,146.12,57,ttt_server_postfix_20260910_072227,6,0,TTT1_QHY411-1_2026-02-14-03-52-12-471080_GaiaDR33534005919872722560_SDSSi.fits
ttt_server,NVIDIA GeForce RTX 3090,3.12.3,py312_cuml_adaptive,profiler_cuml_adaptive_postfix,QHY411-1_SDSSi_bin2,37.8,19.557719,621,2026-09-10T08:54:38.447Z,local,postfix_2026-09-10,350.00,124.31,58,ttt_server_postfix_20260910_072227,7,0,TTT1_QHY411-1_2026-02-14-03-52-12-471080_GaiaDR33534005919872722560_SDSSi.fits
ttt_server,NVIDIA GeForce RTX 3090,3.12.3,py312_cuml_adaptive,profiler_cuml_adaptive_postfix,QHY411-1_SDSSi_bin2,37.8,22.428836,621,2026-09-10T08:55:11.834Z,local,postfix_2026-09-10,350.00,148.46,58,ttt_server_postfix_20260910_072227,8,0,TTT1_QHY411-1_2026-02-14-03-52-12-471080_GaiaDR33534005919872722560_SDSSi.fits
ttt_server,NVIDIA GeForce RTX 3090,3.12.3,py312_cuml_adaptive,profiler_cuml_adaptive_postfix,QHY411-1_SDSSi_bin2,37.8,19.877072,621,2026-09-10T08:55:48.699Z,local,postfix_2026-09-10,350.00,122.66,58,ttt_server_postfix_20260910_072227,9,0,TTT1_QHY411-1_2026-02-14-03-52-12-471080_GaiaDR33534005919872722560_SDSSi.fits
ttt_server,NVIDIA GeForce RTX 3090,3.12.3,py312_cuml_adaptive,profiler_cuml_adaptive_postfix,QHY411-1_SDSSi_bin2,37.8,21.226461,621,2026-09-10T08:56:23.996Z,local,postfix_2026-09-10,350.00,123.46,59,ttt_server_postfix_20260910_072227,10,0,TTT1_QHY411-1_2026-02-14-03-52-12-471080_GaiaDR33534005919872722560_SDSSi.fits
ttt_server,NVIDIA GeForce RTX 3090,3.12.3,py312_cuml_adaptive,profiler_cuml_adaptive_postfix,QHY411-1_SDSSi_bin2,37.8,37.076842,621,2026-09-10T08:56:59.274Z,local,postfix_2026-09-10,350.00,61.16,54,ttt_server_postfix_20260910_072227,11,0,TTT1_QHY411-1_2026-02-14-03-52-12-471080_GaiaDR33534005919872722560_SDSSi.fits
ttt_server,NVIDIA GeForce RTX 3090,3.12.3,py312_cuml_adaptive,profiler_cuml_adaptive_postfix,QHY411-1_SDSSi_bin2,37.8,38.533705,621,2026-09-10T08:57:52.029Z,local,postfix_2026-09-10,350.00,27.38,52,ttt_server_postfix_20260910_072227,12,0,TTT1_QHY411-1_2026-02-14-03-52-12-471080_GaiaDR33534005919872722560_SDSSi.fits
ttt_server,NVIDIA GeForce RTX 3090,3.12.3,py312_cuml_adaptive,profiler_cuml_adaptive_postfix,QHY411-1_SDSSi_bin2,37.8,23.493686,621,2026-09-10T08:58:52.862Z,local,postfix_2026-09-10,350.00,121.12,57,ttt_server_postfix_20260910_072227,13,0,TTT1_QHY411-1_2026-02-14-03-52-12-471080_GaiaDR33534005919872722560_SDSSi.fits
ttt_server,NVIDIA GeForce RTX 3090,3.12.3,py312_cuml_adaptive,profiler_cuml_adaptive_postfix,QHY411-1_SDSSi_bin2,37.8,22.521182,621,2026-09-10T08:59:35.216Z,local,postfix_2026-09-10,350.00,131.64,58,ttt_server_postfix_20260910_072227,14,0,TTT1_QHY411-1_2026-02-14-03-52-12-471080_GaiaDR33534005919872722560_SDSSi.fits
ttt_server,NVIDIA GeForce RTX 3090,3.12.3,py312_cuml_adaptive,profiler_cuml_adaptive_postfix,QHY411-1_SDSSi_bin2,37.8,20.706959,621,2026-09-10T09:00:14.175Z,local,postfix_2026-09-10,350.00,145.63,59,ttt_server_postfix_20260910_072227,15,0,TTT1_QHY411-1_2026-02-14-03-52-12-471080_GaiaDR33534005919872722560_SDSSi.fits
ttt_server,NVIDIA GeForce RTX 3090,3.12.3,py312_cuml_adaptive,profiler_cuml_adaptive_postfix,QHY411-1_SDSSi_bin2,37.8,1.108816,,2026-09-10T09:00:50.175Z,local,postfix_2026-09-10,350.00,121.29,56,ttt_server_postfix_20260910_072227,16,0,TTT1_QHY411-1_2026-02-14-03-52-12-471080_GaiaDR33534005919872722560_SDSSi.fits
ttt_server,NVIDIA GeForce RTX 3090,3.12.3,py312_cuml_adaptive,profiler_cuml_adaptive_postfix,QHY411-1_SDSSi_bin2,37.8,44.076642,621,2026-09-10T09:01:07.411Z,local,postfix_2026-09-10,350.00,79.89,53,ttt_server_postfix_20260910_072227,17,0,TTT1_QHY411-1_2026-02-14-03-52-12-471080_GaiaDR33534005919872722560_SDSSi.fits
ttt_server,NVIDIA GeForce RTX 3090,3.12.3,py312_cuml_adaptive,profiler_cuml_adaptive_postfix,QHY411-1_SDSSi_bin2,37.8,2.606653,,2026-09-10T09:02:07.018Z,local,postfix_2026-09-10,350.00,118.15,53,ttt_server_postfix_20260910_072227,18,0,TTT1_QHY411-1_2026-02-14-03-52-12-471080_GaiaDR33534005919872722560_SDSSi.fits
ttt_server,NVIDIA GeForce RTX 3090,3.12.3,py312_cuml_adaptive,profiler_cuml_adaptive_postfix,QHY411-1_SDSSi_bin2,37.8,24.142153,621,2026-09-10T09:02:26.744Z,local,postfix_2026-09-10,350.00,121.62,57,ttt_server_postfix_20260910_072227,19,0,TTT1_QHY411-1_2026-02-14-03-52-12-471080_GaiaDR33534005919872722560_SDSSi.fits
ttt_server,NVIDIA GeForce RTX 3090,3.12.3,py312_cuml_adaptive,profiler_cuml_adaptive_postfix,QHY411-1_SDSSi_bin2,37.8,23.427304,621,2026-09-10T09:03:03.254Z,local,postfix_2026-09-10,350.00,122.05,58,ttt_server_postfix_20260910_072227,20,0,TTT1_QHY411-1_2026-02-14-03-52-12-471080_GaiaDR33534005919872722560_SDSSi.fits
ttt_server,NVIDIA GeForce RTX 3090,3.12.3,py312_cuml_adaptive,profiler_cuml_adaptive_postfix,QHY411-1_SDSSg_2k,37.8,43.812594,4754,2026-09-10T09:03:46.813Z,local,postfix_2026-09-10,350.00,31.37,54,ttt_server_postfix_20260910_072227,0,1,TTT1_QHY411-1_2026-04-07-21-24-09-765452_Eugenia_SDSSg.fits
ttt_server,NVIDIA GeForce RTX 3090,3.12.3,py312_cuml_adaptive,profiler_cuml_adaptive_postfix,QHY411-1_SDSSg_2k,37.8,47.113436,4754,2026-09-10T09:04:48.062Z,local,postfix_2026-09-10,350.00,42.22,54,ttt_server_postfix_20260910_072227,0,1,TTT1_QHY411-1_2026-04-07-21-24-09-765452_Eugenia_SDSSg.fits
ttt_server,NVIDIA GeForce RTX 3090,3.12.3,py312_cuml_adaptive,profiler_cuml_adaptive_postfix,QHY411-1_SDSSg_2k,37.8,41.948507,4754,2026-09-10T09:05:51.216Z,local,postfix_2026-09-10,350.00,122.59,58,ttt_server_postfix_20260910_072227,1,0,TTT1_QHY411-1_2026-04-07-21-24-09-765452_Eugenia_SDSSg.fits
ttt_server,NVIDIA GeForce RTX 3090,3.12.3,py312_cuml_adaptive,profiler_cuml_adaptive_postfix,QHY411-1_SDSSg_2k,37.8,34.378639,4754,2026-09-10T09:06:50.311Z,local,postfix_2026-09-10,350.00,152.14,60,ttt_server_postfix_20260910_072227,2,0,TTT1_QHY411-1_2026-04-07-21-24-09-765452_Eugenia_SDSSg.fits
ttt_server,NVIDIA GeForce RTX 3090,3.12.3,py312_cuml_adaptive,profiler_cuml_adaptive_postfix,QHY411-1_SDSSg_2k,37.8,33.453402,4754,2026-09-10T09:07:39.743Z,local,postfix_2026-09-10,350.00,153.68,61,ttt_server_postfix_20260910_072227,3,0,TTT1_QHY411-1_2026-04-07-21-24-09-765452_Eugenia_SDSSg.fits
ttt_server,NVIDIA GeForce RTX 3090,3.12.3,py312_cuml_adaptive,profiler_cuml_adaptive_postfix,QHY411-1_SDSSg_2k,37.8,30.182820,4754,2026-09-10T09:08:27.201Z,local,postfix_2026-09-10,350.00,155.46,62,ttt_server_postfix_20260910_072227,4,0,TTT1_QHY411-1_2026-04-07-21-24-09-765452_Eugenia_SDSSg.fits
ttt_server,NVIDIA GeForce RTX 3090,3.12.3,py312_cuml_adaptive,profiler_cuml_adaptive_postfix,QHY411-1_SDSSg_2k,37.8,31.264221,4754,2026-09-10T09:09:11.548Z,local,postfix_2026-09-10,350.00,125.47,61,ttt_server_postfix_20260910_072227,5,0,TTT1_QHY411-1_2026-04-07-21-24-09-765452_Eugenia_SDSSg.fits
ttt_server,NVIDIA GeForce RTX 3090,3.12.3,py312_cuml_adaptive,profiler_cuml_adaptive_postfix,QHY411-1_SDSSg_2k,37.8,31.773856,4754,2026-09-10T09:09:56.256Z,local,postfix_2026-09-10,350.00,154.20,62,ttt_server_postfix_20260910_072227,6,0,TTT1_QHY411-1_2026-04-07-21-24-09-765452_Eugenia_SDSSg.fits
ttt_server,NVIDIA GeForce RTX 3090,3.12.3,py312_cuml_adaptive,profiler_cuml_adaptive_postfix,QHY411-1_SDSSg_2k,37.8,29.358063,4754,2026-09-10T09:10:42.433Z,local,postfix_2026-09-10,350.00,154.42,62,ttt_server_postfix_20260910_072227,7,0,TTT1_QHY411-1_2026-04-07-21-24-09-765452_Eugenia_SDSSg.fits
ttt_server,NVIDIA GeForce RTX 3090,3.12.3,py312_cuml_adaptive,profiler_cuml_adaptive_postfix,QHY411-1_SDSSg_2k,37.8,0.941212,,2026-09-10T09:11:23.875Z,local,postfix_2026-09-10,350.00,124.37,59,ttt_server_postfix_20260910_072227,8,0,TTT1_QHY411-1_2026-04-07-21-24-09-765452_Eugenia_SDSSg.fits
ttt_server,NVIDIA GeForce RTX 3090,3.12.3,py312_cuml_adaptive,profiler_cuml_adaptive_postfix,QHY411-1_SDSSg_2k,37.8,30.984013,4754,2026-09-10T09:11:47.329Z,local,postfix_2026-09-10,350.00,125.45,58,ttt_server_postfix_20260910_072227,10,0,TTT1_QHY411-1_2026-04-07-21-24-09-765452_Eugenia_SDSSg.fits
ttt_server,NVIDIA GeForce RTX 3090,3.12.3,py312_cuml_adaptive,profiler_cuml_adaptive_postfix,QHY411-1_SDSSg_2k,37.8,29.977978,4754,2026-09-10T09:12:36.773Z,local,postfix_2026-09-10,350.00,125.50,59,ttt_server_postfix_20260910_072227,11,0,TTT1_QHY411-1_2026-04-07-21-24-09-765452_Eugenia_SDSSg.fits
ttt_server,NVIDIA GeForce RTX 3090,3.12.3,py312_cuml_adaptive,profiler_cuml_adaptive_postfix,QHY411-1_SDSSg_2k,37.8,28.883526,4754,2026-09-10T09:13:20.378Z,local,postfix_2026-09-10,350.00,154.04,62,ttt_server_postfix_20260910_072227,12,0,TTT1_QHY411-1_2026-04-07-21-24-09-765452_Eugenia_SDSSg.fits
ttt_server,NVIDIA GeForce RTX 3090,3.12.3,py312_cuml_adaptive,profiler_cuml_adaptive_postfix,QHY411-1_SDSSg_2k,37.8,29.256024,4754,2026-09-10T09:14:00.259Z,local,postfix_2026-09-10,350.00,125.33,61,ttt_server_postfix_20260910_072227,13,0,TTT1_QHY411-1_2026-04-07-21-24-09-765452_Eugenia_SDSSg.fits
ttt_server,NVIDIA GeForce RTX 3090,3.12.3,py312_cuml_adaptive,profiler_cuml_adaptive_postfix,QHY411-1_SDSSg_2k,37.8,27.991467,4754,2026-09-10T09:14:41.292Z,local,postfix_2026-09-10,350.00,157.33,62,ttt_server_postfix_20260910_072227,14,0,TTT1_QHY411-1_2026-04-07-21-24-09-765452_Eugenia_SDSSg.fits
ttt_server,NVIDIA GeForce RTX 3090,3.12.3,py312_cuml_adaptive,profiler_cuml_adaptive_postfix,QHY411-1_SDSSg_2k,37.8,28.710520,4754,2026-09-10T09:15:29.564Z,local,postfix_2026-09-10,350.00,155.64,62,ttt_server_postfix_20260910_072227,16,0,TTT1_QHY411-1_2026-04-07-21-24-09-765452_Eugenia_SDSSg.fits
ttt_server,NVIDIA GeForce RTX 3090,3.12.3,py312_cuml_adaptive,profiler_cuml_adaptive_postfix,QHY411-1_SDSSg_2k,37.8,28.619249,4754,2026-09-10T09:16:09.705Z,local,postfix_2026-09-10,350.00,126.13,61,ttt_server_postfix_20260910_072227,17,0,TTT1_QHY411-1_2026-04-07-21-24-09-765452_Eugenia_SDSSg.fits
ttt_server,NVIDIA GeForce RTX 3090,3.12.3,py312_cuml_adaptive,profiler_cuml_adaptive_postfix,QHY411-1_SDSSg_2k,37.8,1.018852,,2026-09-10T09:16:50.507Z,local,postfix_2026-09-10,350.00,123.72,58,ttt_server_postfix_20260910_072227,18,0,TTT1_QHY411-1_2026-04-07-21-24-09-765452_Eugenia_SDSSg.fits
ttt_server,NVIDIA GeForce RTX 3090,3.12.3,py312_cuml_adaptive,profiler_cuml_adaptive_postfix,QHY411-1_SDSSg_2k,37.8,30.341372,4754,2026-09-10T09:17:03.500Z,local,postfix_2026-09-10,350.00,152.20,61,ttt_server_postfix_20260910_072227,19,0,TTT1_QHY411-1_2026-04-07-21-24-09-765452_Eugenia_SDSSg.fits
ttt_server,NVIDIA GeForce RTX 3090,3.12.3,py312_cuml_adaptive,profiler_cuml_adaptive_postfix,QHY411-1_SDSSg_2k,37.8,29.653598,4754,2026-09-10T09:17:46.320Z,local,postfix_2026-09-10,350.00,127.75,60,ttt_server_postfix_20260910_072227,20,0,TTT1_QHY411-1_2026-04-07-21-24-09-765452_Eugenia_SDSSg.fits
ttt_server,NVIDIA GeForce RTX 3090,3.12.3,py312_cuml_adaptive,profiler_cuml_adaptive_postfix,QHY411-1_SDSSg_2k,37.8,32.337417,3977,2026-09-10T09:18:35.488Z,local,postfix_2026-09-10,350.00,130.19,60,ttt_server_postfix_20260910_072227,0,1,TTT1_QHY411-1_2026-04-07-21-58-09-908367_Eugenia_SDSSg.fits
ttt_server,NVIDIA GeForce RTX 3090,3.12.3,py312_cuml_adaptive,profiler_cuml_adaptive_postfix,QHY411-1_SDSSg_2k,37.8,28.221293,3977,2026-09-10T09:19:21.728Z,local,postfix_2026-09-10,350.00,155.12,62,ttt_server_postfix_20260910_072227,0,1,TTT1_QHY411-1_2026-04-07-21-58-09-908367_Eugenia_SDSSg.fits
ttt_server,NVIDIA GeForce RTX 3090,3.12.3,py312_cuml_adaptive,profiler_cuml_adaptive_postfix,QHY411-1_SDSSg_2k,37.8,60.524338,3977,2026-09-10T09:20:05.166Z,local,postfix_2026-09-10,350.00,122.46,58,ttt_server_postfix_20260910_072227,1,0,TTT1_QHY411-1_2026-04-07-21-58-09-908367_Eugenia_SDSSg.fits
ttt_server,NVIDIA GeForce RTX 3090,3.12.3,py312_cuml_adaptive,profiler_cuml_adaptive_postfix,QHY411-1_SDSSg_2k,37.8,31.861761,3977,2026-09-10T09:21:18.191Z,local,postfix_2026-09-10,350.00,125.91,59,ttt_server_postfix_20260910_072227,2,0,TTT1_QHY411-1_2026-04-07-21-58-09-908367_Eugenia_SDSSg.fits
ttt_server,NVIDIA GeForce RTX 3090,3.12.3,py312_cuml_adaptive,profiler_cuml_adaptive_postfix,QHY411-1_SDSSg_2k,37.8,27.609074,3977,2026-09-10T09:22:04.474Z,local,postfix_2026-09-10,350.00,151.62,60,ttt_server_postfix_20260910_072227,3,0,TTT1_QHY411-1_2026-04-07-21-58-09-908367_Eugenia_SDSSg.fits
ttt_server,NVIDIA GeForce RTX 3090,3.12.3,py312_cuml_adaptive,profiler_cuml_adaptive_postfix,QHY411-1_SDSSg_2k,37.8,30.125810,3977,2026-09-10T09:22:46.487Z,local,postfix_2026-09-10,350.00,154.29,61,ttt_server_postfix_20260910_072227,4,0,TTT1_QHY411-1_2026-04-07-21-58-09-908367_Eugenia_SDSSg.fits
ttt_server,NVIDIA GeForce RTX 3090,3.12.3,py312_cuml_adaptive,profiler_cuml_adaptive_postfix,QHY411-1_SDSSg_2k,37.8,30.627263,3977,2026-09-10T09:23:31.405Z,local,postfix_2026-09-10,350.00,136.99,60,ttt_server_postfix_20260910_072227,5,0,TTT1_QHY411-1_2026-04-07-21-58-09-908367_Eugenia_SDSSg.fits
ttt_server,NVIDIA GeForce RTX 3090,3.12.3,py312_cuml_adaptive,profiler_cuml_adaptive_postfix,QHY411-1_SDSSg_2k,37.8,28.438039,3977,2026-09-10T09:24:16.044Z,local,postfix_2026-09-10,350.00,154.61,61,ttt_server_postfix_20260910_072227,6,0,TTT1_QHY411-1_2026-04-07-21-58-09-908367_Eugenia_SDSSg.fits
ttt_server,NVIDIA GeForce RTX 3090,3.12.3,py312_cuml_adaptive,profiler_cuml_adaptive_postfix,QHY411-1_SDSSg_2k,37.8,38.228384,3977,2026-09-10T09:24:59.517Z,local,postfix_2026-09-10,350.00,153.61,60,ttt_server_postfix_20260910_072227,7,0,TTT1_QHY411-1_2026-04-07-21-58-09-908367_Eugenia_SDSSg.fits
ttt_server,NVIDIA GeForce RTX 3090,3.12.3,py312_cuml_adaptive,profiler_cuml_adaptive_postfix,QHY411-1_SDSSg_2k,37.8,30.956694,3977,2026-09-10T09:25:53.573Z,local,postfix_2026-09-10,350.00,141.81,59,ttt_server_postfix_20260910_072227,8,0,TTT1_QHY411-1_2026-04-07-21-58-09-908367_Eugenia_SDSSg.fits
ttt_server,NVIDIA GeForce RTX 3090,3.12.3,py312_cuml_adaptive,profiler_cuml_adaptive_postfix,QHY411-1_SDSSg_2k,37.8,28.177326,3977,2026-09-10T09:26:41.779Z,local,postfix_2026-09-10,350.00,137.79,60,ttt_server_postfix_20260910_072227,9,0,TTT1_QHY411-1_2026-04-07-21-58-09-908367_Eugenia_SDSSg.fits
ttt_server,NVIDIA GeForce RTX 3090,3.12.3,py312_cuml_adaptive,profiler_cuml_adaptive_postfix,QHY411-1_SDSSg_2k,37.8,36.513885,3977,2026-09-10T09:27:22.736Z,local,postfix_2026-09-10,350.00,121.42,58,ttt_server_postfix_20260910_072227,10,0,TTT1_QHY411-1_2026-04-07-21-58-09-908367_Eugenia_SDSSg.fits
ttt_server,NVIDIA GeForce RTX 3090,3.12.3,py312_cuml_adaptive,profiler_cuml_adaptive_postfix,QHY411-1_SDSSg_2k,37.8,29.382486,3977,2026-09-10T09:28:14.126Z,local,postfix_2026-09-10,350.00,141.02,60,ttt_server_postfix_20260910_072227,11,0,TTT1_QHY411-1_2026-04-07-21-58-09-908367_Eugenia_SDSSg.fits
ttt_server,NVIDIA GeForce RTX 3090,3.12.3,py312_cuml_adaptive,profiler_cuml_adaptive_postfix,QHY411-1_SDSSg_2k,37.8,29.046954,3977,2026-09-10T09:28:58.556Z,local,postfix_2026-09-10,350.00,153.00,60,ttt_server_postfix_20260910_072227,12,0,TTT1_QHY411-1_2026-04-07-21-58-09-908367_Eugenia_SDSSg.fits
ttt_server,NVIDIA GeForce RTX 3090,3.12.3,py312_cuml_adaptive,profiler_cuml_adaptive_postfix,QHY411-1_SDSSg_2k,37.8,29.365711,3977,2026-09-10T09:29:43.880Z,local,postfix_2026-09-10,350.00,154.48,61,ttt_server_postfix_20260910_072227,13,0,TTT1_QHY411-1_2026-04-07-21-58-09-908367_Eugenia_SDSSg.fits
ttt_server,NVIDIA GeForce RTX 3090,3.12.3,py312_cuml_adaptive,profiler_cuml_adaptive_postfix,QHY411-1_SDSSg_2k,37.8,28.291182,3977,2026-09-10T09:30:26.634Z,local,postfix_2026-09-10,350.00,154.32,61,ttt_server_postfix_20260910_072227,14,0,TTT1_QHY411-1_2026-04-07-21-58-09-908367_Eugenia_SDSSg.fits
ttt_server,NVIDIA GeForce RTX 3090,3.12.3,py312_cuml_adaptive,profiler_cuml_adaptive_postfix,QHY411-1_SDSSg_2k,37.8,1.220360,,2026-09-10T09:31:08.764Z,local,postfix_2026-09-10,350.00,123.13,57,ttt_server_postfix_20260910_072227,15,0,TTT1_QHY411-1_2026-04-07-21-58-09-908367_Eugenia_SDSSg.fits
ttt_server,NVIDIA GeForce RTX 3090,3.12.3,py312_cuml_adaptive,profiler_cuml_adaptive_postfix,QHY411-1_SDSSg_2k,37.8,0.884289,,2026-09-10T09:31:22.797Z,local,postfix_2026-09-10,350.00,121.03,56,ttt_server_postfix_20260910_072227,16,0,TTT1_QHY411-1_2026-04-07-21-58-09-908367_Eugenia_SDSSg.fits
ttt_server,NVIDIA GeForce RTX 3090,3.12.3,py312_cuml_adaptive,profiler_cuml_adaptive_postfix,QHY411-1_SDSSg_2k,37.8,32.758330,3977,2026-09-10T09:31:44.761Z,local,postfix_2026-09-10,350.00,121.81,57,ttt_server_postfix_20260910_072227,18,0,TTT1_QHY411-1_2026-04-07-21-58-09-908367_Eugenia_SDSSg.fits
ttt_server,NVIDIA GeForce RTX 3090,3.12.3,py312_cuml_adaptive,profiler_cuml_adaptive_postfix,QHY411-1_SDSSg_2k,37.8,26.252931,3977,2026-09-10T09:32:35.600Z,local,postfix_2026-09-10,350.00,123.28,59,ttt_server_postfix_20260910_072227,19,0,TTT1_QHY411-1_2026-04-07-21-58-09-908367_Eugenia_SDSSg.fits
ttt_server,NVIDIA GeForce RTX 3090,3.12.3,py312_cuml_adaptive,profiler_cuml_adaptive_postfix,QHY411-1_SDSSg_2k,37.8,28.750471,3977,2026-09-10T09:33:14.797Z,local,postfix_2026-09-10,350.00,153.38,60,ttt_server_postfix_20260910_072227,20,0,TTT1_QHY411-1_2026-04-07-21-58-09-908367_Eugenia_SDSSg.fits
