# Post-fix measurements: RTX 3050 Ti, py3.12 adaptive cuML, local catalog (2026-09-10).
machine,gpu_name,python_ver,profiler_label,environment,image_label,mp,execution_time,n_sources_detected,timestamp,catalog_backend,remeasure_round,gpu_power_limit_w,gpu_power_draw_w,gpu_temp_c,session,rep,is_warmup
local,NVIDIA GeForce RTX 3050 Ti Laptop GPU,3.12.3,py312_cuml_adaptive,profiler_cuml_adaptive_postfix,iKon936_Lum,4.2,17.118486,228,2026-09-09T23:07:59.210Z,local,postfix_2026-09-09,NA,5.81,70,local_postfix_20260909_230759,0,1
local,NVIDIA GeForce RTX 3050 Ti Laptop GPU,3.12.3,py312_cuml_adaptive,profiler_cuml_adaptive_postfix,iKon936_Lum,4.2,17.546739,228,2026-09-09T23:08:24.017Z,local,postfix_2026-09-09,NA,9.00,72,local_postfix_20260909_230759,0,1
local,NVIDIA GeForce RTX 3050 Ti Laptop GPU,3.12.3,py312_cuml_adaptive,profiler_cuml_adaptive_postfix,iKon936_Lum,4.2,16.744654,228,2026-09-09T23:08:47.802Z,local,postfix_2026-09-09,NA,9.15,74,local_postfix_20260909_230759,1,0
local,NVIDIA GeForce RTX 3050 Ti Laptop GPU,3.12.3,py312_cuml_adaptive,profiler_cuml_adaptive_postfix,iKon936_Lum,4.2,16.697008,228,2026-09-09T23:09:10.129Z,local,postfix_2026-09-09,NA,9.31,75,local_postfix_20260909_230759,2,0
local,NVIDIA GeForce RTX 3050 Ti Laptop GPU,3.12.3,py312_cuml_adaptive,profiler_cuml_adaptive_postfix,iKon936_Lum,4.2,16.606053,228,2026-09-09T23:09:33.418Z,local,postfix_2026-09-09,NA,9.39,76,local_postfix_20260909_230759,3,0
local,NVIDIA GeForce RTX 3050 Ti Laptop GPU,3.12.3,py312_cuml_adaptive,profiler_cuml_adaptive_postfix,iKon936_Lum,4.2,16.931246,228,2026-09-09T23:09:55.343Z,local,postfix_2026-09-09,NA,9.46,76,local_postfix_20260909_230759,4,0
local,NVIDIA GeForce RTX 3050 Ti Laptop GPU,3.12.3,py312_cuml_adaptive,profiler_cuml_adaptive_postfix,iKon936_Lum,4.2,16.507016,228,2026-09-09T23:10:17.779Z,local,postfix_2026-09-09,NA,9.54,77,local_postfix_20260909_230759,5,0
local,NVIDIA GeForce RTX 3050 Ti Laptop GPU,3.12.3,py312_cuml_adaptive,profiler_cuml_adaptive_postfix,iKon936_Lum,4.2,17.317176,228,2026-09-09T23:10:40.570Z,local,postfix_2026-09-09,NA,9.54,77,local_postfix_20260909_230759,6,0
local,NVIDIA GeForce RTX 3050 Ti Laptop GPU,3.12.3,py312_cuml_adaptive,profiler_cuml_adaptive_postfix,iKon936_Lum,4.2,17.065774,228,2026-09-09T23:11:03.404Z,local,postfix_2026-09-09,NA,9.62,77,local_postfix_20260909_230759,7,0
local,NVIDIA GeForce RTX 3050 Ti Laptop GPU,3.12.3,py312_cuml_adaptive,profiler_cuml_adaptive_postfix,iKon936_Lum,4.2,16.959433,228,2026-09-09T23:11:25.918Z,local,postfix_2026-09-09,NA,9.64,78,local_postfix_20260909_230759,8,0
local,NVIDIA GeForce RTX 3050 Ti Laptop GPU,3.12.3,py312_cuml_adaptive,profiler_cuml_adaptive_postfix,iKon936_Lum,4.2,17.860659,228,2026-09-09T23:11:48.594Z,local,postfix_2026-09-09,NA,9.59,78,local_postfix_20260909_230759,9,0
local,NVIDIA GeForce RTX 3050 Ti Laptop GPU,3.12.3,py312_cuml_adaptive,profiler_cuml_adaptive_postfix,iKon936_Lum,4.2,18.184657,228,2026-09-09T23:12:12.009Z,local,postfix_2026-09-09,NA,9.57,77,local_postfix_20260909_230759,10,0
local,NVIDIA GeForce RTX 3050 Ti Laptop GPU,3.12.3,py312_cuml_adaptive,profiler_cuml_adaptive_postfix,iKon936_Lum,4.2,17.304939,228,2026-09-09T23:12:36.031Z,local,postfix_2026-09-09,NA,9.57,77,local_postfix_20260909_230759,11,0
local,NVIDIA GeForce RTX 3050 Ti Laptop GPU,3.12.3,py312_cuml_adaptive,profiler_cuml_adaptive_postfix,iKon936_Lum,4.2,17.161176,228,2026-09-09T23:13:00.342Z,local,postfix_2026-09-09,NA,9.58,77,local_postfix_20260909_230759,12,0
local,NVIDIA GeForce RTX 3050 Ti Laptop GPU,3.12.3,py312_cuml_adaptive,profiler_cuml_adaptive_postfix,iKon936_Lum,4.2,17.368509,228,2026-09-09T23:13:24.215Z,local,postfix_2026-09-09,NA,9.57,77,local_postfix_20260909_230759,13,0
local,NVIDIA GeForce RTX 3050 Ti Laptop GPU,3.12.3,py312_cuml_adaptive,profiler_cuml_adaptive_postfix,iKon936_Lum,4.2,18.125550,228,2026-09-09T23:13:47.708Z,local,postfix_2026-09-09,NA,9.55,77,local_postfix_20260909_230759,14,0
local,NVIDIA GeForce RTX 3050 Ti Laptop GPU,3.12.3,py312_cuml_adaptive,profiler_cuml_adaptive_postfix,iKon936_Lum,4.2,17.109559,228,2026-09-09T23:14:12.254Z,local,postfix_2026-09-09,NA,9.55,77,local_postfix_20260909_230759,15,0
local,NVIDIA GeForce RTX 3050 Ti Laptop GPU,3.12.3,py312_cuml_adaptive,profiler_cuml_adaptive_postfix,iKon936_Lum,4.2,18.318580,228,2026-09-09T23:14:36.267Z,local,postfix_2026-09-09,NA,9.54,77,local_postfix_20260909_230759,16,0
local,NVIDIA GeForce RTX 3050 Ti Laptop GPU,3.12.3,py312_cuml_adaptive,profiler_cuml_adaptive_postfix,iKon936_Lum,4.2,17.826839,228,2026-09-09T23:15:02.087Z,local,postfix_2026-09-09,NA,9.53,77,local_postfix_20260909_230759,17,0
local,NVIDIA GeForce RTX 3050 Ti Laptop GPU,3.12.3,py312_cuml_adaptive,profiler_cuml_adaptive_postfix,iKon936_Lum,4.2,17.823213,228,2026-09-09T23:15:26.129Z,local,postfix_2026-09-09,NA,9.52,77,local_postfix_20260909_230759,18,0
local,NVIDIA GeForce RTX 3050 Ti Laptop GPU,3.12.3,py312_cuml_adaptive,profiler_cuml_adaptive_postfix,iKon936_Lum,4.2,17.302767,228,2026-09-09T23:15:50.701Z,local,postfix_2026-09-09,NA,9.52,77,local_postfix_20260909_230759,19,0
local,NVIDIA GeForce RTX 3050 Ti Laptop GPU,3.12.3,py312_cuml_adaptive,profiler_cuml_adaptive_postfix,iKon936_Lum,4.2,18.429112,228,2026-09-09T23:16:15.273Z,local,postfix_2026-09-09,NA,9.52,77,local_postfix_20260909_230759,20,0
local,NVIDIA GeForce RTX 3050 Ti Laptop GPU,3.12.3,py312_cuml_adaptive,profiler_cuml_adaptive_postfix,iKon936_SDSSg,4.2,15.705157,279,2026-09-09T23:16:40.770Z,local,postfix_2026-09-09,NA,9.47,76,local_postfix_20260909_230759,0,1
local,NVIDIA GeForce RTX 3050 Ti Laptop GPU,3.12.3,py312_cuml_adaptive,profiler_cuml_adaptive_postfix,iKon936_SDSSg,4.2,16.781360,279,2026-09-09T23:17:02.752Z,local,postfix_2026-09-09,NA,9.47,76,local_postfix_20260909_230759,0,1
local,NVIDIA GeForce RTX 3050 Ti Laptop GPU,3.12.3,py312_cuml_adaptive,profiler_cuml_adaptive_postfix,iKon936_SDSSg,4.2,15.038843,279,2026-09-09T23:17:26.089Z,local,postfix_2026-09-09,NA,9.45,76,local_postfix_20260909_230759,1,0
local,NVIDIA GeForce RTX 3050 Ti Laptop GPU,3.12.3,py312_cuml_adaptive,profiler_cuml_adaptive_postfix,iKon936_SDSSg,4.2,15.771557,279,2026-09-09T23:17:49.374Z,local,postfix_2026-09-09,NA,9.43,76,local_postfix_20260909_230759,2,0
local,NVIDIA GeForce RTX 3050 Ti Laptop GPU,3.12.3,py312_cuml_adaptive,profiler_cuml_adaptive_postfix,iKon936_SDSSg,4.2,15.184983,279,2026-09-09T23:18:11.511Z,local,postfix_2026-09-09,NA,9.44,76,local_postfix_20260909_230759,3,0
local,NVIDIA GeForce RTX 3050 Ti Laptop GPU,3.12.3,py312_cuml_adaptive,profiler_cuml_adaptive_postfix,iKon936_SDSSg,4.2,15.205930,279,2026-09-09T23:18:33.346Z,local,postfix_2026-09-09,NA,9.43,76,local_postfix_20260909_230759,4,0
local,NVIDIA GeForce RTX 3050 Ti Laptop GPU,3.12.3,py312_cuml_adaptive,profiler_cuml_adaptive_postfix,iKon936_SDSSg,4.2,15.699790,279,2026-09-09T23:18:56.608Z,local,postfix_2026-09-09,NA,9.43,76,local_postfix_20260909_230759,5,0
local,NVIDIA GeForce RTX 3050 Ti Laptop GPU,3.12.3,py312_cuml_adaptive,profiler_cuml_adaptive_postfix,iKon936_SDSSg,4.2,16.344855,279,2026-09-09T23:19:18.740Z,local,postfix_2026-09-09,NA,9.41,75,local_postfix_20260909_230759,6,0
local,NVIDIA GeForce RTX 3050 Ti Laptop GPU,3.12.3,py312_cuml_adaptive,profiler_cuml_adaptive_postfix,iKon936_SDSSg,4.2,14.877416,279,2026-09-09T23:19:41.750Z,local,postfix_2026-09-09,NA,9.47,76,local_postfix_20260909_230759,7,0
local,NVIDIA GeForce RTX 3050 Ti Laptop GPU,3.12.3,py312_cuml_adaptive,profiler_cuml_adaptive_postfix,iKon936_SDSSg,4.2,15.407346,279,2026-09-09T23:20:02.446Z,local,postfix_2026-09-09,NA,9.51,77,local_postfix_20260909_230759,8,0
local,NVIDIA GeForce RTX 3050 Ti Laptop GPU,3.12.3,py312_cuml_adaptive,profiler_cuml_adaptive_postfix,iKon936_SDSSg,4.2,15.823159,279,2026-09-09T23:20:23.578Z,local,postfix_2026-09-09,NA,9.49,76,local_postfix_20260909_230759,9,0
local,NVIDIA GeForce RTX 3050 Ti Laptop GPU,3.12.3,py312_cuml_adaptive,profiler_cuml_adaptive_postfix,iKon936_SDSSg,4.2,14.969021,279,2026-09-09T23:20:45.898Z,local,postfix_2026-09-09,NA,9.50,77,local_postfix_20260909_230759,10,0
local,NVIDIA GeForce RTX 3050 Ti Laptop GPU,3.12.3,py312_cuml_adaptive,profiler_cuml_adaptive_postfix,iKon936_SDSSg,4.2,15.640458,279,2026-09-09T23:21:08.436Z,local,postfix_2026-09-09,NA,9.55,77,local_postfix_20260909_230759,11,0
local,NVIDIA GeForce RTX 3050 Ti Laptop GPU,3.12.3,py312_cuml_adaptive,profiler_cuml_adaptive_postfix,iKon936_SDSSg,4.2,15.091462,279,2026-09-09T23:21:29.818Z,local,postfix_2026-09-09,NA,9.57,77,local_postfix_20260909_230759,12,0
local,NVIDIA GeForce RTX 3050 Ti Laptop GPU,3.12.3,py312_cuml_adaptive,profiler_cuml_adaptive_postfix,iKon936_SDSSg,4.2,14.966780,279,2026-09-09T23:21:51.076Z,local,postfix_2026-09-09,NA,9.51,76,local_postfix_20260909_230759,13,0
local,NVIDIA GeForce RTX 3050 Ti Laptop GPU,3.12.3,py312_cuml_adaptive,profiler_cuml_adaptive_postfix,iKon936_SDSSg,4.2,15.099989,279,2026-09-09T23:22:14.598Z,local,postfix_2026-09-09,NA,9.49,76,local_postfix_20260909_230759,14,0
local,NVIDIA GeForce RTX 3050 Ti Laptop GPU,3.12.3,py312_cuml_adaptive,profiler_cuml_adaptive_postfix,iKon936_SDSSg,4.2,15.114778,279,2026-09-09T23:22:36.104Z,local,postfix_2026-09-09,NA,9.48,76,local_postfix_20260909_230759,15,0
local,NVIDIA GeForce RTX 3050 Ti Laptop GPU,3.12.3,py312_cuml_adaptive,profiler_cuml_adaptive_postfix,iKon936_SDSSg,4.2,14.632593,279,2026-09-09T23:22:58.123Z,local,postfix_2026-09-09,NA,9.46,76,local_postfix_20260909_230759,16,0
local,NVIDIA GeForce RTX 3050 Ti Laptop GPU,3.12.3,py312_cuml_adaptive,profiler_cuml_adaptive_postfix,iKon936_SDSSg,4.2,15.238138,279,2026-09-09T23:23:20.813Z,local,postfix_2026-09-09,NA,9.45,76,local_postfix_20260909_230759,17,0
local,NVIDIA GeForce RTX 3050 Ti Laptop GPU,3.12.3,py312_cuml_adaptive,profiler_cuml_adaptive_postfix,iKon936_SDSSg,4.2,15.171126,279,2026-09-09T23:23:42.389Z,local,postfix_2026-09-09,NA,9.46,76,local_postfix_20260909_230759,18,0
local,NVIDIA GeForce RTX 3050 Ti Laptop GPU,3.12.3,py312_cuml_adaptive,profiler_cuml_adaptive_postfix,iKon936_SDSSg,4.2,14.548944,279,2026-09-09T23:24:04.150Z,local,postfix_2026-09-09,NA,9.42,76,local_postfix_20260909_230759,19,0
local,NVIDIA GeForce RTX 3050 Ti Laptop GPU,3.12.3,py312_cuml_adaptive,profiler_cuml_adaptive_postfix,iKon936_SDSSg,4.2,14.911896,279,2026-09-09T23:24:26.300Z,local,postfix_2026-09-09,NA,9.45,76,local_postfix_20260909_230759,20,0
