machine,gpu_name,python_ver,profiler_label,environment,image_label,mp,execution_time,n_sources_detected,timestamp,naxis1,naxis2,filter,object,gpu_mem_total,gpu_mem_used,gpu_temp,source_round,catalog_backend
hp3,NVIDIA L40S,3.8,py38_baseline,profiler,QHY411-1_Lum_full,151.2,25.54089,,2026-05-31T21:38:10.000Z,,,,,,,,5E_l40s_py38_remed,vizier
hp3,NVIDIA L40S,3.8,py38_baseline,profiler,QHY411-1_Lum_full,151.2,25.05727,,2026-05-31T21:38:10.000Z,,,,,,,,5E_l40s_py38_remed,vizier
hp3,NVIDIA L40S,3.8,py38_baseline,profiler,QHY411-1_Lum_full,151.2,25.22535,,2026-05-31T21:38:10.000Z,,,,,,,,5E_l40s_py38_remed,vizier
hp3,NVIDIA L40S,3.8,py38_baseline,profiler,QHY411-1_Lum_full,151.2,25.26132,,2026-05-31T21:38:10.000Z,,,,,,,,5E_l40s_py38_remed,vizier
hp3,NVIDIA L40S,3.8,py38_baseline,profiler,QHY411-1_Lum_full,151.2,25.10863,,2026-05-31T21:38:10.000Z,,,,,,,,5E_l40s_py38_remed,vizier
hp3,NVIDIA L40S,3.8,py38_baseline,profiler,QHY411-1_Lum_full,151.2,25.40734,,2026-05-31T21:38:10.000Z,,,,,,,,5E_l40s_py38_remed,vizier
hp3,NVIDIA L40S,3.8,py38_baseline,profiler,QHY411-1_Lum_full,151.2,24.94184,,2026-05-31T21:38:10.000Z,,,,,,,,5E_l40s_py38_remed,vizier
hp3,NVIDIA L40S,3.8,py38_baseline,profiler,QHY411-1_Lum_full,151.2,25.43399,,2026-05-31T21:38:10.000Z,,,,,,,,5E_l40s_py38_remed,vizier
hp3,NVIDIA L40S,3.8,py38_baseline,profiler,QHY411-1_Lum_full,151.2,25.76534,,2026-05-31T21:38:10.000Z,,,,,,,,5E_l40s_py38_remed,vizier
hp3,NVIDIA L40S,3.8,py38_baseline,profiler,QHY411-1_Lum_full,151.2,24.95205,,2026-05-31T21:38:10.000Z,,,,,,,,5E_l40s_py38_remed,vizier
hp3,NVIDIA L40S,3.8,py38_baseline,profiler,QHY411-1_Lum_full,151.2,25.1409,,2026-05-31T21:38:10.000Z,,,,,,,,5E_l40s_py38_remed,vizier
hp3,NVIDIA L40S,3.8,py38_baseline,profiler,QHY411-1_Lum_full,151.2,25.11762,,2026-05-31T21:38:10.000Z,,,,,,,,5E_l40s_py38_remed,vizier
hp3,NVIDIA L40S,3.8,py38_baseline,profiler,QHY411-1_Lum_full,151.2,25.09597,,2026-05-31T21:38:10.000Z,,,,,,,,5E_l40s_py38_remed,vizier
hp3,NVIDIA L40S,3.8,py38_baseline,profiler,QHY411-1_Lum_full,151.2,25.00694,,2026-05-31T21:38:10.000Z,,,,,,,,5E_l40s_py38_remed,vizier
hp3,NVIDIA L40S,3.8,py38_baseline,profiler,QHY411-1_Lum_full,151.2,25.33237,,2026-05-31T21:38:10.000Z,,,,,,,,5E_l40s_py38_remed,vizier
hp3,NVIDIA L40S,3.8,py38_baseline,profiler,QHY411-1_Lum_full,151.2,24.9586,,2026-05-31T21:38:10.000Z,,,,,,,,5E_l40s_py38_remed,vizier
hp3,NVIDIA L40S,3.8,py38_baseline,profiler,QHY411-1_Lum_full,151.2,25.47908,,2026-05-31T21:38:10.000Z,,,,,,,,5E_l40s_py38_remed,vizier
hp3,NVIDIA L40S,3.8,py38_baseline,profiler,QHY411-1_Lum_full,151.2,25.19945,,2026-05-31T21:38:10.000Z,,,,,,,,5E_l40s_py38_remed,vizier
hp3,NVIDIA L40S,3.8,py38_baseline,profiler,QHY411-1_Lum_full,151.2,24.97107,,2026-05-31T21:38:10.000Z,,,,,,,,5E_l40s_py38_remed,vizier
hp3,NVIDIA L40S,3.8,py38_baseline,profiler,QHY411-1_Lum_full,151.2,24.95915,,2026-05-31T21:38:10.000Z,,,,,,,,5E_l40s_py38_remed,vizier
hp3,NVIDIA L40S,3.8,py38_baseline,profiler,QHY411-1_Lum_full,151.2,25.25478,,2026-05-31T21:38:10.000Z,,,,,,,,5E_l40s_py38_remed,vizier
hp3,NVIDIA L40S,3.8,py38_baseline,profiler,QHY411-3_SDSSg_10k,151.2,47.33719,,2026-05-31T21:38:10.000Z,,,,,,,,5E_l40s_py38_remed,vizier
hp3,NVIDIA L40S,3.8,py38_baseline,profiler,QHY411-3_SDSSg_10k,151.2,46.63398,,2026-05-31T21:38:10.000Z,,,,,,,,5E_l40s_py38_remed,vizier
hp3,NVIDIA L40S,3.8,py38_baseline,profiler,QHY411-3_SDSSg_10k,151.2,47.42152,,2026-05-31T21:38:10.000Z,,,,,,,,5E_l40s_py38_remed,vizier
hp3,NVIDIA L40S,3.8,py38_baseline,profiler,QHY411-3_SDSSg_10k,151.2,49.49991,,2026-05-31T21:38:10.000Z,,,,,,,,5E_l40s_py38_remed,vizier
hp3,NVIDIA L40S,3.8,py38_baseline,profiler,QHY411-3_SDSSg_10k,151.2,47.25493,,2026-05-31T21:38:10.000Z,,,,,,,,5E_l40s_py38_remed,vizier
hp3,NVIDIA L40S,3.8,py38_baseline,profiler,QHY411-3_SDSSg_10k,151.2,47.00671,,2026-05-31T21:38:10.000Z,,,,,,,,5E_l40s_py38_remed,vizier
hp3,NVIDIA L40S,3.8,py38_baseline,profiler,QHY411-3_SDSSg_10k,151.2,47.52865,,2026-05-31T21:38:10.000Z,,,,,,,,5E_l40s_py38_remed,vizier
hp3,NVIDIA L40S,3.8,py38_baseline,profiler,QHY411-3_SDSSg_10k,151.2,46.66152,,2026-05-31T21:38:10.000Z,,,,,,,,5E_l40s_py38_remed,vizier
hp3,NVIDIA L40S,3.8,py38_baseline,profiler,QHY411-3_SDSSg_10k,151.2,46.90693,,2026-05-31T21:38:10.000Z,,,,,,,,5E_l40s_py38_remed,vizier
hp3,NVIDIA L40S,3.8,py38_baseline,profiler,QHY411-3_SDSSg_10k,151.2,47.74462,,2026-05-31T21:38:10.000Z,,,,,,,,5E_l40s_py38_remed,vizier
hp3,NVIDIA L40S,3.8,py38_baseline,profiler,QHY411-3_SDSSg_10k,151.2,46.36623,,2026-05-31T21:38:10.000Z,,,,,,,,5E_l40s_py38_remed,vizier
hp3,NVIDIA L40S,3.8,py38_baseline,profiler,QHY411-3_SDSSg_10k,151.2,46.75827,,2026-05-31T21:38:10.000Z,,,,,,,,5E_l40s_py38_remed,vizier
hp3,NVIDIA L40S,3.8,py38_baseline,profiler,QHY411-3_SDSSg_10k,151.2,47.5986,,2026-05-31T21:38:10.000Z,,,,,,,,5E_l40s_py38_remed,vizier
hp3,NVIDIA L40S,3.8,py38_baseline,profiler,QHY411-3_SDSSg_10k,151.2,48.1007,,2026-05-31T21:38:10.000Z,,,,,,,,5E_l40s_py38_remed,vizier
hp3,NVIDIA L40S,3.8,py38_baseline,profiler,QHY411-3_SDSSg_10k,151.2,47.22412,,2026-05-31T21:38:10.000Z,,,,,,,,5E_l40s_py38_remed,vizier
hp3,NVIDIA L40S,3.8,py38_baseline,profiler,QHY411-3_SDSSg_10k,151.2,47.76951,,2026-05-31T21:38:10.000Z,,,,,,,,5E_l40s_py38_remed,vizier
hp3,NVIDIA L40S,3.8,py38_baseline,profiler,QHY411-3_SDSSg_10k,151.2,49.19342,,2026-05-31T21:38:10.000Z,,,,,,,,5E_l40s_py38_remed,vizier
hp3,NVIDIA L40S,3.8,py38_baseline,profiler,QHY411-3_SDSSg_10k,151.2,46.92014,,2026-05-31T21:38:10.000Z,,,,,,,,5E_l40s_py38_remed,vizier
hp3,NVIDIA L40S,3.8,py38_baseline,profiler,QHY411-3_SDSSg_10k,151.2,47.03602,,2026-05-31T21:38:10.000Z,,,,,,,,5E_l40s_py38_remed,vizier
hp3,NVIDIA L40S,3.8,py38_baseline,profiler,QHY411-3_SDSSg_10k,151.2,46.89961,,2026-05-31T21:38:10.000Z,,,,,,,,5E_l40s_py38_remed,vizier
hp3,NVIDIA L40S,3.8,py38_baseline,profiler,QHY411-3_SDSSg_10k,151.2,46.92612,,2026-05-31T21:38:10.000Z,,,,,,,,5E_l40s_py38_remed,vizier
hp3,NVIDIA L40S,3.8,py38_baseline,profiler,QHY411-3_SDSSr_19k,151.2,54.26696,,2026-05-31T21:38:10.000Z,,,,,,,,5E_l40s_py38_remed,vizier
hp3,NVIDIA L40S,3.8,py38_baseline,profiler,QHY411-3_SDSSr_19k,151.2,50.01689,,2026-05-31T21:38:10.000Z,,,,,,,,5E_l40s_py38_remed,vizier
hp3,NVIDIA L40S,3.8,py38_baseline,profiler,QHY411-3_SDSSr_19k,151.2,47.9602,,2026-05-31T21:38:10.000Z,,,,,,,,5E_l40s_py38_remed,vizier
hp3,NVIDIA L40S,3.8,py38_baseline,profiler,QHY411-3_SDSSr_19k,151.2,49.03568,,2026-05-31T21:38:10.000Z,,,,,,,,5E_l40s_py38_remed,vizier
hp3,NVIDIA L40S,3.8,py38_baseline,profiler,QHY411-3_SDSSr_19k,151.2,49.12498,,2026-05-31T21:38:10.000Z,,,,,,,,5E_l40s_py38_remed,vizier
hp3,NVIDIA L40S,3.8,py38_baseline,profiler,QHY411-3_SDSSr_19k,151.2,48.74387,,2026-05-31T21:38:10.000Z,,,,,,,,5E_l40s_py38_remed,vizier
hp3,NVIDIA L40S,3.8,py38_baseline,profiler,QHY411-3_SDSSr_19k,151.2,48.92234,,2026-05-31T21:38:10.000Z,,,,,,,,5E_l40s_py38_remed,vizier
hp3,NVIDIA L40S,3.8,py38_baseline,profiler,QHY411-3_SDSSr_19k,151.2,48.28822,,2026-05-31T21:38:10.000Z,,,,,,,,5E_l40s_py38_remed,vizier
hp3,NVIDIA L40S,3.8,py38_baseline,profiler,QHY411-3_SDSSr_19k,151.2,48.14953,,2026-05-31T21:38:10.000Z,,,,,,,,5E_l40s_py38_remed,vizier
hp3,NVIDIA L40S,3.8,py38_baseline,profiler,QHY411-3_SDSSr_19k,151.2,48.96244,,2026-05-31T21:38:10.000Z,,,,,,,,5E_l40s_py38_remed,vizier
hp3,NVIDIA L40S,3.8,py38_baseline,profiler,QHY411-3_SDSSr_19k,151.2,49.45644,,2026-05-31T21:38:10.000Z,,,,,,,,5E_l40s_py38_remed,vizier
hp3,NVIDIA L40S,3.8,py38_baseline,profiler,QHY411-3_SDSSr_19k,151.2,49.05839,,2026-05-31T21:38:10.000Z,,,,,,,,5E_l40s_py38_remed,vizier
hp3,NVIDIA L40S,3.8,py38_baseline,profiler,QHY411-3_SDSSr_19k,151.2,49.70768,,2026-05-31T21:38:10.000Z,,,,,,,,5E_l40s_py38_remed,vizier
hp3,NVIDIA L40S,3.8,py38_baseline,profiler,QHY411-3_SDSSr_19k,151.2,48.29171,,2026-05-31T21:38:10.000Z,,,,,,,,5E_l40s_py38_remed,vizier
hp3,NVIDIA L40S,3.8,py38_baseline,profiler,QHY411-3_SDSSr_19k,151.2,48.91281,,2026-05-31T21:38:10.000Z,,,,,,,,5E_l40s_py38_remed,vizier
hp3,NVIDIA L40S,3.8,py38_baseline,profiler,QHY411-3_SDSSr_19k,151.2,48.9427,,2026-05-31T21:38:10.000Z,,,,,,,,5E_l40s_py38_remed,vizier
hp3,NVIDIA L40S,3.8,py38_baseline,profiler,QHY411-3_SDSSr_19k,151.2,48.61839,,2026-05-31T21:38:10.000Z,,,,,,,,5E_l40s_py38_remed,vizier
hp3,NVIDIA L40S,3.8,py38_baseline,profiler,QHY411-3_SDSSr_19k,151.2,48.41734,,2026-05-31T21:38:10.000Z,,,,,,,,5E_l40s_py38_remed,vizier
hp3,NVIDIA L40S,3.8,py38_baseline,profiler,QHY411-3_SDSSr_19k,151.2,48.45546,,2026-05-31T21:38:10.000Z,,,,,,,,5E_l40s_py38_remed,vizier
hp3,NVIDIA L40S,3.8,py38_baseline,profiler,QHY411-3_SDSSr_19k,151.2,48.52305,,2026-05-31T21:38:10.000Z,,,,,,,,5E_l40s_py38_remed,vizier
hp3,NVIDIA L40S,3.8,py38_baseline,profiler,QHY411-3_SDSSr_19k,151.2,49.71738,,2026-05-31T21:38:10.000Z,,,,,,,,5E_l40s_py38_remed,vizier
hp3,NVIDIA L40S,3.8,py38_baseline,profiler,QHY411-3_SDSSr_full,151.2,45.13066,,2026-05-31T21:38:10.000Z,,,,,,,,5E_l40s_py38_remed,vizier
hp3,NVIDIA L40S,3.8,py38_baseline,profiler,QHY411-3_SDSSr_full,151.2,41.7471,,2026-05-31T21:38:10.000Z,,,,,,,,5E_l40s_py38_remed,vizier
hp3,NVIDIA L40S,3.8,py38_baseline,profiler,QHY411-3_SDSSr_full,151.2,41.59051,,2026-05-31T21:38:10.000Z,,,,,,,,5E_l40s_py38_remed,vizier
hp3,NVIDIA L40S,3.8,py38_baseline,profiler,QHY411-3_SDSSr_full,151.2,41.83453,,2026-05-31T21:38:10.000Z,,,,,,,,5E_l40s_py38_remed,vizier
hp3,NVIDIA L40S,3.8,py38_baseline,profiler,QHY411-3_SDSSr_full,151.2,42.46485,,2026-05-31T21:38:10.000Z,,,,,,,,5E_l40s_py38_remed,vizier
hp3,NVIDIA L40S,3.8,py38_baseline,profiler,QHY411-3_SDSSr_full,151.2,41.83031,,2026-05-31T21:38:10.000Z,,,,,,,,5E_l40s_py38_remed,vizier
hp3,NVIDIA L40S,3.8,py38_baseline,profiler,QHY411-3_SDSSr_full,151.2,41.87033,,2026-05-31T21:38:10.000Z,,,,,,,,5E_l40s_py38_remed,vizier
hp3,NVIDIA L40S,3.8,py38_baseline,profiler,QHY411-3_SDSSr_full,151.2,41.27105,,2026-05-31T21:38:10.000Z,,,,,,,,5E_l40s_py38_remed,vizier
hp3,NVIDIA L40S,3.8,py38_baseline,profiler,QHY411-3_SDSSr_full,151.2,42.81903,,2026-05-31T21:38:10.000Z,,,,,,,,5E_l40s_py38_remed,vizier
hp3,NVIDIA L40S,3.8,py38_baseline,profiler,QHY411-3_SDSSr_full,151.2,41.67287,,2026-05-31T21:38:10.000Z,,,,,,,,5E_l40s_py38_remed,vizier
hp3,NVIDIA L40S,3.8,py38_baseline,profiler,QHY411-3_SDSSr_full,151.2,41.38298,,2026-05-31T21:38:10.000Z,,,,,,,,5E_l40s_py38_remed,vizier
hp3,NVIDIA L40S,3.8,py38_baseline,profiler,QHY411-3_SDSSr_full,151.2,42.04871,,2026-05-31T21:38:10.000Z,,,,,,,,5E_l40s_py38_remed,vizier
hp3,NVIDIA L40S,3.8,py38_baseline,profiler,QHY411-3_SDSSr_full,151.2,41.62128,,2026-05-31T21:38:10.000Z,,,,,,,,5E_l40s_py38_remed,vizier
hp3,NVIDIA L40S,3.8,py38_baseline,profiler,QHY411-3_SDSSr_full,151.2,42.0973,,2026-05-31T21:38:10.000Z,,,,,,,,5E_l40s_py38_remed,vizier
hp3,NVIDIA L40S,3.8,py38_baseline,profiler,QHY411-3_SDSSr_full,151.2,42.46865,,2026-05-31T21:38:10.000Z,,,,,,,,5E_l40s_py38_remed,vizier
hp3,NVIDIA L40S,3.8,py38_baseline,profiler,QHY411-3_SDSSr_full,151.2,44.32151,,2026-05-31T21:38:10.000Z,,,,,,,,5E_l40s_py38_remed,vizier
hp3,NVIDIA L40S,3.8,py38_baseline,profiler,QHY411-3_SDSSr_full,151.2,42.14326,,2026-05-31T21:38:10.000Z,,,,,,,,5E_l40s_py38_remed,vizier
hp3,NVIDIA L40S,3.8,py38_baseline,profiler,QHY411-3_SDSSr_full,151.2,42.09386,,2026-05-31T21:38:10.000Z,,,,,,,,5E_l40s_py38_remed,vizier
hp3,NVIDIA L40S,3.8,py38_baseline,profiler,QHY411-3_SDSSr_full,151.2,42.04876,,2026-05-31T21:38:10.000Z,,,,,,,,5E_l40s_py38_remed,vizier
hp3,NVIDIA L40S,3.8,py38_baseline,profiler,QHY411-3_SDSSr_full,151.2,41.94293,,2026-05-31T21:38:10.000Z,,,,,,,,5E_l40s_py38_remed,vizier
hp3,NVIDIA L40S,3.8,py38_baseline,profiler,QHY411-3_SDSSr_full,151.2,41.21441,,2026-05-31T21:38:10.000Z,,,,,,,,5E_l40s_py38_remed,vizier
hp3,NVIDIA L40S,3.8,py38_baseline,profiler,QHY411-3_Lum_full,151.2,58.82698,,2026-05-31T21:38:10.000Z,,,,,,,,5E_l40s_py38_remed,vizier
hp3,NVIDIA L40S,3.8,py38_baseline,profiler,QHY411-3_Lum_full,151.2,54.39717,,2026-05-31T21:38:10.000Z,,,,,,,,5E_l40s_py38_remed,vizier
hp3,NVIDIA L40S,3.8,py38_baseline,profiler,QHY411-3_Lum_full,151.2,54.53045,,2026-05-31T21:38:10.000Z,,,,,,,,5E_l40s_py38_remed,vizier
hp3,NVIDIA L40S,3.8,py38_baseline,profiler,QHY411-3_Lum_full,151.2,53.85525,,2026-05-31T21:38:10.000Z,,,,,,,,5E_l40s_py38_remed,vizier
hp3,NVIDIA L40S,3.8,py38_baseline,profiler,QHY411-3_Lum_full,151.2,54.21365,,2026-05-31T21:38:10.000Z,,,,,,,,5E_l40s_py38_remed,vizier
hp3,NVIDIA L40S,3.8,py38_baseline,profiler,QHY411-3_Lum_full,151.2,53.93222,,2026-05-31T21:38:10.000Z,,,,,,,,5E_l40s_py38_remed,vizier
hp3,NVIDIA L40S,3.8,py38_baseline,profiler,QHY411-3_Lum_full,151.2,53.98606,,2026-05-31T21:38:10.000Z,,,,,,,,5E_l40s_py38_remed,vizier
hp3,NVIDIA L40S,3.8,py38_baseline,profiler,QHY411-3_Lum_full,151.2,53.83187,,2026-05-31T21:38:10.000Z,,,,,,,,5E_l40s_py38_remed,vizier
hp3,NVIDIA L40S,3.8,py38_baseline,profiler,QHY411-3_Lum_full,151.2,55.50966,,2026-05-31T21:38:10.000Z,,,,,,,,5E_l40s_py38_remed,vizier
hp3,NVIDIA L40S,3.8,py38_baseline,profiler,QHY411-3_Lum_full,151.2,54.49792,,2026-05-31T21:38:10.000Z,,,,,,,,5E_l40s_py38_remed,vizier
hp3,NVIDIA L40S,3.8,py38_baseline,profiler,QHY411-3_Lum_full,151.2,55.74204,,2026-05-31T21:38:10.000Z,,,,,,,,5E_l40s_py38_remed,vizier
hp3,NVIDIA L40S,3.8,py38_baseline,profiler,QHY411-3_Lum_full,151.2,53.88573,,2026-05-31T21:38:10.000Z,,,,,,,,5E_l40s_py38_remed,vizier
hp3,NVIDIA L40S,3.8,py38_baseline,profiler,QHY411-3_Lum_full,151.2,53.51102,,2026-05-31T21:38:10.000Z,,,,,,,,5E_l40s_py38_remed,vizier
hp3,NVIDIA L40S,3.8,py38_baseline,profiler,QHY411-3_Lum_full,151.2,56.69701,,2026-05-31T21:38:10.000Z,,,,,,,,5E_l40s_py38_remed,vizier
hp3,NVIDIA L40S,3.8,py38_baseline,profiler,QHY411-3_Lum_full,151.2,55.64413,,2026-05-31T21:38:10.000Z,,,,,,,,5E_l40s_py38_remed,vizier
hp3,NVIDIA L40S,3.8,py38_baseline,profiler,QHY411-3_Lum_full,151.2,54.10823,,2026-05-31T21:38:10.000Z,,,,,,,,5E_l40s_py38_remed,vizier
hp3,NVIDIA L40S,3.8,py38_baseline,profiler,QHY411-3_Lum_full,151.2,56.91957,,2026-05-31T21:38:10.000Z,,,,,,,,5E_l40s_py38_remed,vizier
hp3,NVIDIA L40S,3.8,py38_baseline,profiler,QHY411-3_Lum_full,151.2,53.86876,,2026-05-31T21:38:10.000Z,,,,,,,,5E_l40s_py38_remed,vizier
hp3,NVIDIA L40S,3.8,py38_baseline,profiler,QHY411-3_Lum_full,151.2,53.76416,,2026-05-31T21:38:10.000Z,,,,,,,,5E_l40s_py38_remed,vizier
hp3,NVIDIA L40S,3.8,py38_baseline,profiler,QHY411-3_Lum_full,151.2,54.40594,,2026-05-31T21:38:10.000Z,,,,,,,,5E_l40s_py38_remed,vizier
hp3,NVIDIA L40S,3.8,py38_baseline,profiler,QHY411-3_Lum_full,151.2,55.41736,,2026-05-31T21:38:10.000Z,,,,,,,,5E_l40s_py38_remed,vizier
hp3,NVIDIA L40S,3.8,py38_baseline,profiler,QHY411-3_Lum_131k,151.2,103.30961,,2026-05-31T21:38:10.000Z,,,,,,,,5E_l40s_py38_remed,vizier
hp3,NVIDIA L40S,3.8,py38_baseline,profiler,QHY411-3_Lum_131k,151.2,100.03417,,2026-05-31T21:38:10.000Z,,,,,,,,5E_l40s_py38_remed,vizier
hp3,NVIDIA L40S,3.8,py38_baseline,profiler,QHY411-3_Lum_131k,151.2,102.34651,,2026-05-31T21:38:10.000Z,,,,,,,,5E_l40s_py38_remed,vizier
hp3,NVIDIA L40S,3.8,py38_baseline,profiler,QHY411-3_Lum_131k,151.2,99.63075,,2026-05-31T21:38:10.000Z,,,,,,,,5E_l40s_py38_remed,vizier
hp3,NVIDIA L40S,3.8,py38_baseline,profiler,QHY411-3_Lum_131k,151.2,100.48873,,2026-05-31T21:38:10.000Z,,,,,,,,5E_l40s_py38_remed,vizier
hp3,NVIDIA L40S,3.8,py38_baseline,profiler,QHY411-3_Lum_131k,151.2,103.08317,,2026-05-31T21:38:10.000Z,,,,,,,,5E_l40s_py38_remed,vizier
hp3,NVIDIA L40S,3.8,py38_baseline,profiler,QHY411-3_Lum_131k,151.2,104.2563,,2026-05-31T21:38:10.000Z,,,,,,,,5E_l40s_py38_remed,vizier
hp3,NVIDIA L40S,3.8,py38_baseline,profiler,QHY411-3_Lum_131k,151.2,102.05155,,2026-05-31T21:38:10.000Z,,,,,,,,5E_l40s_py38_remed,vizier
hp3,NVIDIA L40S,3.8,py38_baseline,profiler,QHY411-3_Lum_131k,151.2,100.38289,,2026-05-31T21:38:10.000Z,,,,,,,,5E_l40s_py38_remed,vizier
hp3,NVIDIA L40S,3.8,py38_baseline,profiler,QHY411-3_Lum_131k,151.2,99.41582,,2026-05-31T21:38:10.000Z,,,,,,,,5E_l40s_py38_remed,vizier
hp3,NVIDIA L40S,3.8,py38_baseline,profiler,QHY411-3_Lum_131k,151.2,100.87914,,2026-05-31T21:38:10.000Z,,,,,,,,5E_l40s_py38_remed,vizier
hp3,NVIDIA L40S,3.8,py38_baseline,profiler,QHY411-3_Lum_131k,151.2,101.09421,,2026-05-31T21:38:10.000Z,,,,,,,,5E_l40s_py38_remed,vizier
hp3,NVIDIA L40S,3.8,py38_baseline,profiler,QHY411-3_Lum_131k,151.2,101.94973,,2026-05-31T21:38:10.000Z,,,,,,,,5E_l40s_py38_remed,vizier
hp3,NVIDIA L40S,3.8,py38_baseline,profiler,QHY411-3_Lum_131k,151.2,98.88927,,2026-05-31T21:38:10.000Z,,,,,,,,5E_l40s_py38_remed,vizier
hp3,NVIDIA L40S,3.8,py38_baseline,profiler,QHY411-3_Lum_131k,151.2,100.39354,,2026-05-31T21:38:10.000Z,,,,,,,,5E_l40s_py38_remed,vizier
hp3,NVIDIA L40S,3.8,py38_baseline,profiler,QHY411-3_Lum_131k,151.2,99.57631,,2026-05-31T21:38:10.000Z,,,,,,,,5E_l40s_py38_remed,vizier
hp3,NVIDIA L40S,3.8,py38_baseline,profiler,QHY411-3_Lum_131k,151.2,100.41601,,2026-05-31T21:38:10.000Z,,,,,,,,5E_l40s_py38_remed,vizier
hp3,NVIDIA L40S,3.8,py38_baseline,profiler,QHY411-3_Lum_131k,151.2,99.31248,,2026-05-31T21:38:10.000Z,,,,,,,,5E_l40s_py38_remed,vizier
hp3,NVIDIA L40S,3.8,py38_baseline,profiler,QHY411-3_Lum_131k,151.2,100.35917,,2026-05-31T21:38:10.000Z,,,,,,,,5E_l40s_py38_remed,vizier
hp3,NVIDIA L40S,3.8,py38_baseline,profiler,QHY411-3_Lum_131k,151.2,103.40289,,2026-05-31T21:38:10.000Z,,,,,,,,5E_l40s_py38_remed,vizier
hp3,NVIDIA L40S,3.8,py38_baseline,profiler,QHY411-3_Lum_131k,151.2,99.68452,,2026-05-31T21:38:10.000Z,,,,,,,,5E_l40s_py38_remed,vizier
