image_label,camera,MP,sep_sources,gpuphot_detection_s,sep_s,photutils_s,gpu_speedup_vs_sep
iKon936_SDSSg,iKon936-1,4.2,63,0.0529,0.105,0.861,1.98
iKon936_Lum,iKon936-1,4.2,48,0.0493,0.12,0.863,2.43
QHY600-3_Lum,QHY600-3,6.8,10,0.063,0.18,1.415,2.86
QHY600-4_SDSSg,QHY600-4,15.3,106,0.2004,0.434,3.548,2.17
QHY600-4_Ha,QHY600-4,15.3,116,0.1931,0.422,3.618,2.19
QHY411-1_Lum_bin2,QHY411-1,37.8,113,0.1811,1.071,8.815,5.91
QHY411-1_SDSSi_bin2,QHY411-1,37.8,174,0.1804,1.131,9.333,6.27
QHY411-1_Lum_full,QHY411-1,151.2,1417,0.6223,4.316,35.758,6.94
QHY411-3_Lum_full,QHY411-3,151.2,6554,0.6011,4.673,34.836,7.77
QHY411-3_SDSSr_full,QHY411-3,151.2,4971,0.6062,4.53,34.518,7.47
