camera,stage,median_s,iqr_s,count,MP
QHY411-1,Optimal photometry,8.777535251,31.3536099085,6,37.8
QHY411-1,Aperture photometry,3.7374609774999996,4.771712953,30,37.8
QHY411-1,Coeff map,1.2782948765,0.70713620475,6,37.8
QHY411-1,Background (FFT),0.864991471,0.5394580465,6,37.8
QHY411-1,Astrometry (CPU),0.7282188015,0.0984241535,6,37.8
QHY411-1,Eigen-PSF (PCA),0.532793915,8.1496639445,6,37.8
QHY411-1,Astrometry (solver),0.4261367895,0.011352729249999971,6,37.8
QHY411-1,Catalog query (I/O),0.3184889315,0.3426466895,12,37.8
QHY411-1,Tile statistics,0.24420191600000002,0.16523112675000004,30,37.8
QHY411-1,PSF cutout extraction,0.1731940085,0.14248732525,6,37.8
QHY411-1,Source detection (PSF),0.1414788075,0.15520462675,12,37.8
QHY411-1,Salt-pepper filter,0.07115901250000001,0.150167769,6,37.8
QHY411-1,Star detection,0.0443487035,0.09202893099999998,6,37.8
QHY411-1,Zero-point (CPU),0.0121024305,0.00500094375,6,37.8
QHY411-1,Moffat fitting (CPU),0.009897095500000001,0.00474029875,30,37.8
QHY411-1,Crossmatch,0.0028543425,0.00241580675,30,37.8
QHY411-1,FFT convolution,0.0011200625,0.01431515825,192,37.8
QHY411-1,Star projection,0.000568654,0.00077126725,6,37.8
QHY600-3,Optimal photometry,1.917686116,0.0,1,6.8
QHY600-3,Background (FFT),0.67417148,0.0,1,6.8
QHY600-3,Astrometry (CPU),0.664007302,0.0,1,6.8
QHY600-3,Aperture photometry,0.627644012,0.2707075889999999,5,6.8
QHY600-3,Astrometry (solver),0.441703895,0.0,1,6.8
QHY600-3,Star detection,0.063706579,0.0,1,6.8
QHY600-3,Catalog query (I/O),0.055733035,0.021390971999999994,2,6.8
QHY600-3,Source detection (PSF),0.032896558,0.010051363999999997,2,6.8
QHY600-3,PSF cutout extraction,0.026556316,0.0,1,6.8
QHY600-3,Salt-pepper filter,0.025370932,0.0,1,6.8
QHY600-3,Moffat fitting (CPU),0.018646676,0.0,1,6.8
QHY600-3,FFT convolution,0.012272885,0.0026341579999999993,7,6.8
QHY600-3,Zero-point (CPU),0.003721413,0.0,1,6.8
QHY600-3,Crossmatch,0.000769768,0.002820245,5,6.8
QHY600-4,Optimal photometry,3.751699008,0.0,1,15.3
QHY600-4,Aperture photometry,2.166987728,0.9789065969999999,5,15.3
QHY600-4,Background (FFT),0.794124956,0.0,1,15.3
QHY600-4,Astrometry (CPU),0.719467989,0.0,1,15.3
QHY600-4,Eigen-PSF (PCA),0.520839732,0.0,1,15.3
QHY600-4,Astrometry (solver),0.422174813,0.0,1,15.3
QHY600-4,Coeff map,0.341048252,0.0,1,15.3
QHY600-4,PSF cutout extraction,0.179685168,0.0,1,15.3
QHY600-4,Catalog query (I/O),0.130308424,0.04431594200000001,2,15.3
QHY600-4,Source detection (PSF),0.08958445200000001,0.043890020000000016,2,15.3
QHY600-4,Tile statistics,0.062926832,0.00016019500000000186,5,15.3
QHY600-4,Star detection,0.058972264,0.0,1,15.3
QHY600-4,Salt-pepper filter,0.037450441,0.0,1,15.3
QHY600-4,FFT convolution,0.0169141185,0.005014523,12,15.3
QHY600-4,Moffat fitting (CPU),0.014362515,0.007593772000000002,5,15.3
QHY600-4,Zero-point (CPU),0.004241316,0.0,1,15.3
QHY600-4,Crossmatch,0.001336442,0.002534883,5,15.3
QHY600-4,Star projection,0.00042874,0.0,1,15.3
iKon936-1,Optimal photometry,2.654492572,0.0,1,4.2
iKon936-1,Astrometry (CPU),0.641517912,0.0,1,4.2
iKon936-1,Background (FFT),0.617214292,0.0,1,4.2
iKon936-1,Aperture photometry,0.543659818,1.1310387309999999,5,4.2
iKon936-1,Astrometry (solver),0.421327478,0.0,1,4.2
iKon936-1,Cosmic ray filter,0.337463208,0.0,1,4.2
iKon936-1,Catalog query (I/O),0.082393944,0.0025969309999999968,2,4.2
iKon936-1,PSF cutout extraction,0.062205995,0.0,1,4.2
iKon936-1,Star detection,0.038705135,0.0,1,4.2
iKon936-1,Source detection (PSF),0.023096106499999998,0.0014206565000000025,2,4.2
iKon936-1,Moffat fitting (CPU),0.018160353,0.0,1,4.2
iKon936-1,Zero-point (CPU),0.003846203,0.0,1,4.2
iKon936-1,FFT convolution,0.003752273,0.002914337,25,4.2
iKon936-1,Crossmatch,0.000907674,0.0033966240000000004,5,4.2
QHY411-3,Optimal photometry,84.89686850000001,23.26211500000001,4,151.2
QHY411-3,Aperture photometry,42.0459305,11.357753000000002,4,151.2
QHY411-3,Coeff map,2.088341,0.24096800000000007,4,151.2
QHY411-3,Background (FFT),2.093997,0.4858920000000002,4,151.2
QHY411-3,Astrometry (CPU),1.338621,0.843444,4,151.2
QHY411-3,Eigen-PSF (PCA),0.2660395,0.08723900000000004,4,151.2
QHY411-3,Astrometry (solver),0.526739,0.893918,4,151.2
QHY411-3,Catalog query (I/O),3.0814285000000003,0.07382700000000009,4,151.2
QHY411-3,Source detection (PSF),0.5940665,0.2685450000000001,4,151.2
QHY411-3,Salt-pepper filter,0.24197600000000002,0.00429199999999999,4,151.2
QHY411-3,Star detection,0.20211450000000003,0.00850300000000001,4,151.2
QHY411-3,Zero-point (CPU),0.020954,0.0011740000000000014,4,151.2
QHY411-3,FFT convolution,0.08144900000000001,0.031163999999999997,4,151.2
QHY411-3,Crossmatch,0.041003,0.021920000000000002,4,151.2
