# A100 power consumption (power.draw) sampling during 151.2 MP reduction, py3.12 (2026-09-10).
host,gpu,sample_t_rel_s,power_w,temp_c,phase
lenovo_tttserver,A100,0.00,60.99,34,run
lenovo_tttserver,A100,0.61,60.99,34,run
lenovo_tttserver,A100,1.14,60.99,34,run
lenovo_tttserver,A100,1.67,60.99,34,run
lenovo_tttserver,A100,2.20,61.53,34,run
lenovo_tttserver,A100,2.90,62.11,35,run
lenovo_tttserver,A100,3.48,60.99,34,run
lenovo_tttserver,A100,4.01,60.99,34,run
lenovo_tttserver,A100,4.54,60.99,34,run
lenovo_tttserver,A100,5.08,74.83,35,run
lenovo_tttserver,A100,5.61,72.15,35,run
lenovo_tttserver,A100,6.13,72.39,35,run
lenovo_tttserver,A100,6.67,72.39,36,run
lenovo_tttserver,A100,7.19,72.69,36,run
lenovo_tttserver,A100,7.77,72.39,36,run
lenovo_tttserver,A100,8.30,72.39,36,run
lenovo_tttserver,A100,8.82,72.39,36,run
lenovo_tttserver,A100,9.36,72.39,36,run
lenovo_tttserver,A100,9.89,72.39,36,run
lenovo_tttserver,A100,10.41,72.39,36,run
lenovo_tttserver,A100,11.00,72.39,36,run
lenovo_tttserver,A100,11.52,72.39,36,run
lenovo_tttserver,A100,12.12,72.69,36,run
lenovo_tttserver,A100,12.65,235.17,40,run
lenovo_tttserver,A100,13.19,90.75,39,run
lenovo_tttserver,A100,13.71,202.15,43,run
lenovo_tttserver,A100,14.24,110.51,43,run
lenovo_tttserver,A100,14.77,88.32,41,run
lenovo_tttserver,A100,15.30,87.49,40,run
lenovo_tttserver,A100,15.82,87.59,40,run
lenovo_tttserver,A100,16.35,112.94,40,run
lenovo_tttserver,A100,16.88,98.59,41,run
lenovo_tttserver,A100,17.41,98.88,42,run
lenovo_tttserver,A100,17.95,98.88,42,run
lenovo_tttserver,A100,18.48,157.42,42,run
lenovo_tttserver,A100,19.01,98.88,42,run
lenovo_tttserver,A100,19.53,104.28,42,run
lenovo_tttserver,A100,20.06,83.46,40,run
lenovo_tttserver,A100,20.73,217.89,49,run
lenovo_tttserver,A100,21.29,88.85,43,run
lenovo_tttserver,A100,21.81,88.02,41,run
lenovo_tttserver,A100,22.34,87.88,41,run
lenovo_tttserver,A100,22.87,83.79,40,run
lenovo_tttserver,A100,23.39,77.02,39,run
lenovo_tttserver,A100,23.92,76.73,39,run
lenovo_tttserver,A100,24.44,76.49,39,run
lenovo_tttserver,A100,24.97,76.49,38,run
lenovo_tttserver,A100,25.50,74.83,38,run
lenovo_tttserver,A100,26.02,76.20,38,run
lenovo_tttserver,A100,26.62,76.20,38,run
lenovo_tttserver,A100,27.14,78.38,38,run
lenovo_tttserver,A100,27.67,76.11,38,run
lenovo_tttserver,A100,28.20,73.22,37,run
lenovo_tttserver,A100,28.73,76.20,37,run
lenovo_tttserver,A100,29.33,75.95,37,run
lenovo_tttserver,A100,29.86,76.20,37,run
lenovo_tttserver,A100,30.39,76.49,37,run
lenovo_tttserver,A100,30.92,281.92,45,run
lenovo_tttserver,A100,31.45,90.75,45,run
lenovo_tttserver,A100,31.99,84.33,41,run
lenovo_tttserver,A100,32.51,83.25,40,run
lenovo_tttserver,A100,33.04,83.25,40,run
lenovo_tttserver,A100,33.56,82.96,39,run
lenovo_tttserver,A100,34.09,73.76,38,run
lenovo_tttserver,A100,34.61,73.46,38,run
lenovo_tttserver,A100,35.14,73.46,38,run
lenovo_tttserver,A100,35.67,73.46,38,run
lenovo_tttserver,A100,36.20,73.22,38,run
lenovo_tttserver,A100,36.73,73.22,37,run
lenovo_tttserver,A100,37.25,74.05,37,run
lenovo_tttserver,A100,37.78,74.83,37,run
lenovo_tttserver,A100,38.32,73.22,37,run
lenovo_tttserver,A100,38.85,73.22,37,run
lenovo_tttserver,A100,39.38,74.05,37,run
lenovo_tttserver,A100,39.91,73.22,37,run
lenovo_tttserver,A100,40.44,73.22,37,run
lenovo_tttserver,A100,40.97,72.93,37,run
lenovo_tttserver,A100,41.50,74.05,37,run
lenovo_tttserver,A100,42.02,72.93,37,run
lenovo_tttserver,A100,42.63,72.93,37,run
lenovo_tttserver,A100,43.16,72.93,37,run
lenovo_tttserver,A100,43.69,73.22,37,run
lenovo_tttserver,A100,44.21,74.29,37,run
lenovo_tttserver,A100,44.74,72.93,37,run
lenovo_tttserver,A100,45.27,72.93,37,run
lenovo_tttserver,A100,45.80,73.22,37,run
lenovo_tttserver,A100,46.33,73.46,37,run
lenovo_tttserver,A100,46.86,72.93,37,run
lenovo_tttserver,A100,47.38,72.93,37,run
lenovo_tttserver,A100,47.92,72.93,37,run
lenovo_tttserver,A100,48.45,72.93,37,run
lenovo_tttserver,A100,48.98,73.22,37,run
lenovo_tttserver,A100,49.55,73.22,37,run
lenovo_tttserver,A100,50.08,72.93,37,run
lenovo_tttserver,A100,50.61,72.93,37,run
lenovo_tttserver,A100,51.14,73.22,37,run
lenovo_tttserver,A100,51.66,72.93,37,run
lenovo_tttserver,A100,52.19,72.93,37,run
lenovo_tttserver,A100,52.72,72.93,37,run
lenovo_tttserver,A100,53.28,73.22,37,run
lenovo_tttserver,A100,53.81,72.93,37,run
lenovo_tttserver,A100,54.33,72.93,37,run
lenovo_tttserver,A100,54.86,73.22,37,run
lenovo_tttserver,A100,55.39,73.22,37,run
lenovo_tttserver,A100,55.91,73.22,37,run
lenovo_tttserver,A100,56.44,72.93,37,run
lenovo_tttserver,A100,56.97,73.22,37,run
lenovo_tttserver,A100,57.50,72.93,37,run
lenovo_tttserver,A100,58.02,72.93,37,run
lenovo_tttserver,A100,58.55,73.22,37,run
lenovo_tttserver,A100,59.08,72.93,37,run
lenovo_tttserver,A100,59.60,72.93,37,run
lenovo_tttserver,A100,60.13,72.93,37,run
lenovo_tttserver,A100,60.66,73.22,36,run
lenovo_tttserver,A100,61.18,73.22,37,run
lenovo_tttserver,A100,61.71,73.46,37,run
lenovo_tttserver,A100,62.24,72.69,37,run
lenovo_tttserver,A100,62.77,83.25,37,run
lenovo_tttserver,A100,63.30,81.26,37,run
lenovo_tttserver,A100,63.82,83.55,37,run
# lenovo_tttserver 151MP: elapsed=0:00:57.683628s objets=18712 power_samples=120
azken,H100,0.00,53.72,41,run
azken,H100,0.56,53.72,41,run
azken,H100,1.10,53.71,41,run
azken,H100,1.65,53.71,41,run
azken,H100,2.19,53.72,41,run
azken,H100,2.72,53.72,41,run
azken,H100,3.27,53.71,41,run
azken,H100,3.80,53.71,41,run
azken,H100,4.34,53.71,41,run
azken,H100,4.90,58.33,42,run
azken,H100,5.45,78.39,43,run
azken,H100,6.02,89.57,43,run
azken,H100,6.60,89.89,44,run
azken,H100,7.18,90.12,44,run
azken,H100,7.74,103.82,46,run
azken,H100,8.32,124.96,46,run
azken,H100,8.87,106.83,46,run
azken,H100,9.43,128.47,47,run
azken,H100,9.98,148.27,48,run
azken,H100,10.51,116.37,47,run
azken,H100,11.05,92.91,47,run
azken,H100,11.60,95.39,47,run
azken,H100,12.17,106.96,48,run
azken,H100,12.73,109.95,48,run
azken,H100,13.28,110.73,48,run
azken,H100,13.83,114.04,48,run
azken,H100,14.40,116.82,49,run
azken,H100,14.95,113.74,50,run
azken,H100,15.53,158.95,51,run
azken,H100,16.05,139.31,50,run
azken,H100,16.61,94.03,49,run
azken,H100,17.16,93.99,49,run
azken,H100,17.73,93.57,49,run
azken,H100,18.25,93.46,49,run
azken,H100,18.81,93.57,49,run
azken,H100,19.38,93.34,49,run
azken,H100,19.91,93.37,49,run
azken,H100,20.47,93.43,49,run
azken,H100,21.02,93.26,49,run
azken,H100,21.59,93.43,49,run
azken,H100,22.17,93.56,49,run
azken,H100,22.72,93.67,49,run
azken,H100,23.29,93.78,49,run
azken,H100,23.85,93.80,49,run
azken,H100,24.43,93.80,49,run
azken,H100,25.00,93.95,49,run
azken,H100,25.58,93.94,49,run
azken,H100,26.13,94.05,49,run
azken,H100,26.69,93.97,49,run
azken,H100,27.25,93.89,49,run
azken,H100,27.80,93.34,49,run
azken,H100,28.36,93.04,49,run
azken,H100,28.90,93.07,49,run
azken,H100,29.43,92.97,49,run
azken,H100,29.98,164.68,52,run
azken,H100,30.55,179.66,51,run
azken,H100,31.13,98.29,51,run
azken,H100,31.69,94.58,50,run
azken,H100,32.24,94.38,50,run
azken,H100,32.82,94.34,50,run
azken,H100,33.38,94.10,50,run
azken,H100,33.95,93.95,50,run
azken,H100,34.53,93.91,50,run
azken,H100,35.11,93.90,50,run
azken,H100,35.66,93.90,50,run
azken,H100,36.23,93.89,50,run
azken,H100,36.78,93.89,50,run
azken,H100,37.34,93.89,50,run
azken,H100,37.89,93.89,50,run
azken,H100,38.47,93.89,50,run
azken,H100,39.03,93.89,50,run
azken,H100,39.59,93.89,50,run
azken,H100,40.13,93.91,50,run
azken,H100,40.69,93.90,50,run
azken,H100,41.27,93.90,50,run
azken,H100,41.85,93.91,50,run
azken,H100,42.41,93.92,50,run
azken,H100,42.99,93.95,50,run
azken,H100,43.55,93.99,50,run
azken,H100,44.11,94.04,50,run
azken,H100,44.66,94.10,50,run
azken,H100,45.21,94.22,50,run
azken,H100,45.77,94.27,50,run
azken,H100,46.35,94.35,50,run
azken,H100,46.93,94.39,50,run
azken,H100,47.49,94.39,50,run
azken,H100,48.04,94.41,50,run
azken,H100,48.60,94.41,50,run
azken,H100,49.16,94.41,50,run
azken,H100,49.71,94.42,50,run
azken,H100,50.25,94.41,51,run
azken,H100,50.81,94.82,51,run
azken,H100,51.36,94.79,51,run
azken,H100,51.91,94.39,51,run
azken,H100,52.46,94.39,51,run
azken,H100,53.03,94.41,51,run
# azken 151MP: elapsed=0:00:45.987571s objets=18712 power_samples=96
