machine,gpu_name,python_ver,camera,megapixels,peak_gpu_memory_MB,gpu_total_MB,file
azken,NVIDIA H100 PCIe,3.12,QHY411-1,37.8,8501.3,81105.7,benchmark_18a4d753caa0_QHY411-1_20260823_143802_run1.sqlite
azken,NVIDIA H100 PCIe,3.12,QHY411-1,37.8,8501.3,81105.7,benchmark_18a4d753caa0_QHY411-1_20260823_143851_run1.sqlite
azken,NVIDIA H100 PCIe,3.12,QHY411-1,37.8,8510.1,81105.7,benchmark_18a4d753caa0_QHY411-1_20260823_144003_run1.sqlite
azken,NVIDIA H100 PCIe,3.12,QHY411-1,37.8,8510.1,81105.7,benchmark_18a4d753caa0_QHY411-1_20260823_144056_run1.sqlite
azken,NVIDIA H100 PCIe,3.12,QHY411-1,37.8,27104.5,81105.7,benchmark_18a4d753caa0_QHY411-1_20260823_144239_run1.sqlite
azken,NVIDIA H100 PCIe,3.12,QHY411-1,37.8,27104.5,81105.7,benchmark_18a4d753caa0_QHY411-1_20260823_144407_run1.sqlite
azken,NVIDIA H100 PCIe,3.12,QHY411-1,37.8,8588.2,81105.7,benchmark_18a4d753caa0_QHY411-1_20260823_151118_run1.sqlite
azken,NVIDIA H100 PCIe,3.12,QHY411-1,37.8,8588.2,81105.7,benchmark_18a4d753caa0_QHY411-1_20260823_151320_run1.sqlite
azken,NVIDIA H100 PCIe,3.12,QHY411-1,37.8,8586.6,81105.7,benchmark_18a4d753caa0_QHY411-1_20260823_151546_run1.sqlite
azken,NVIDIA H100 PCIe,3.12,QHY411-1,37.8,8586.6,81105.7,benchmark_18a4d753caa0_QHY411-1_20260823_151721_run1.sqlite
azken,NVIDIA H100 PCIe,3.12,QHY411-1,37.8,8593.6,81105.7,benchmark_18a4d753caa0_QHY411-1_20260823_151939_run1.sqlite
azken,NVIDIA H100 PCIe,3.12,QHY411-1,37.8,8593.6,81105.7,benchmark_18a4d753caa0_QHY411-1_20260823_152146_run1.sqlite
azken,NVIDIA H100 PCIe,3.12,QHY411-3,151.2,26723.3,81105.7,benchmark_18a4d753caa0_QHY411-3_20260823_144641_run1.sqlite
azken,NVIDIA H100 PCIe,3.12,QHY411-3,151.2,26723.3,81105.7,benchmark_18a4d753caa0_QHY411-3_20260823_144905_run1.sqlite
azken,NVIDIA H100 PCIe,3.12,QHY411-3,151.2,26722.2,81105.7,benchmark_18a4d753caa0_QHY411-3_20260823_145222_run1.sqlite
azken,NVIDIA H100 PCIe,3.12,QHY411-3,151.2,26722.2,81105.7,benchmark_18a4d753caa0_QHY411-3_20260823_145455_run1.sqlite
azken,NVIDIA H100 PCIe,3.12,QHY411-3,151.2,26720.3,81105.7,benchmark_18a4d753caa0_QHY411-3_20260823_152434_run1.sqlite
azken,NVIDIA H100 PCIe,3.12,QHY411-3,151.2,26720.3,81105.7,benchmark_18a4d753caa0_QHY411-3_20260823_152613_run1.sqlite
azken,NVIDIA H100 PCIe,3.12,QHY411-3,151.2,26724.2,81105.7,benchmark_18a4d753caa0_QHY411-3_20260823_152927_run1.sqlite
azken,NVIDIA H100 PCIe,3.12,QHY411-3,151.2,26724.2,81105.7,benchmark_18a4d753caa0_QHY411-3_20260823_153135_run1.sqlite
azken,NVIDIA H100 PCIe,3.12,QHY411-3,151.2,26768.0,81105.7,benchmark_18a4d753caa0_QHY411-3_20260823_153451_run1.sqlite
azken,NVIDIA H100 PCIe,3.12,QHY411-3,151.2,26768.0,81105.7,benchmark_18a4d753caa0_QHY411-3_20260823_153703_run1.sqlite
azken,NVIDIA H100 PCIe,3.12,QHY600-3,6.8,6890.7,81105.7,benchmark_18a4d753caa0_QHY600-3_20260823_143228_run1.sqlite
azken,NVIDIA H100 PCIe,3.12,QHY600-3,6.8,6890.7,81105.7,benchmark_18a4d753caa0_QHY600-3_20260823_143305_run1.sqlite
azken,NVIDIA H100 PCIe,3.12,QHY600-3,6.8,6886.4,81105.7,benchmark_18a4d753caa0_QHY600-3_20260823_145717_run1.sqlite
azken,NVIDIA H100 PCIe,3.12,QHY600-3,6.8,6886.4,81105.7,benchmark_18a4d753caa0_QHY600-3_20260823_145802_run1.sqlite
azken,NVIDIA H100 PCIe,3.12,QHY600-3,6.8,6886.6,81105.7,benchmark_18a4d753caa0_QHY600-3_20260823_145903_run1.sqlite
azken,NVIDIA H100 PCIe,3.12,QHY600-3,6.8,6886.6,81105.7,benchmark_18a4d753caa0_QHY600-3_20260823_145944_run1.sqlite
azken,NVIDIA H100 PCIe,3.12,QHY600-3,6.8,6886.5,81105.7,benchmark_18a4d753caa0_QHY600-3_20260823_150043_run1.sqlite
azken,NVIDIA H100 PCIe,3.12,QHY600-3,6.8,6886.5,81105.7,benchmark_18a4d753caa0_QHY600-3_20260823_150129_run1.sqlite
azken,NVIDIA H100 PCIe,3.12,QHY600-4,15.3,6997.5,81105.7,benchmark_18a4d753caa0_QHY600-4_20260823_143406_run1.sqlite
azken,NVIDIA H100 PCIe,3.12,QHY600-4,15.3,6997.5,81105.7,benchmark_18a4d753caa0_QHY600-4_20260823_143456_run1.sqlite
azken,NVIDIA H100 PCIe,3.12,QHY600-4,15.3,6992.6,81105.7,benchmark_18a4d753caa0_QHY600-4_20260823_143608_run1.sqlite
azken,NVIDIA H100 PCIe,3.12,QHY600-4,15.3,6992.6,81105.7,benchmark_18a4d753caa0_QHY600-4_20260823_143652_run1.sqlite
azken,NVIDIA H100 PCIe,3.12,QHY600-4,15.3,7062.1,81105.7,benchmark_18a4d753caa0_QHY600-4_20260823_150240_run1.sqlite
azken,NVIDIA H100 PCIe,3.12,QHY600-4,15.3,7062.1,81105.7,benchmark_18a4d753caa0_QHY600-4_20260823_150350_run1.sqlite
azken,NVIDIA H100 PCIe,3.12,QHY600-4,15.3,7038.4,81105.7,benchmark_18a4d753caa0_QHY600-4_20260823_150530_run1.sqlite
azken,NVIDIA H100 PCIe,3.12,QHY600-4,15.3,7038.4,81105.7,benchmark_18a4d753caa0_QHY600-4_20260823_150637_run1.sqlite
azken,NVIDIA H100 PCIe,3.12,QHY600-4,15.3,7043.4,81105.7,benchmark_18a4d753caa0_QHY600-4_20260823_150810_run1.sqlite
azken,NVIDIA H100 PCIe,3.12,QHY600-4,15.3,7043.4,81105.7,benchmark_18a4d753caa0_QHY600-4_20260823_150915_run1.sqlite
azken,NVIDIA H100 PCIe,3.12,iKon936-1,4.2,1637.4,81105.7,benchmark_18a4d753caa0_iKon936-1_20260823_142731_run1.sqlite
azken,NVIDIA H100 PCIe,3.12,iKon936-1,4.2,1637.4,81105.7,benchmark_18a4d753caa0_iKon936-1_20260823_142905_run1.sqlite
azken,NVIDIA H100 PCIe,3.12,iKon936-1,4.2,1637.4,81105.7,benchmark_18a4d753caa0_iKon936-1_20260823_142946_run1.sqlite
azken,NVIDIA H100 PCIe,3.12,iKon936-1,4.2,1637.4,81105.7,benchmark_18a4d753caa0_iKon936-1_20260823_143050_run1.sqlite
azken,NVIDIA H100 PCIe,3.12,iKon936-1,4.2,1637.4,81105.7,benchmark_18a4d753caa0_iKon936-1_20260823_143131_run1.sqlite
azken,NVIDIA H100 PCIe,3.8,QHY411-1,37.8,8970.1,81105.7,benchmark_524426dba4ee_QHY411-1_20260823_154926_run1.sqlite
azken,NVIDIA H100 PCIe,3.8,QHY411-1,37.8,8970.1,81105.7,benchmark_524426dba4ee_QHY411-1_20260823_155046_run1.sqlite
azken,NVIDIA H100 PCIe,3.8,QHY411-1,37.8,8970.1,81105.7,benchmark_524426dba4ee_QHY411-1_20260823_155237_run1.sqlite
azken,NVIDIA H100 PCIe,3.8,QHY411-1,37.8,8970.1,81105.7,benchmark_524426dba4ee_QHY411-1_20260823_155433_run1.sqlite
azken,NVIDIA H100 PCIe,3.8,QHY411-1,37.8,29629.0,81105.7,benchmark_524426dba4ee_QHY411-1_20260823_155640_run1.sqlite
azken,NVIDIA H100 PCIe,3.8,QHY411-1,37.8,29629.0,81105.7,benchmark_524426dba4ee_QHY411-1_20260823_155920_run1.sqlite
azken,NVIDIA H100 PCIe,3.8,QHY411-1,37.8,8970.1,81105.7,benchmark_524426dba4ee_QHY411-1_20260823_164428_run1.sqlite
azken,NVIDIA H100 PCIe,3.8,QHY411-1,37.8,8970.1,81105.7,benchmark_524426dba4ee_QHY411-1_20260823_164905_run1.sqlite
azken,NVIDIA H100 PCIe,3.8,QHY411-1,37.8,8970.1,81105.7,benchmark_524426dba4ee_QHY411-1_20260823_165553_run1.sqlite
azken,NVIDIA H100 PCIe,3.8,QHY411-1,37.8,8970.1,81105.7,benchmark_524426dba4ee_QHY411-1_20260823_165955_run1.sqlite
azken,NVIDIA H100 PCIe,3.8,QHY411-1,37.8,8970.1,81105.7,benchmark_524426dba4ee_QHY411-1_20260823_170414_run1.sqlite
azken,NVIDIA H100 PCIe,3.8,QHY411-1,37.8,8970.1,81105.7,benchmark_524426dba4ee_QHY411-1_20260823_170503_run1.sqlite
azken,NVIDIA H100 PCIe,3.8,QHY411-3,151.2,29624.9,81105.7,benchmark_524426dba4ee_QHY411-3_20260823_160223_run1.sqlite
azken,NVIDIA H100 PCIe,3.8,QHY411-3,151.2,29624.9,81105.7,benchmark_524426dba4ee_QHY411-3_20260823_160627_run1.sqlite
azken,NVIDIA H100 PCIe,3.8,QHY411-3,151.2,29624.9,81105.7,benchmark_524426dba4ee_QHY411-3_20260823_161137_run1.sqlite
azken,NVIDIA H100 PCIe,3.8,QHY411-3,151.2,29624.9,81105.7,benchmark_524426dba4ee_QHY411-3_20260823_161515_run1.sqlite
azken,NVIDIA H100 PCIe,3.8,QHY411-3,151.2,29624.9,81105.7,benchmark_524426dba4ee_QHY411-3_20260823_170645_run1.sqlite
azken,NVIDIA H100 PCIe,3.8,QHY411-3,151.2,29624.9,81105.7,benchmark_524426dba4ee_QHY411-3_20260823_170738_run1.sqlite
azken,NVIDIA H100 PCIe,3.8,QHY411-3,151.2,29624.9,81105.7,benchmark_524426dba4ee_QHY411-3_20260823_170933_run1.sqlite
azken,NVIDIA H100 PCIe,3.8,QHY411-3,151.2,29624.9,81105.7,benchmark_524426dba4ee_QHY411-3_20260823_171029_run1.sqlite
azken,NVIDIA H100 PCIe,3.8,QHY411-3,151.2,29624.9,81105.7,benchmark_524426dba4ee_QHY411-3_20260823_171325_run1.sqlite
azken,NVIDIA H100 PCIe,3.8,QHY411-3,151.2,29624.9,81105.7,benchmark_524426dba4ee_QHY411-3_20260823_171527_run1.sqlite
azken,NVIDIA H100 PCIe,3.8,QHY600-3,6.8,7284.6,81105.7,benchmark_524426dba4ee_QHY600-3_20260823_154319_run1.sqlite
azken,NVIDIA H100 PCIe,3.8,QHY600-3,6.8,7284.6,81105.7,benchmark_524426dba4ee_QHY600-3_20260823_154356_run1.sqlite
azken,NVIDIA H100 PCIe,3.8,QHY600-3,6.8,7284.6,81105.7,benchmark_524426dba4ee_QHY600-3_20260823_161953_run1.sqlite
azken,NVIDIA H100 PCIe,3.8,QHY600-3,6.8,7284.6,81105.7,benchmark_524426dba4ee_QHY600-3_20260823_162028_run1.sqlite
azken,NVIDIA H100 PCIe,3.8,QHY600-3,6.8,7284.6,81105.7,benchmark_524426dba4ee_QHY600-3_20260823_162120_run1.sqlite
azken,NVIDIA H100 PCIe,3.8,QHY600-3,6.8,7284.6,81105.7,benchmark_524426dba4ee_QHY600-3_20260823_162158_run1.sqlite
azken,NVIDIA H100 PCIe,3.8,QHY600-3,6.8,7284.6,81105.7,benchmark_524426dba4ee_QHY600-3_20260823_162250_run1.sqlite
azken,NVIDIA H100 PCIe,3.8,QHY600-3,6.8,7284.6,81105.7,benchmark_524426dba4ee_QHY600-3_20260823_162325_run1.sqlite
azken,NVIDIA H100 PCIe,3.8,QHY600-4,15.3,7026.0,81105.7,benchmark_524426dba4ee_QHY600-4_20260823_154450_run1.sqlite
azken,NVIDIA H100 PCIe,3.8,QHY600-4,15.3,7026.0,81105.7,benchmark_524426dba4ee_QHY600-4_20260823_154601_run1.sqlite
azken,NVIDIA H100 PCIe,3.8,QHY600-4,15.3,7026.0,81105.7,benchmark_524426dba4ee_QHY600-4_20260823_154727_run1.sqlite
azken,NVIDIA H100 PCIe,3.8,QHY600-4,15.3,7026.0,81105.7,benchmark_524426dba4ee_QHY600-4_20260823_154816_run1.sqlite
azken,NVIDIA H100 PCIe,3.8,QHY600-4,15.3,7054.9,81105.7,benchmark_524426dba4ee_QHY600-4_20260823_162429_run1.sqlite
azken,NVIDIA H100 PCIe,3.8,QHY600-4,15.3,7054.9,81105.7,benchmark_524426dba4ee_QHY600-4_20260823_162734_run1.sqlite
azken,NVIDIA H100 PCIe,3.8,QHY600-4,15.3,7026.0,81105.7,benchmark_524426dba4ee_QHY600-4_20260823_163136_run1.sqlite
azken,NVIDIA H100 PCIe,3.8,QHY600-4,15.3,7026.0,81105.7,benchmark_524426dba4ee_QHY600-4_20260823_163354_run1.sqlite
azken,NVIDIA H100 PCIe,3.8,QHY600-4,15.3,7025.2,81105.7,benchmark_524426dba4ee_QHY600-4_20260823_163757_run1.sqlite
azken,NVIDIA H100 PCIe,3.8,QHY600-4,15.3,7025.2,81105.7,benchmark_524426dba4ee_QHY600-4_20260823_164054_run1.sqlite
azken,NVIDIA H100 PCIe,3.8,iKon936-1,4.2,1924.2,81105.7,benchmark_524426dba4ee_iKon936-1_20260823_154026_run1.sqlite
azken,NVIDIA H100 PCIe,3.8,iKon936-1,4.2,1959.0,81105.7,benchmark_524426dba4ee_iKon936-1_20260823_154057_run1.sqlite
azken,NVIDIA H100 PCIe,3.8,iKon936-1,4.2,1959.0,81105.7,benchmark_524426dba4ee_iKon936-1_20260823_154202_run1.sqlite
azken,NVIDIA H100 PCIe,3.8,iKon936-1,4.2,1959.0,81105.7,benchmark_524426dba4ee_iKon936-1_20260823_154236_run1.sqlite
hp3,NVIDIA L40S,3.8,QHY411-1,37.8,8914.1,45596.1,benchmark_67f4070c9005_QHY411-1_20260823_154000_run1.sqlite
hp3,NVIDIA L40S,3.8,QHY411-1,37.8,8914.1,45596.1,benchmark_67f4070c9005_QHY411-1_20260823_154026_run1.sqlite
hp3,NVIDIA L40S,3.8,QHY411-1,37.8,8914.1,45596.1,benchmark_67f4070c9005_QHY411-1_20260823_154106_run1.sqlite
hp3,NVIDIA L40S,3.8,QHY411-1,37.8,8914.1,45596.1,benchmark_67f4070c9005_QHY411-1_20260823_154132_run1.sqlite
hp3,NVIDIA L40S,3.8,QHY411-1,37.8,29572.8,45596.1,benchmark_67f4070c9005_QHY411-1_20260823_154238_run1.sqlite
hp3,NVIDIA L40S,3.8,QHY411-1,37.8,29572.8,45596.1,benchmark_67f4070c9005_QHY411-1_20260823_154334_run1.sqlite
hp3,NVIDIA L40S,3.8,QHY411-1,37.8,8914.1,45596.1,benchmark_67f4070c9005_QHY411-1_20260823_155823_run1.sqlite
hp3,NVIDIA L40S,3.8,QHY411-1,37.8,8914.1,45596.1,benchmark_67f4070c9005_QHY411-1_20260823_155912_run1.sqlite
hp3,NVIDIA L40S,3.8,QHY411-1,37.8,8914.1,45596.1,benchmark_67f4070c9005_QHY411-1_20260823_160028_run1.sqlite
hp3,NVIDIA L40S,3.8,QHY411-1,37.8,8914.1,45596.1,benchmark_67f4070c9005_QHY411-1_20260823_160113_run1.sqlite
hp3,NVIDIA L40S,3.8,QHY411-1,37.8,8914.1,45596.1,benchmark_67f4070c9005_QHY411-1_20260823_160235_run1.sqlite
hp3,NVIDIA L40S,3.8,QHY411-1,37.8,8914.1,45596.1,benchmark_67f4070c9005_QHY411-1_20260823_160330_run1.sqlite
hp3,NVIDIA L40S,3.8,QHY411-3,151.2,29568.9,45596.1,benchmark_67f4070c9005_QHY411-3_20260823_154536_run1.sqlite
hp3,NVIDIA L40S,3.8,QHY411-3,151.2,29568.9,45596.1,benchmark_67f4070c9005_QHY411-3_20260823_154641_run1.sqlite
hp3,NVIDIA L40S,3.8,QHY411-3,151.2,29568.9,45596.1,benchmark_67f4070c9005_QHY411-3_20260823_154824_run1.sqlite
hp3,NVIDIA L40S,3.8,QHY411-3,151.2,29568.9,45596.1,benchmark_67f4070c9005_QHY411-3_20260823_154953_run1.sqlite
hp3,NVIDIA L40S,3.8,QHY411-3,151.2,29568.9,45596.1,benchmark_67f4070c9005_QHY411-3_20260823_160514_run1.sqlite
hp3,NVIDIA L40S,3.8,QHY411-3,151.2,29568.9,45596.1,benchmark_67f4070c9005_QHY411-3_20260823_160630_run1.sqlite
hp3,NVIDIA L40S,3.8,QHY411-3,151.2,29568.9,45596.1,benchmark_67f4070c9005_QHY411-3_20260823_160900_run1.sqlite
hp3,NVIDIA L40S,3.8,QHY411-3,151.2,29568.9,45596.1,benchmark_67f4070c9005_QHY411-3_20260823_161007_run1.sqlite
hp3,NVIDIA L40S,3.8,QHY411-3,151.2,29568.9,45596.1,benchmark_67f4070c9005_QHY411-3_20260823_161244_run1.sqlite
hp3,NVIDIA L40S,3.8,QHY411-3,151.2,29568.9,45596.1,benchmark_67f4070c9005_QHY411-3_20260823_161401_run1.sqlite
hp3,NVIDIA L40S,3.8,QHY600-3,6.8,7284.6,45596.1,benchmark_67f4070c9005_QHY600-3_20260823_153703_run1.sqlite
hp3,NVIDIA L40S,3.8,QHY600-3,6.8,7284.6,45596.1,benchmark_67f4070c9005_QHY600-3_20260823_153721_run1.sqlite
hp3,NVIDIA L40S,3.8,QHY600-3,6.8,7284.6,45596.1,benchmark_67f4070c9005_QHY600-3_20260823_155127_run1.sqlite
hp3,NVIDIA L40S,3.8,QHY600-3,6.8,7284.6,45596.1,benchmark_67f4070c9005_QHY600-3_20260823_155147_run1.sqlite
hp3,NVIDIA L40S,3.8,QHY600-3,6.8,7284.6,45596.1,benchmark_67f4070c9005_QHY600-3_20260823_155216_run1.sqlite
hp3,NVIDIA L40S,3.8,QHY600-3,6.8,7284.6,45596.1,benchmark_67f4070c9005_QHY600-3_20260823_155237_run1.sqlite
hp3,NVIDIA L40S,3.8,QHY600-3,6.8,7284.6,45596.1,benchmark_67f4070c9005_QHY600-3_20260823_155307_run1.sqlite
hp3,NVIDIA L40S,3.8,QHY600-3,6.8,7284.6,45596.1,benchmark_67f4070c9005_QHY600-3_20260823_155327_run1.sqlite
hp3,NVIDIA L40S,3.8,QHY600-4,15.3,6970.0,45596.1,benchmark_67f4070c9005_QHY600-4_20260823_153753_run1.sqlite
hp3,NVIDIA L40S,3.8,QHY600-4,15.3,6970.0,45596.1,benchmark_67f4070c9005_QHY600-4_20260823_153816_run1.sqlite
hp3,NVIDIA L40S,3.8,QHY600-4,15.3,6970.0,45596.1,benchmark_67f4070c9005_QHY600-4_20260823_153851_run1.sqlite
hp3,NVIDIA L40S,3.8,QHY600-4,15.3,6970.0,45596.1,benchmark_67f4070c9005_QHY600-4_20260823_153922_run1.sqlite
hp3,NVIDIA L40S,3.8,QHY600-4,15.3,6998.9,45596.1,benchmark_67f4070c9005_QHY600-4_20260823_155403_run1.sqlite
hp3,NVIDIA L40S,3.8,QHY600-4,15.3,6998.9,45596.1,benchmark_67f4070c9005_QHY600-4_20260823_155437_run1.sqlite
hp3,NVIDIA L40S,3.8,QHY600-4,15.3,6970.0,45596.1,benchmark_67f4070c9005_QHY600-4_20260823_155528_run1.sqlite
hp3,NVIDIA L40S,3.8,QHY600-4,15.3,6970.0,45596.1,benchmark_67f4070c9005_QHY600-4_20260823_155604_run1.sqlite
hp3,NVIDIA L40S,3.8,QHY600-4,15.3,6969.2,45596.1,benchmark_67f4070c9005_QHY600-4_20260823_155653_run1.sqlite
hp3,NVIDIA L40S,3.8,QHY600-4,15.3,6969.2,45596.1,benchmark_67f4070c9005_QHY600-4_20260823_155727_run1.sqlite
hp3,NVIDIA L40S,3.8,iKon936-1,4.2,1924.2,45596.1,benchmark_67f4070c9005_iKon936-1_20260823_153533_run1.sqlite
hp3,NVIDIA L40S,3.8,iKon936-1,4.2,1924.2,45596.1,benchmark_67f4070c9005_iKon936-1_20260823_153551_run1.sqlite
hp3,NVIDIA L40S,3.8,iKon936-1,4.2,1959.0,45596.1,benchmark_67f4070c9005_iKon936-1_20260823_153617_run1.sqlite
hp3,NVIDIA L40S,3.8,iKon936-1,4.2,1924.2,45596.1,benchmark_67f4070c9005_iKon936-1_20260823_153637_run1.sqlite
hp3,NVIDIA L40S,3.12,QHY411-1,37.8,8445.3,45596.1,benchmark_ce4950a22daa_QHY411-1_20260823_143645_run1.sqlite
hp3,NVIDIA L40S,3.12,QHY411-1,37.8,8445.3,45596.1,benchmark_ce4950a22daa_QHY411-1_20260823_143729_run1.sqlite
hp3,NVIDIA L40S,3.12,QHY411-1,37.8,8454.1,45596.1,benchmark_ce4950a22daa_QHY411-1_20260823_143833_run1.sqlite
hp3,NVIDIA L40S,3.12,QHY411-1,37.8,8454.1,45596.1,benchmark_ce4950a22daa_QHY411-1_20260823_143920_run1.sqlite
hp3,NVIDIA L40S,3.12,QHY411-1,37.8,26796.5,45596.1,benchmark_ce4950a22daa_QHY411-1_20260823_144149_run1.sqlite
hp3,NVIDIA L40S,3.12,QHY411-1,37.8,26796.5,45596.1,benchmark_ce4950a22daa_QHY411-1_20260823_144418_run1.sqlite
hp3,NVIDIA L40S,3.12,QHY411-1,37.8,8532.2,45596.1,benchmark_ce4950a22daa_QHY411-1_20260823_150906_run1.sqlite
hp3,NVIDIA L40S,3.12,QHY411-1,37.8,8532.2,45596.1,benchmark_ce4950a22daa_QHY411-1_20260823_151036_run1.sqlite
hp3,NVIDIA L40S,3.12,QHY411-1,37.8,8530.6,45596.1,benchmark_ce4950a22daa_QHY411-1_20260823_151248_run1.sqlite
hp3,NVIDIA L40S,3.12,QHY411-1,37.8,8530.6,45596.1,benchmark_ce4950a22daa_QHY411-1_20260823_151411_run1.sqlite
hp3,NVIDIA L40S,3.12,QHY411-1,37.8,8537.6,45596.1,benchmark_ce4950a22daa_QHY411-1_20260823_151623_run1.sqlite
hp3,NVIDIA L40S,3.12,QHY411-1,37.8,8537.6,45596.1,benchmark_ce4950a22daa_QHY411-1_20260823_151802_run1.sqlite
hp3,NVIDIA L40S,3.12,QHY411-3,151.2,26667.3,45596.1,benchmark_ce4950a22daa_QHY411-3_20260823_144753_run1.sqlite
hp3,NVIDIA L40S,3.12,QHY411-3,151.2,26667.3,45596.1,benchmark_ce4950a22daa_QHY411-3_20260823_144935_run1.sqlite
hp3,NVIDIA L40S,3.12,QHY411-3,151.2,26666.2,45596.1,benchmark_ce4950a22daa_QHY411-3_20260823_145219_run1.sqlite
hp3,NVIDIA L40S,3.12,QHY411-3,151.2,26666.2,45596.1,benchmark_ce4950a22daa_QHY411-3_20260823_145430_run1.sqlite
hp3,NVIDIA L40S,3.12,QHY411-3,151.2,26664.3,45596.1,benchmark_ce4950a22daa_QHY411-3_20260823_152057_run1.sqlite
hp3,NVIDIA L40S,3.12,QHY411-3,151.2,26664.3,45596.1,benchmark_ce4950a22daa_QHY411-3_20260823_152256_run1.sqlite
hp3,NVIDIA L40S,3.12,QHY411-3,151.2,26668.2,45596.1,benchmark_ce4950a22daa_QHY411-3_20260823_152559_run1.sqlite
hp3,NVIDIA L40S,3.12,QHY411-3,151.2,26668.2,45596.1,benchmark_ce4950a22daa_QHY411-3_20260823_152744_run1.sqlite
hp3,NVIDIA L40S,3.12,QHY411-3,151.2,26712.0,45596.1,benchmark_ce4950a22daa_QHY411-3_20260823_153059_run1.sqlite
hp3,NVIDIA L40S,3.12,QHY411-3,151.2,26712.0,45596.1,benchmark_ce4950a22daa_QHY411-3_20260823_153327_run1.sqlite
hp3,NVIDIA L40S,3.12,QHY600-3,6.8,6890.7,45596.1,benchmark_ce4950a22daa_QHY600-3_20260823_143140_run1.sqlite
hp3,NVIDIA L40S,3.12,QHY600-3,6.8,6890.7,45596.1,benchmark_ce4950a22daa_QHY600-3_20260823_143213_run1.sqlite
hp3,NVIDIA L40S,3.12,QHY600-3,6.8,6886.4,45596.1,benchmark_ce4950a22daa_QHY600-3_20260823_145702_run1.sqlite
hp3,NVIDIA L40S,3.12,QHY600-3,6.8,6886.4,45596.1,benchmark_ce4950a22daa_QHY600-3_20260823_145734_run1.sqlite
hp3,NVIDIA L40S,3.12,QHY600-3,6.8,6886.6,45596.1,benchmark_ce4950a22daa_QHY600-3_20260823_145824_run1.sqlite
hp3,NVIDIA L40S,3.12,QHY600-3,6.8,6886.6,45596.1,benchmark_ce4950a22daa_QHY600-3_20260823_145856_run1.sqlite
hp3,NVIDIA L40S,3.12,QHY600-3,6.8,6886.5,45596.1,benchmark_ce4950a22daa_QHY600-3_20260823_145945_run1.sqlite
hp3,NVIDIA L40S,3.12,QHY600-3,6.8,6886.5,45596.1,benchmark_ce4950a22daa_QHY600-3_20260823_150018_run1.sqlite
hp3,NVIDIA L40S,3.12,QHY600-4,15.3,6941.5,45596.1,benchmark_ce4950a22daa_QHY600-4_20260823_143309_run1.sqlite
hp3,NVIDIA L40S,3.12,QHY600-4,15.3,6941.5,45596.1,benchmark_ce4950a22daa_QHY600-4_20260823_143353_run1.sqlite
hp3,NVIDIA L40S,3.12,QHY600-4,15.3,6936.6,45596.1,benchmark_ce4950a22daa_QHY600-4_20260823_143457_run1.sqlite
hp3,NVIDIA L40S,3.12,QHY600-4,15.3,6936.6,45596.1,benchmark_ce4950a22daa_QHY600-4_20260823_143538_run1.sqlite
hp3,NVIDIA L40S,3.12,QHY600-4,15.3,7006.1,45596.1,benchmark_ce4950a22daa_QHY600-4_20260823_150122_run1.sqlite
hp3,NVIDIA L40S,3.12,QHY600-4,15.3,7006.1,45596.1,benchmark_ce4950a22daa_QHY600-4_20260823_150225_run1.sqlite
hp3,NVIDIA L40S,3.12,QHY600-4,15.3,6982.4,45596.1,benchmark_ce4950a22daa_QHY600-4_20260823_150408_run1.sqlite
hp3,NVIDIA L40S,3.12,QHY600-4,15.3,6982.4,45596.1,benchmark_ce4950a22daa_QHY600-4_20260823_150501_run1.sqlite
hp3,NVIDIA L40S,3.12,QHY600-4,15.3,6987.4,45596.1,benchmark_ce4950a22daa_QHY600-4_20260823_150626_run1.sqlite
hp3,NVIDIA L40S,3.12,QHY600-4,15.3,6987.4,45596.1,benchmark_ce4950a22daa_QHY600-4_20260823_150718_run1.sqlite
hp3,NVIDIA L40S,3.12,iKon936-1,4.2,1637.4,45596.1,benchmark_ce4950a22daa_iKon936-1_20260823_142859_run1.sqlite
hp3,NVIDIA L40S,3.12,iKon936-1,4.2,1637.4,45596.1,benchmark_ce4950a22daa_iKon936-1_20260823_142928_run1.sqlite
hp3,NVIDIA L40S,3.12,iKon936-1,4.2,1637.4,45596.1,benchmark_ce4950a22daa_iKon936-1_20260823_143012_run1.sqlite
hp3,NVIDIA L40S,3.12,iKon936-1,4.2,1637.4,45596.1,benchmark_ce4950a22daa_iKon936-1_20260823_143047_run1.sqlite
lenovo_tttserver,NVIDIA A100-SXM4-80GB,3.12,QHY411-1,37.8,8445.3,81050.6,benchmark_4d6efd00b9d2_QHY411-1_20260823_143443_run1.sqlite
lenovo_tttserver,NVIDIA A100-SXM4-80GB,3.12,QHY411-1,37.8,8445.3,81050.6,benchmark_4d6efd00b9d2_QHY411-1_20260823_143516_run1.sqlite
lenovo_tttserver,NVIDIA A100-SXM4-80GB,3.12,QHY411-1,37.8,8454.1,81050.6,benchmark_4d6efd00b9d2_QHY411-1_20260823_143608_run1.sqlite
lenovo_tttserver,NVIDIA A100-SXM4-80GB,3.12,QHY411-1,37.8,8454.1,81050.6,benchmark_4d6efd00b9d2_QHY411-1_20260823_143644_run1.sqlite
lenovo_tttserver,NVIDIA A100-SXM4-80GB,3.12,QHY411-1,37.8,26796.5,81050.6,benchmark_4d6efd00b9d2_QHY411-1_20260823_143824_run1.sqlite
lenovo_tttserver,NVIDIA A100-SXM4-80GB,3.12,QHY411-1,37.8,26796.5,81050.6,benchmark_4d6efd00b9d2_QHY411-1_20260823_144006_run1.sqlite
lenovo_tttserver,NVIDIA A100-SXM4-80GB,3.12,QHY411-1,37.8,8532.2,81050.6,benchmark_4d6efd00b9d2_QHY411-1_20260823_150108_run1.sqlite
lenovo_tttserver,NVIDIA A100-SXM4-80GB,3.12,QHY411-1,37.8,8532.2,81050.6,benchmark_4d6efd00b9d2_QHY411-1_20260823_150241_run1.sqlite
lenovo_tttserver,NVIDIA A100-SXM4-80GB,3.12,QHY411-1,37.8,8530.6,81050.6,benchmark_4d6efd00b9d2_QHY411-1_20260823_150442_run1.sqlite
lenovo_tttserver,NVIDIA A100-SXM4-80GB,3.12,QHY411-1,37.8,8530.6,81050.6,benchmark_4d6efd00b9d2_QHY411-1_20260823_150600_run1.sqlite
lenovo_tttserver,NVIDIA A100-SXM4-80GB,3.12,QHY411-1,37.8,8537.6,81050.6,benchmark_4d6efd00b9d2_QHY411-1_20260823_150803_run1.sqlite
lenovo_tttserver,NVIDIA A100-SXM4-80GB,3.12,QHY411-1,37.8,8537.6,81050.6,benchmark_4d6efd00b9d2_QHY411-1_20260823_150937_run1.sqlite
lenovo_tttserver,NVIDIA A100-SXM4-80GB,3.12,QHY411-3,151.2,26667.3,81050.6,benchmark_4d6efd00b9d2_QHY411-3_20260823_144244_run1.sqlite
lenovo_tttserver,NVIDIA A100-SXM4-80GB,3.12,QHY411-3,151.2,26667.3,81050.6,benchmark_4d6efd00b9d2_QHY411-3_20260823_144421_run1.sqlite
lenovo_tttserver,NVIDIA A100-SXM4-80GB,3.12,QHY411-3,151.2,26666.2,81050.6,benchmark_4d6efd00b9d2_QHY411-3_20260823_144644_run1.sqlite
lenovo_tttserver,NVIDIA A100-SXM4-80GB,3.12,QHY411-3,151.2,26666.2,81050.6,benchmark_4d6efd00b9d2_QHY411-3_20260823_144818_run1.sqlite
lenovo_tttserver,NVIDIA A100-SXM4-80GB,3.12,QHY411-3,151.2,26664.3,81050.6,benchmark_4d6efd00b9d2_QHY411-3_20260823_151206_run1.sqlite
lenovo_tttserver,NVIDIA A100-SXM4-80GB,3.12,QHY411-3,151.2,26664.3,81050.6,benchmark_4d6efd00b9d2_QHY411-3_20260823_151330_run1.sqlite
lenovo_tttserver,NVIDIA A100-SXM4-80GB,3.12,QHY411-3,151.2,26668.2,81050.6,benchmark_4d6efd00b9d2_QHY411-3_20260823_151610_run1.sqlite
lenovo_tttserver,NVIDIA A100-SXM4-80GB,3.12,QHY411-3,151.2,26668.2,81050.6,benchmark_4d6efd00b9d2_QHY411-3_20260823_151750_run1.sqlite
lenovo_tttserver,NVIDIA A100-SXM4-80GB,3.12,QHY411-3,151.2,26712.0,81050.6,benchmark_4d6efd00b9d2_QHY411-3_20260823_152213_run1.sqlite
lenovo_tttserver,NVIDIA A100-SXM4-80GB,3.12,QHY411-3,151.2,26712.0,81050.6,benchmark_4d6efd00b9d2_QHY411-3_20260823_152438_run1.sqlite
lenovo_tttserver,NVIDIA A100-SXM4-80GB,3.12,QHY600-3,6.8,6890.7,81050.6,benchmark_4d6efd00b9d2_QHY600-3_20260823_143101_run1.sqlite
lenovo_tttserver,NVIDIA A100-SXM4-80GB,3.12,QHY600-3,6.8,6890.7,81050.6,benchmark_4d6efd00b9d2_QHY600-3_20260823_143126_run1.sqlite
lenovo_tttserver,NVIDIA A100-SXM4-80GB,3.12,QHY600-3,6.8,6886.4,81050.6,benchmark_4d6efd00b9d2_QHY600-3_20260823_145046_run1.sqlite
lenovo_tttserver,NVIDIA A100-SXM4-80GB,3.12,QHY600-3,6.8,6886.4,81050.6,benchmark_4d6efd00b9d2_QHY600-3_20260823_145114_run1.sqlite
lenovo_tttserver,NVIDIA A100-SXM4-80GB,3.12,QHY600-3,6.8,6886.6,81050.6,benchmark_4d6efd00b9d2_QHY600-3_20260823_145154_run1.sqlite
lenovo_tttserver,NVIDIA A100-SXM4-80GB,3.12,QHY600-3,6.8,6886.6,81050.6,benchmark_4d6efd00b9d2_QHY600-3_20260823_145222_run1.sqlite
lenovo_tttserver,NVIDIA A100-SXM4-80GB,3.12,QHY600-3,6.8,6886.5,81050.6,benchmark_4d6efd00b9d2_QHY600-3_20260823_145305_run1.sqlite
lenovo_tttserver,NVIDIA A100-SXM4-80GB,3.12,QHY600-3,6.8,6886.5,81050.6,benchmark_4d6efd00b9d2_QHY600-3_20260823_145333_run1.sqlite
lenovo_tttserver,NVIDIA A100-SXM4-80GB,3.12,QHY600-4,15.3,6941.5,81050.6,benchmark_4d6efd00b9d2_QHY600-4_20260823_143208_run1.sqlite
lenovo_tttserver,NVIDIA A100-SXM4-80GB,3.12,QHY600-4,15.3,6941.5,81050.6,benchmark_4d6efd00b9d2_QHY600-4_20260823_143239_run1.sqlite
lenovo_tttserver,NVIDIA A100-SXM4-80GB,3.12,QHY600-4,15.3,6936.6,81050.6,benchmark_4d6efd00b9d2_QHY600-4_20260823_143326_run1.sqlite
lenovo_tttserver,NVIDIA A100-SXM4-80GB,3.12,QHY600-4,15.3,6936.6,81050.6,benchmark_4d6efd00b9d2_QHY600-4_20260823_143355_run1.sqlite
lenovo_tttserver,NVIDIA A100-SXM4-80GB,3.12,QHY600-4,15.3,7006.1,81050.6,benchmark_4d6efd00b9d2_QHY600-4_20260823_145427_run1.sqlite
lenovo_tttserver,NVIDIA A100-SXM4-80GB,3.12,QHY600-4,15.3,7006.1,81050.6,benchmark_4d6efd00b9d2_QHY600-4_20260823_145522_run1.sqlite
lenovo_tttserver,NVIDIA A100-SXM4-80GB,3.12,QHY600-4,15.3,6982.4,81050.6,benchmark_4d6efd00b9d2_QHY600-4_20260823_145654_run1.sqlite
lenovo_tttserver,NVIDIA A100-SXM4-80GB,3.12,QHY600-4,15.3,6982.4,81050.6,benchmark_4d6efd00b9d2_QHY600-4_20260823_145738_run1.sqlite
lenovo_tttserver,NVIDIA A100-SXM4-80GB,3.12,QHY600-4,15.3,6987.4,81050.6,benchmark_4d6efd00b9d2_QHY600-4_20260823_145848_run1.sqlite
lenovo_tttserver,NVIDIA A100-SXM4-80GB,3.12,QHY600-4,15.3,6987.4,81050.6,benchmark_4d6efd00b9d2_QHY600-4_20260823_145933_run1.sqlite
lenovo_tttserver,NVIDIA A100-SXM4-80GB,3.12,iKon936-1,4.2,1637.4,81050.6,benchmark_4d6efd00b9d2_iKon936-1_20260823_142853_run1.sqlite
lenovo_tttserver,NVIDIA A100-SXM4-80GB,3.12,iKon936-1,4.2,1637.4,81050.6,benchmark_4d6efd00b9d2_iKon936-1_20260823_142918_run1.sqlite
lenovo_tttserver,NVIDIA A100-SXM4-80GB,3.12,iKon936-1,4.2,1637.4,81050.6,benchmark_4d6efd00b9d2_iKon936-1_20260823_142956_run1.sqlite
lenovo_tttserver,NVIDIA A100-SXM4-80GB,3.12,iKon936-1,4.2,1637.4,81050.6,benchmark_4d6efd00b9d2_iKon936-1_20260823_143023_run1.sqlite
lenovo_tttserver,NVIDIA A100-SXM4-80GB,3.8,QHY411-1,37.8,8914.1,81050.6,benchmark_82838881878b_QHY411-1_20260823_153346_run1.sqlite
lenovo_tttserver,NVIDIA A100-SXM4-80GB,3.8,QHY411-1,37.8,8914.1,81050.6,benchmark_82838881878b_QHY411-1_20260823_153434_run1.sqlite
lenovo_tttserver,NVIDIA A100-SXM4-80GB,3.8,QHY411-1,37.8,8914.1,81050.6,benchmark_82838881878b_QHY411-1_20260823_153533_run1.sqlite
lenovo_tttserver,NVIDIA A100-SXM4-80GB,3.8,QHY411-1,37.8,8914.1,81050.6,benchmark_82838881878b_QHY411-1_20260823_153630_run1.sqlite
lenovo_tttserver,NVIDIA A100-SXM4-80GB,3.8,QHY411-1,37.8,29572.8,81050.6,benchmark_82838881878b_QHY411-1_20260823_153734_run1.sqlite
lenovo_tttserver,NVIDIA A100-SXM4-80GB,3.8,QHY411-1,37.8,29572.8,81050.6,benchmark_82838881878b_QHY411-1_20260823_153856_run1.sqlite
lenovo_tttserver,NVIDIA A100-SXM4-80GB,3.8,QHY411-1,37.8,8914.1,81050.6,benchmark_82838881878b_QHY411-1_20260823_160039_run1.sqlite
lenovo_tttserver,NVIDIA A100-SXM4-80GB,3.8,QHY411-1,37.8,8914.1,81050.6,benchmark_82838881878b_QHY411-1_20260823_160243_run1.sqlite
lenovo_tttserver,NVIDIA A100-SXM4-80GB,3.8,QHY411-1,37.8,8914.1,81050.6,benchmark_82838881878b_QHY411-1_20260823_160457_run1.sqlite
lenovo_tttserver,NVIDIA A100-SXM4-80GB,3.8,QHY411-1,37.8,8914.1,81050.6,benchmark_82838881878b_QHY411-1_20260823_160703_run1.sqlite
lenovo_tttserver,NVIDIA A100-SXM4-80GB,3.8,QHY411-1,37.8,8914.1,81050.6,benchmark_82838881878b_QHY411-1_20260823_160949_run1.sqlite
lenovo_tttserver,NVIDIA A100-SXM4-80GB,3.8,QHY411-1,37.8,8914.1,81050.6,benchmark_82838881878b_QHY411-1_20260823_161111_run1.sqlite
lenovo_tttserver,NVIDIA A100-SXM4-80GB,3.8,QHY411-3,151.2,29568.9,81050.6,benchmark_82838881878b_QHY411-3_20260823_154048_run1.sqlite
lenovo_tttserver,NVIDIA A100-SXM4-80GB,3.8,QHY411-3,151.2,29568.9,81050.6,benchmark_82838881878b_QHY411-3_20260823_154225_run1.sqlite
lenovo_tttserver,NVIDIA A100-SXM4-80GB,3.8,QHY411-3,151.2,29568.9,81050.6,benchmark_82838881878b_QHY411-3_20260823_154514_run1.sqlite
lenovo_tttserver,NVIDIA A100-SXM4-80GB,3.8,QHY411-3,151.2,29568.9,81050.6,benchmark_82838881878b_QHY411-3_20260823_154638_run1.sqlite
lenovo_tttserver,NVIDIA A100-SXM4-80GB,3.8,QHY411-3,151.2,29568.9,81050.6,benchmark_82838881878b_QHY411-3_20260823_161300_run1.sqlite
lenovo_tttserver,NVIDIA A100-SXM4-80GB,3.8,QHY411-3,151.2,29568.9,81050.6,benchmark_82838881878b_QHY411-3_20260823_161443_run1.sqlite
lenovo_tttserver,NVIDIA A100-SXM4-80GB,3.8,QHY411-3,151.2,29568.9,81050.6,benchmark_82838881878b_QHY411-3_20260823_161714_run1.sqlite
lenovo_tttserver,NVIDIA A100-SXM4-80GB,3.8,QHY411-3,151.2,29568.9,81050.6,benchmark_82838881878b_QHY411-3_20260823_161904_run1.sqlite
lenovo_tttserver,NVIDIA A100-SXM4-80GB,3.8,QHY411-3,151.2,29568.9,81050.6,benchmark_82838881878b_QHY411-3_20260823_162348_run1.sqlite
lenovo_tttserver,NVIDIA A100-SXM4-80GB,3.8,QHY411-3,151.2,29568.9,81050.6,benchmark_82838881878b_QHY411-3_20260823_162544_run1.sqlite
lenovo_tttserver,NVIDIA A100-SXM4-80GB,3.8,QHY600-3,6.8,7284.6,81050.6,benchmark_82838881878b_QHY600-3_20260823_152909_run1.sqlite
lenovo_tttserver,NVIDIA A100-SXM4-80GB,3.8,QHY600-3,6.8,7284.6,81050.6,benchmark_82838881878b_QHY600-3_20260823_152936_run1.sqlite
lenovo_tttserver,NVIDIA A100-SXM4-80GB,3.8,QHY600-3,6.8,7284.6,81050.6,benchmark_82838881878b_QHY600-3_20260823_154839_run1.sqlite
lenovo_tttserver,NVIDIA A100-SXM4-80GB,3.8,QHY600-3,6.8,7284.6,81050.6,benchmark_82838881878b_QHY600-3_20260823_154907_run1.sqlite
lenovo_tttserver,NVIDIA A100-SXM4-80GB,3.8,QHY600-3,6.8,7284.6,81050.6,benchmark_82838881878b_QHY600-3_20260823_154942_run1.sqlite
lenovo_tttserver,NVIDIA A100-SXM4-80GB,3.8,QHY600-3,6.8,7284.6,81050.6,benchmark_82838881878b_QHY600-3_20260823_155008_run1.sqlite
lenovo_tttserver,NVIDIA A100-SXM4-80GB,3.8,QHY600-3,6.8,7284.6,81050.6,benchmark_82838881878b_QHY600-3_20260823_155047_run1.sqlite
lenovo_tttserver,NVIDIA A100-SXM4-80GB,3.8,QHY600-3,6.8,7284.6,81050.6,benchmark_82838881878b_QHY600-3_20260823_155113_run1.sqlite
lenovo_tttserver,NVIDIA A100-SXM4-80GB,3.8,QHY600-4,15.3,6970.0,81050.6,benchmark_82838881878b_QHY600-4_20260823_153015_run1.sqlite
lenovo_tttserver,NVIDIA A100-SXM4-80GB,3.8,QHY600-4,15.3,6970.0,81050.6,benchmark_82838881878b_QHY600-4_20260823_153109_run1.sqlite
lenovo_tttserver,NVIDIA A100-SXM4-80GB,3.8,QHY600-4,15.3,6970.0,81050.6,benchmark_82838881878b_QHY600-4_20260823_153207_run1.sqlite
lenovo_tttserver,NVIDIA A100-SXM4-80GB,3.8,QHY600-4,15.3,6970.0,81050.6,benchmark_82838881878b_QHY600-4_20260823_153256_run1.sqlite
lenovo_tttserver,NVIDIA A100-SXM4-80GB,3.8,QHY600-4,15.3,6998.9,81050.6,benchmark_82838881878b_QHY600-4_20260823_155157_run1.sqlite
lenovo_tttserver,NVIDIA A100-SXM4-80GB,3.8,QHY600-4,15.3,6998.9,81050.6,benchmark_82838881878b_QHY600-4_20260823_155258_run1.sqlite
lenovo_tttserver,NVIDIA A100-SXM4-80GB,3.8,QHY600-4,15.3,6970.0,81050.6,benchmark_82838881878b_QHY600-4_20260823_155512_run1.sqlite
lenovo_tttserver,NVIDIA A100-SXM4-80GB,3.8,QHY600-4,15.3,6970.0,81050.6,benchmark_82838881878b_QHY600-4_20260823_155625_run1.sqlite
lenovo_tttserver,NVIDIA A100-SXM4-80GB,3.8,QHY600-4,15.3,6969.2,81050.6,benchmark_82838881878b_QHY600-4_20260823_155749_run1.sqlite
lenovo_tttserver,NVIDIA A100-SXM4-80GB,3.8,QHY600-4,15.3,6969.2,81050.6,benchmark_82838881878b_QHY600-4_20260823_155858_run1.sqlite
lenovo_tttserver,NVIDIA A100-SXM4-80GB,3.8,iKon936-1,4.2,1959.0,81050.6,benchmark_82838881878b_iKon936-1_20260823_152711_run1.sqlite
lenovo_tttserver,NVIDIA A100-SXM4-80GB,3.8,iKon936-1,4.2,1924.2,81050.6,benchmark_82838881878b_iKon936-1_20260823_152736_run1.sqlite
lenovo_tttserver,NVIDIA A100-SXM4-80GB,3.8,iKon936-1,4.2,1924.2,81050.6,benchmark_82838881878b_iKon936-1_20260823_152812_run1.sqlite
lenovo_tttserver,NVIDIA A100-SXM4-80GB,3.8,iKon936-1,4.2,1924.2,81050.6,benchmark_82838881878b_iKon936-1_20260823_152836_run1.sqlite
lenovo_tttserver,NVIDIA A100-SXM4-80GB,3.12,QHY411-1,37.8,8445.3,81050.6,benchmark_4d6efd00b9d2_QHY411-1_20260823_143443_run1.sqlite
lenovo_tttserver,NVIDIA A100-SXM4-80GB,3.12,QHY411-1,37.8,8445.3,81050.6,benchmark_4d6efd00b9d2_QHY411-1_20260823_143516_run1.sqlite
lenovo_tttserver,NVIDIA A100-SXM4-80GB,3.12,QHY411-1,37.8,8454.1,81050.6,benchmark_4d6efd00b9d2_QHY411-1_20260823_143608_run1.sqlite
lenovo_tttserver,NVIDIA A100-SXM4-80GB,3.12,QHY411-1,37.8,8454.1,81050.6,benchmark_4d6efd00b9d2_QHY411-1_20260823_143644_run1.sqlite
lenovo_tttserver,NVIDIA A100-SXM4-80GB,3.12,QHY411-1,37.8,26796.5,81050.6,benchmark_4d6efd00b9d2_QHY411-1_20260823_143824_run1.sqlite
lenovo_tttserver,NVIDIA A100-SXM4-80GB,3.12,QHY411-1,37.8,26796.5,81050.6,benchmark_4d6efd00b9d2_QHY411-1_20260823_144006_run1.sqlite
lenovo_tttserver,NVIDIA A100-SXM4-80GB,3.12,QHY411-1,37.8,8532.2,81050.6,benchmark_4d6efd00b9d2_QHY411-1_20260823_150108_run1.sqlite
lenovo_tttserver,NVIDIA A100-SXM4-80GB,3.12,QHY411-1,37.8,8532.2,81050.6,benchmark_4d6efd00b9d2_QHY411-1_20260823_150241_run1.sqlite
local,NVIDIA GeForce RTX 3050 Ti Laptop GPU,3.8,QHY411-1,37.8,3330.8,3770.8,benchmark_52b75559818e_QHY411-1_20260823_135217_run1.sqlite
local,NVIDIA GeForce RTX 3050 Ti Laptop GPU,3.8,QHY411-1,37.8,3330.8,3770.8,benchmark_52b75559818e_QHY411-1_20260823_135425_run1.sqlite
local,NVIDIA GeForce RTX 3050 Ti Laptop GPU,3.8,QHY411-1,37.8,3330.8,3770.8,benchmark_52b75559818e_QHY411-1_20260823_135603_run1.sqlite
local,NVIDIA GeForce RTX 3050 Ti Laptop GPU,3.8,QHY411-1,37.8,3609.6,3770.8,benchmark_52b75559818e_QHY411-1_20260823_135746_run1.sqlite
local,NVIDIA GeForce RTX 3050 Ti Laptop GPU,3.8,QHY411-1,37.8,3609.6,3770.8,benchmark_52b75559818e_QHY411-1_20260823_135802_run1.sqlite
local,NVIDIA GeForce RTX 3050 Ti Laptop GPU,3.8,QHY411-3,151.2,3609.6,3770.8,benchmark_52b75559818e_QHY411-3_20260823_135822_run1.sqlite
local,NVIDIA GeForce RTX 3050 Ti Laptop GPU,3.8,QHY411-3,151.2,3609.6,3770.8,benchmark_52b75559818e_QHY411-3_20260823_135837_run1.sqlite
local,NVIDIA GeForce RTX 3050 Ti Laptop GPU,3.8,QHY411-3,151.2,3609.6,3770.8,benchmark_52b75559818e_QHY411-3_20260823_135858_run1.sqlite
local,NVIDIA GeForce RTX 3050 Ti Laptop GPU,3.8,QHY411-3,151.2,3609.6,3770.8,benchmark_52b75559818e_QHY411-3_20260823_135914_run1.sqlite
local,NVIDIA GeForce RTX 3050 Ti Laptop GPU,3.8,QHY600-3,6.8,3322.0,3770.8,benchmark_52b75559818e_QHY600-3_20260823_134548_run1.sqlite
local,NVIDIA GeForce RTX 3050 Ti Laptop GPU,3.8,QHY600-3,6.8,3322.0,3770.8,benchmark_52b75559818e_QHY600-3_20260823_134614_run1.sqlite
local,NVIDIA GeForce RTX 3050 Ti Laptop GPU,3.8,QHY600-4,15.3,3575.4,3770.8,benchmark_52b75559818e_QHY600-4_20260823_134704_run1.sqlite
local,NVIDIA GeForce RTX 3050 Ti Laptop GPU,3.8,QHY600-4,15.3,3575.4,3770.8,benchmark_52b75559818e_QHY600-4_20260823_134744_run1.sqlite
local,NVIDIA GeForce RTX 3050 Ti Laptop GPU,3.8,QHY600-4,15.3,3575.4,3770.8,benchmark_52b75559818e_QHY600-4_20260823_134849_run1.sqlite
local,NVIDIA GeForce RTX 3050 Ti Laptop GPU,3.8,QHY600-4,15.3,3575.4,3770.8,benchmark_52b75559818e_QHY600-4_20260823_134928_run1.sqlite
local,NVIDIA GeForce RTX 3050 Ti Laptop GPU,3.8,iKon936-1,4.2,1959.0,3770.8,benchmark_52b75559818e_iKon936-1_20260823_134041_run1.sqlite
local,NVIDIA GeForce RTX 3050 Ti Laptop GPU,3.8,iKon936-1,4.2,1924.2,3770.8,benchmark_52b75559818e_iKon936-1_20260823_134137_run1.sqlite
local,NVIDIA GeForce RTX 3050 Ti Laptop GPU,3.8,iKon936-1,4.2,1924.2,3770.8,benchmark_52b75559818e_iKon936-1_20260823_134317_run1.sqlite
local,NVIDIA GeForce RTX 3050 Ti Laptop GPU,3.8,iKon936-1,4.2,1924.2,3770.8,benchmark_52b75559818e_iKon936-1_20260823_134427_run1.sqlite
local,NVIDIA GeForce RTX 3050 Ti Laptop GPU,3.12,QHY411-1,37.8,3369.0,3770.8,benchmark_fd4a47f50b71_QHY411-1_20260823_133100_run1.sqlite
local,NVIDIA GeForce RTX 3050 Ti Laptop GPU,3.12,QHY411-1,37.8,3369.0,3770.8,benchmark_fd4a47f50b71_QHY411-1_20260823_133158_run1.sqlite
local,NVIDIA GeForce RTX 3050 Ti Laptop GPU,3.12,QHY411-1,37.8,3369.0,3770.8,benchmark_fd4a47f50b71_QHY411-1_20260823_133328_run1.sqlite
local,NVIDIA GeForce RTX 3050 Ti Laptop GPU,3.12,QHY411-1,37.8,3369.0,3770.8,benchmark_fd4a47f50b71_QHY411-1_20260823_133428_run1.sqlite
local,NVIDIA GeForce RTX 3050 Ti Laptop GPU,3.12,QHY411-1,37.8,3465.4,3770.8,benchmark_fd4a47f50b71_QHY411-1_20260823_133533_run1.sqlite
local,NVIDIA GeForce RTX 3050 Ti Laptop GPU,3.12,QHY411-1,37.8,3465.4,3770.8,benchmark_fd4a47f50b71_QHY411-1_20260823_133554_run1.sqlite
local,NVIDIA GeForce RTX 3050 Ti Laptop GPU,3.12,QHY411-3,151.2,3465.4,3770.8,benchmark_fd4a47f50b71_QHY411-3_20260823_133629_run1.sqlite
local,NVIDIA GeForce RTX 3050 Ti Laptop GPU,3.12,QHY411-3,151.2,3465.4,3770.8,benchmark_fd4a47f50b71_QHY411-3_20260823_133652_run1.sqlite
local,NVIDIA GeForce RTX 3050 Ti Laptop GPU,3.12,QHY411-3,151.2,3465.4,3770.8,benchmark_fd4a47f50b71_QHY411-3_20260823_133723_run1.sqlite
local,NVIDIA GeForce RTX 3050 Ti Laptop GPU,3.12,QHY411-3,151.2,3465.4,3770.8,benchmark_fd4a47f50b71_QHY411-3_20260823_133747_run1.sqlite
local,NVIDIA GeForce RTX 3050 Ti Laptop GPU,3.12,QHY600-3,6.8,2989.8,3770.8,benchmark_fd4a47f50b71_QHY600-3_20260823_132736_run1.sqlite
local,NVIDIA GeForce RTX 3050 Ti Laptop GPU,3.12,QHY600-3,6.8,2989.8,3770.8,benchmark_fd4a47f50b71_QHY600-3_20260823_132759_run1.sqlite
local,NVIDIA GeForce RTX 3050 Ti Laptop GPU,3.12,QHY600-4,15.3,3574.7,3770.8,benchmark_fd4a47f50b71_QHY600-4_20260823_132836_run1.sqlite
local,NVIDIA GeForce RTX 3050 Ti Laptop GPU,3.12,QHY600-4,15.3,3574.7,3770.8,benchmark_fd4a47f50b71_QHY600-4_20260823_132905_run1.sqlite
local,NVIDIA GeForce RTX 3050 Ti Laptop GPU,3.12,QHY600-4,15.3,3574.7,3770.8,benchmark_fd4a47f50b71_QHY600-4_20260823_132947_run1.sqlite
local,NVIDIA GeForce RTX 3050 Ti Laptop GPU,3.12,QHY600-4,15.3,3574.7,3770.8,benchmark_fd4a47f50b71_QHY600-4_20260823_133016_run1.sqlite
local,NVIDIA GeForce RTX 3050 Ti Laptop GPU,3.12,iKon936-1,4.2,1637.4,3770.8,benchmark_fd4a47f50b71_iKon936-1_20260823_132437_run1.sqlite
local,NVIDIA GeForce RTX 3050 Ti Laptop GPU,3.12,iKon936-1,4.2,1637.4,3770.8,benchmark_fd4a47f50b71_iKon936-1_20260823_132502_run1.sqlite
local,NVIDIA GeForce RTX 3050 Ti Laptop GPU,3.12,iKon936-1,4.2,1637.4,3770.8,benchmark_fd4a47f50b71_iKon936-1_20260823_132559_run1.sqlite
local,NVIDIA GeForce RTX 3050 Ti Laptop GPU,3.12,iKon936-1,4.2,1637.4,3770.8,benchmark_fd4a47f50b71_iKon936-1_20260823_132642_run1.sqlite
ttt1,NVIDIA GeForce RTX 3060,3.12,QHY411-1,37.8,8445.3,11920.8,benchmark_dd31b98cd849_QHY411-1_20260823_143559_run1.sqlite
ttt1,NVIDIA GeForce RTX 3060,3.12,QHY411-1,37.8,8445.3,11920.8,benchmark_dd31b98cd849_QHY411-1_20260823_143644_run1.sqlite
ttt1,NVIDIA GeForce RTX 3060,3.12,QHY411-1,37.8,8454.1,11920.8,benchmark_dd31b98cd849_QHY411-1_20260823_143754_run1.sqlite
ttt1,NVIDIA GeForce RTX 3060,3.12,QHY411-1,37.8,8454.1,11920.8,benchmark_dd31b98cd849_QHY411-1_20260823_143842_run1.sqlite
ttt1,NVIDIA GeForce RTX 3060,3.12,QHY600-3,6.8,6890.7,11920.8,benchmark_dd31b98cd849_QHY600-3_20260823_143115_run1.sqlite
ttt1,NVIDIA GeForce RTX 3060,3.12,QHY600-3,6.8,6890.7,11920.8,benchmark_dd31b98cd849_QHY600-3_20260823_143143_run1.sqlite
ttt1,NVIDIA GeForce RTX 3060,3.12,QHY600-3,6.8,6886.4,11920.8,benchmark_dd31b98cd849_QHY600-3_20260823_144237_run1.sqlite
ttt1,NVIDIA GeForce RTX 3060,3.12,QHY600-3,6.8,6886.4,11920.8,benchmark_dd31b98cd849_QHY600-3_20260823_144308_run1.sqlite
ttt1,NVIDIA GeForce RTX 3060,3.12,QHY600-3,6.8,6886.6,11920.8,benchmark_dd31b98cd849_QHY600-3_20260823_144355_run1.sqlite
ttt1,NVIDIA GeForce RTX 3060,3.12,QHY600-3,6.8,6886.6,11920.8,benchmark_dd31b98cd849_QHY600-3_20260823_144432_run1.sqlite
ttt1,NVIDIA GeForce RTX 3060,3.12,QHY600-3,6.8,6886.5,11920.8,benchmark_dd31b98cd849_QHY600-3_20260823_144518_run1.sqlite
ttt1,NVIDIA GeForce RTX 3060,3.12,QHY600-3,6.8,6886.5,11920.8,benchmark_dd31b98cd849_QHY600-3_20260823_144549_run1.sqlite
ttt1,NVIDIA GeForce RTX 3060,3.12,QHY600-4,15.3,6941.5,11920.8,benchmark_dd31b98cd849_QHY600-4_20260823_143232_run1.sqlite
ttt1,NVIDIA GeForce RTX 3060,3.12,QHY600-4,15.3,6941.5,11920.8,benchmark_dd31b98cd849_QHY600-4_20260823_143314_run1.sqlite
ttt1,NVIDIA GeForce RTX 3060,3.12,QHY600-4,15.3,6936.6,11920.8,benchmark_dd31b98cd849_QHY600-4_20260823_143418_run1.sqlite
ttt1,NVIDIA GeForce RTX 3060,3.12,QHY600-4,15.3,6936.6,11920.8,benchmark_dd31b98cd849_QHY600-4_20260823_143456_run1.sqlite
ttt1,NVIDIA GeForce RTX 3060,3.12,QHY600-4,15.3,7006.1,11920.8,benchmark_dd31b98cd849_QHY600-4_20260823_144653_run1.sqlite
ttt1,NVIDIA GeForce RTX 3060,3.12,QHY600-4,15.3,7006.1,11920.8,benchmark_dd31b98cd849_QHY600-4_20260823_144808_run1.sqlite
ttt1,NVIDIA GeForce RTX 3060,3.12,QHY600-4,15.3,6982.4,11920.8,benchmark_dd31b98cd849_QHY600-4_20260823_145109_run1.sqlite
ttt1,NVIDIA GeForce RTX 3060,3.12,iKon936-1,4.2,1637.4,11920.8,benchmark_dd31b98cd849_iKon936-1_20260823_142859_run1.sqlite
ttt1,NVIDIA GeForce RTX 3060,3.12,iKon936-1,4.2,1637.4,11920.8,benchmark_dd31b98cd849_iKon936-1_20260823_142925_run1.sqlite
ttt1,NVIDIA GeForce RTX 3060,3.12,iKon936-1,4.2,1637.4,11920.8,benchmark_dd31b98cd849_iKon936-1_20260823_143005_run1.sqlite
ttt1,NVIDIA GeForce RTX 3060,3.12,iKon936-1,4.2,1637.4,11920.8,benchmark_dd31b98cd849_iKon936-1_20260823_143034_run1.sqlite
ttt1,NVIDIA GeForce RTX 3060,3.8,QHY411-1,37.8,8914.1,11920.8,benchmark_d54f46d2bbea_QHY411-1_20260823_183241_run1.sqlite
ttt1,NVIDIA GeForce RTX 3060,3.8,QHY411-1,37.8,8914.1,11920.8,benchmark_d54f46d2bbea_QHY411-1_20260823_183314_run1.sqlite
ttt1,NVIDIA GeForce RTX 3060,3.8,QHY411-1,37.8,8914.1,11920.8,benchmark_d54f46d2bbea_QHY411-1_20260823_183408_run1.sqlite
ttt1,NVIDIA GeForce RTX 3060,3.8,QHY411-1,37.8,8914.1,11920.8,benchmark_d54f46d2bbea_QHY411-1_20260823_183444_run1.sqlite
ttt1,NVIDIA GeForce RTX 3060,3.8,QHY411-1,37.8,8914.1,11920.8,benchmark_d54f46d2bbea_QHY411-1_20260823_184420_run1.sqlite
ttt1,NVIDIA GeForce RTX 3060,3.8,QHY411-1,37.8,8914.1,11920.8,benchmark_d54f46d2bbea_QHY411-1_20260823_184527_run1.sqlite
ttt1,NVIDIA GeForce RTX 3060,3.8,QHY411-1,37.8,8914.1,11920.8,benchmark_d54f46d2bbea_QHY411-1_20260823_184708_run1.sqlite
ttt1,NVIDIA GeForce RTX 3060,3.8,QHY600-3,6.8,7284.6,11920.8,benchmark_d54f46d2bbea_QHY600-3_20260823_182912_run1.sqlite
ttt1,NVIDIA GeForce RTX 3060,3.8,QHY600-3,6.8,7284.6,11920.8,benchmark_d54f46d2bbea_QHY600-3_20260823_182932_run1.sqlite
ttt1,NVIDIA GeForce RTX 3060,3.8,QHY600-3,6.8,7284.6,11920.8,benchmark_d54f46d2bbea_QHY600-3_20260823_183533_run1.sqlite
ttt1,NVIDIA GeForce RTX 3060,3.8,QHY600-3,6.8,7284.6,11920.8,benchmark_d54f46d2bbea_QHY600-3_20260823_183555_run1.sqlite
ttt1,NVIDIA GeForce RTX 3060,3.8,QHY600-3,6.8,7284.6,11920.8,benchmark_d54f46d2bbea_QHY600-3_20260823_183630_run1.sqlite
ttt1,NVIDIA GeForce RTX 3060,3.8,QHY600-3,6.8,7284.6,11920.8,benchmark_d54f46d2bbea_QHY600-3_20260823_183651_run1.sqlite
ttt1,NVIDIA GeForce RTX 3060,3.8,QHY600-3,6.8,7284.6,11920.8,benchmark_d54f46d2bbea_QHY600-3_20260823_183723_run1.sqlite
ttt1,NVIDIA GeForce RTX 3060,3.8,QHY600-3,6.8,7284.6,11920.8,benchmark_d54f46d2bbea_QHY600-3_20260823_183746_run1.sqlite
ttt1,NVIDIA GeForce RTX 3060,3.8,QHY600-4,15.3,6970.0,11920.8,benchmark_d54f46d2bbea_QHY600-4_20260823_183006_run1.sqlite
ttt1,NVIDIA GeForce RTX 3060,3.8,QHY600-4,15.3,6970.0,11920.8,benchmark_d54f46d2bbea_QHY600-4_20260823_183036_run1.sqlite
ttt1,NVIDIA GeForce RTX 3060,3.8,QHY600-4,15.3,6970.0,11920.8,benchmark_d54f46d2bbea_QHY600-4_20260823_183122_run1.sqlite
ttt1,NVIDIA GeForce RTX 3060,3.8,QHY600-4,15.3,6970.0,11920.8,benchmark_d54f46d2bbea_QHY600-4_20260823_183152_run1.sqlite
ttt1,NVIDIA GeForce RTX 3060,3.8,QHY600-4,15.3,6998.9,11920.8,benchmark_d54f46d2bbea_QHY600-4_20260823_183830_run1.sqlite
ttt1,NVIDIA GeForce RTX 3060,3.8,QHY600-4,15.3,6998.9,11920.8,benchmark_d54f46d2bbea_QHY600-4_20260823_183917_run1.sqlite
ttt1,NVIDIA GeForce RTX 3060,3.8,QHY600-4,15.3,6970.0,11920.8,benchmark_d54f46d2bbea_QHY600-4_20260823_184036_run1.sqlite
ttt1,NVIDIA GeForce RTX 3060,3.8,QHY600-4,15.3,6970.0,11920.8,benchmark_d54f46d2bbea_QHY600-4_20260823_184116_run1.sqlite
ttt1,NVIDIA GeForce RTX 3060,3.8,QHY600-4,15.3,6969.2,11920.8,benchmark_d54f46d2bbea_QHY600-4_20260823_184222_run1.sqlite
ttt1,NVIDIA GeForce RTX 3060,3.8,QHY600-4,15.3,6969.2,11920.8,benchmark_d54f46d2bbea_QHY600-4_20260823_184304_run1.sqlite
ttt1,NVIDIA GeForce RTX 3060,3.8,iKon936-1,4.2,1924.2,11920.8,benchmark_d54f46d2bbea_iKon936-1_20260823_182730_run1.sqlite
ttt1,NVIDIA GeForce RTX 3060,3.8,iKon936-1,4.2,1959.0,11920.8,benchmark_d54f46d2bbea_iKon936-1_20260823_182749_run1.sqlite
ttt1,NVIDIA GeForce RTX 3060,3.8,iKon936-1,4.2,1924.2,11920.8,benchmark_d54f46d2bbea_iKon936-1_20260823_182822_run1.sqlite
ttt1,NVIDIA GeForce RTX 3060,3.8,iKon936-1,4.2,1924.2,11920.8,benchmark_d54f46d2bbea_iKon936-1_20260823_182841_run1.sqlite
ttt_server,NVIDIA GeForce RTX 3090,3.8,QHY411-1,37.8,8914.1,24122.2,benchmark_0764effce494_QHY411-1_20260828_121659_run1.sqlite
ttt_server,NVIDIA GeForce RTX 3090,3.8,QHY411-1,37.8,8914.1,24122.2,benchmark_0764effce494_QHY411-1_20260828_121817_run1.sqlite
ttt_server,NVIDIA GeForce RTX 3090,3.8,QHY411-1,37.8,8914.1,24122.2,benchmark_0764effce494_QHY411-1_20260828_121855_run1.sqlite
ttt_server,NVIDIA GeForce RTX 3090,3.8,QHY411-1,37.8,8914.1,24122.2,benchmark_0764effce494_QHY411-1_20260828_121945_run1.sqlite
ttt_server,NVIDIA GeForce RTX 3090,3.8,QHY411-1,37.8,8914.1,24122.2,benchmark_0764effce494_QHY411-1_20260828_122035_run1.sqlite
ttt_server,NVIDIA GeForce RTX 3090,3.8,QHY411-1,37.8,8914.1,24122.2,benchmark_0764effce494_QHY411-1_20260828_122155_run1.sqlite
ttt_server,NVIDIA GeForce RTX 3090,3.8,QHY411-1,37.8,144.2,24122.2,benchmark_0764effce494_QHY411-1_20260828_122728_run1.sqlite
ttt_server,NVIDIA GeForce RTX 3090,3.8,QHY411-1,37.8,8914.1,24122.2,benchmark_0764effce494_QHY411-1_20260828_122848_run1.sqlite
ttt_server,NVIDIA GeForce RTX 3090,3.8,QHY411-1,37.8,8914.1,24122.2,benchmark_0764effce494_QHY411-1_20260828_122947_run1.sqlite
ttt_server,NVIDIA GeForce RTX 3090,3.8,QHY411-1,37.8,8914.1,24122.2,benchmark_0764effce494_QHY411-1_20260828_123418_run1.sqlite
ttt_server,NVIDIA GeForce RTX 3090,3.8,QHY411-1,37.8,8914.1,24122.2,benchmark_0764effce494_QHY411-1_20260828_123632_run1.sqlite
ttt_server,NVIDIA GeForce RTX 3090,3.8,QHY411-1,37.8,8914.1,24122.2,benchmark_0764effce494_QHY411-1_20260828_123802_run1.sqlite
ttt_server,NVIDIA GeForce RTX 3090,3.8,QHY411-1,37.8,8914.1,24122.2,benchmark_0764effce494_QHY411-1_20260828_124223_run1.sqlite
ttt_server,NVIDIA GeForce RTX 3090,3.8,QHY600-3,6.8,7284.6,24122.2,benchmark_0764effce494_QHY600-3_20260827_032104_run1.sqlite
ttt_server,NVIDIA GeForce RTX 3090,3.8,QHY600-3,6.8,7284.6,24122.2,benchmark_0764effce494_QHY600-3_20260827_032130_run1.sqlite
ttt_server,NVIDIA GeForce RTX 3090,3.8,QHY600-3,6.8,7284.6,24122.2,benchmark_0764effce494_QHY600-3_20260827_032500_run1.sqlite
ttt_server,NVIDIA GeForce RTX 3090,3.8,QHY600-3,6.8,7284.6,24122.2,benchmark_0764effce494_QHY600-3_20260827_032528_run1.sqlite
ttt_server,NVIDIA GeForce RTX 3090,3.8,QHY600-3,6.8,7284.6,24122.2,benchmark_0764effce494_QHY600-3_20260827_032606_run1.sqlite
ttt_server,NVIDIA GeForce RTX 3090,3.8,QHY600-3,6.8,7284.6,24122.2,benchmark_0764effce494_QHY600-3_20260827_032634_run1.sqlite
ttt_server,NVIDIA GeForce RTX 3090,3.8,QHY600-3,6.8,7284.6,24122.2,benchmark_0764effce494_QHY600-3_20260827_032713_run1.sqlite
ttt_server,NVIDIA GeForce RTX 3090,3.8,QHY600-3,6.8,7284.6,24122.2,benchmark_0764effce494_QHY600-3_20260827_032741_run1.sqlite
ttt_server,NVIDIA GeForce RTX 3090,3.8,QHY600-4,15.3,6970.0,24122.2,benchmark_0764effce494_QHY600-4_20260827_032210_run1.sqlite
ttt_server,NVIDIA GeForce RTX 3090,3.8,QHY600-4,15.3,6970.0,24122.2,benchmark_0764effce494_QHY600-4_20260827_032246_run1.sqlite
ttt_server,NVIDIA GeForce RTX 3090,3.8,QHY600-4,15.3,6970.0,24122.2,benchmark_0764effce494_QHY600-4_20260827_032338_run1.sqlite
ttt_server,NVIDIA GeForce RTX 3090,3.8,QHY600-4,15.3,6970.0,24122.2,benchmark_0764effce494_QHY600-4_20260827_032412_run1.sqlite
ttt_server,NVIDIA GeForce RTX 3090,3.8,QHY600-4,15.3,6998.9,24122.2,benchmark_0764effce494_QHY600-4_20260827_032827_run1.sqlite
ttt_server,NVIDIA GeForce RTX 3090,3.8,QHY600-4,15.3,6998.9,24122.2,benchmark_0764effce494_QHY600-4_20260827_032927_run1.sqlite
ttt_server,NVIDIA GeForce RTX 3090,3.8,QHY600-4,15.3,6970.0,24122.2,benchmark_0764effce494_QHY600-4_20260827_033047_run1.sqlite
ttt_server,NVIDIA GeForce RTX 3090,3.8,QHY600-4,15.3,6970.0,24122.2,benchmark_0764effce494_QHY600-4_20260827_033135_run1.sqlite
ttt_server,NVIDIA GeForce RTX 3090,3.8,QHY600-4,15.3,6969.2,24122.2,benchmark_0764effce494_QHY600-4_20260827_033239_run1.sqlite
ttt_server,NVIDIA GeForce RTX 3090,3.8,QHY600-4,15.3,6969.2,24122.2,benchmark_0764effce494_QHY600-4_20260827_033329_run1.sqlite
ttt_server,NVIDIA GeForce RTX 3090,3.8,iKon936-1,4.2,1924.2,24122.2,benchmark_0764effce494_iKon936-1_20260827_031858_run1.sqlite
ttt_server,NVIDIA GeForce RTX 3090,3.8,iKon936-1,4.2,1959.0,24122.2,benchmark_0764effce494_iKon936-1_20260827_031926_run1.sqlite
ttt_server,NVIDIA GeForce RTX 3090,3.8,iKon936-1,4.2,1959.0,24122.2,benchmark_0764effce494_iKon936-1_20260827_032002_run1.sqlite
ttt_server,NVIDIA GeForce RTX 3090,3.8,iKon936-1,4.2,1924.2,24122.2,benchmark_0764effce494_iKon936-1_20260827_032027_run1.sqlite
ttt_server,NVIDIA GeForce RTX 3090,3.12,QHY411-1,37.8,8445.3,24122.2,benchmark_57f0b0651621_QHY411-1_20260828_120402_run1.sqlite
ttt_server,NVIDIA GeForce RTX 3090,3.12,QHY411-1,37.8,8454.1,24122.2,benchmark_57f0b0651621_QHY411-1_20260828_120452_run1.sqlite
ttt_server,NVIDIA GeForce RTX 3090,3.12,QHY411-1,37.8,8454.1,24122.2,benchmark_57f0b0651621_QHY411-1_20260828_120552_run1.sqlite
ttt_server,NVIDIA GeForce RTX 3090,3.12,QHY411-1,37.8,8532.2,24122.2,benchmark_57f0b0651621_QHY411-1_20260828_120707_run1.sqlite
ttt_server,NVIDIA GeForce RTX 3090,3.12,QHY411-1,37.8,8530.6,24122.2,benchmark_57f0b0651621_QHY411-1_20260828_120926_run1.sqlite
ttt_server,NVIDIA GeForce RTX 3090,3.12,QHY411-1,37.8,8530.6,24122.2,benchmark_57f0b0651621_QHY411-1_20260828_121109_run1.sqlite
ttt_server,NVIDIA GeForce RTX 3090,3.12,QHY411-1,37.8,8537.6,24122.2,benchmark_57f0b0651621_QHY411-1_20260828_121306_run1.sqlite
ttt_server,NVIDIA GeForce RTX 3090,3.12,QHY411-1,37.8,144.2,24122.2,benchmark_57f0b0651621_QHY411-1_20260828_121452_run1.sqlite
ttt_server,NVIDIA GeForce RTX 3090,3.12,QHY411-1,37.8,8537.6,24122.2,benchmark_57f0b0651621_QHY411-1_20260828_121528_run1.sqlite
ttt_server,NVIDIA GeForce RTX 3090,3.12,QHY600-3,6.8,6890.7,24122.2,benchmark_57f0b0651621_QHY600-3_20260824_085903_run1.sqlite
ttt_server,NVIDIA GeForce RTX 3090,3.12,QHY600-3,6.8,6890.7,24122.2,benchmark_57f0b0651621_QHY600-3_20260824_085944_run1.sqlite
ttt_server,NVIDIA GeForce RTX 3090,3.12,QHY600-3,6.8,6886.4,24122.2,benchmark_57f0b0651621_QHY600-3_20260824_090438_run1.sqlite
ttt_server,NVIDIA GeForce RTX 3090,3.12,QHY600-3,6.8,6886.4,24122.2,benchmark_57f0b0651621_QHY600-3_20260824_090520_run1.sqlite
ttt_server,NVIDIA GeForce RTX 3090,3.12,QHY600-3,6.8,6886.6,24122.2,benchmark_57f0b0651621_QHY600-3_20260824_090616_run1.sqlite
ttt_server,NVIDIA GeForce RTX 3090,3.12,QHY600-3,6.8,6886.6,24122.2,benchmark_57f0b0651621_QHY600-3_20260824_090656_run1.sqlite
ttt_server,NVIDIA GeForce RTX 3090,3.12,QHY600-3,6.8,6886.5,24122.2,benchmark_57f0b0651621_QHY600-3_20260824_090751_run1.sqlite
ttt_server,NVIDIA GeForce RTX 3090,3.12,QHY600-3,6.8,6886.5,24122.2,benchmark_57f0b0651621_QHY600-3_20260824_090831_run1.sqlite
ttt_server,NVIDIA GeForce RTX 3090,3.12,QHY600-4,15.3,6941.5,24122.2,benchmark_57f0b0651621_QHY600-4_20260824_090054_run1.sqlite
ttt_server,NVIDIA GeForce RTX 3090,3.12,QHY600-4,15.3,6941.5,24122.2,benchmark_57f0b0651621_QHY600-4_20260824_090143_run1.sqlite
ttt_server,NVIDIA GeForce RTX 3090,3.12,QHY600-4,15.3,6936.6,24122.2,benchmark_57f0b0651621_QHY600-4_20260824_090253_run1.sqlite
ttt_server,NVIDIA GeForce RTX 3090,3.12,QHY600-4,15.3,6936.6,24122.2,benchmark_57f0b0651621_QHY600-4_20260824_090338_run1.sqlite
ttt_server,NVIDIA GeForce RTX 3090,3.12,QHY600-4,15.3,7006.1,24122.2,benchmark_57f0b0651621_QHY600-4_20260824_090938_run1.sqlite
ttt_server,NVIDIA GeForce RTX 3090,3.12,QHY600-4,15.3,7006.1,24122.2,benchmark_57f0b0651621_QHY600-4_20260824_091056_run1.sqlite
ttt_server,NVIDIA GeForce RTX 3090,3.12,QHY600-4,15.3,6982.4,24122.2,benchmark_57f0b0651621_QHY600-4_20260824_091248_run1.sqlite
ttt_server,NVIDIA GeForce RTX 3090,3.12,iKon936-1,4.2,1923.3,0,benchmark_57f0b0651621_iKon936-1_20260824_085518_run1.sqlite
ttt_server,NVIDIA GeForce RTX 3090,3.12,iKon936-1,4.2,1637.4,24122.2,benchmark_57f0b0651621_iKon936-1_20260824_085603_run1.sqlite
ttt_server,NVIDIA GeForce RTX 3090,3.12,iKon936-1,4.2,1637.4,24122.2,benchmark_57f0b0651621_iKon936-1_20260824_085715_run1.sqlite
ttt_server,NVIDIA GeForce RTX 3090,3.12,iKon936-1,4.2,1637.4,24122.2,benchmark_57f0b0651621_iKon936-1_20260824_085759_run1.sqlite
