machine,profiler,image,mp,rep,time_s
azken_H100,py312,iKon936_SDSSg,4.2,1,7.660
azken_H100,py312,iKon936_SDSSg,4.2,2,8.167
azken_H100,py312,iKon936_SDSSg,4.2,3,7.030
azken_H100,py312,iKon936_SDSSg,4.2,4,8.110
azken_H100,py312,iKon936_SDSSg,4.2,5,7.871
azken_H100,py312,iKon936_SDSSg,4.2,6,7.062
azken_H100,py312,iKon936_SDSSg,4.2,7,7.101
azken_H100,py312,iKon936_SDSSg,4.2,8,8.390
azken_H100,py312,iKon936_SDSSg,4.2,9,8.086
azken_H100,py312,iKon936_SDSSg,4.2,10,6.228
azken_H100,py38,iKon936_SDSSg,4.2,1,3.455
azken_H100,py38,iKon936_SDSSg,4.2,2,3.377
azken_H100,py38,iKon936_SDSSg,4.2,3,3.690
azken_H100,py38,iKon936_SDSSg,4.2,4,3.364
azken_H100,py38,iKon936_SDSSg,4.2,5,3.243
azken_H100,py38,iKon936_SDSSg,4.2,6,3.349
azken_H100,py38,iKon936_SDSSg,4.2,7,3.395
azken_H100,py38,iKon936_SDSSg,4.2,8,3.308
azken_H100,py38,iKon936_SDSSg,4.2,9,3.377
azken_H100,py38,iKon936_SDSSg,4.2,10,3.302
hp3_L40S,py312,iKon936_SDSSg,4.2,1,5.290
hp3_L40S,py312,iKon936_SDSSg,4.2,2,5.382
hp3_L40S,py312,iKon936_SDSSg,4.2,3,5.450
hp3_L40S,py312,iKon936_SDSSg,4.2,4,5.611
hp3_L40S,py312,iKon936_SDSSg,4.2,5,5.454
hp3_L40S,py312,iKon936_SDSSg,4.2,6,5.233
hp3_L40S,py312,iKon936_SDSSg,4.2,7,5.473
hp3_L40S,py312,iKon936_SDSSg,4.2,8,5.765
hp3_L40S,py312,iKon936_SDSSg,4.2,9,5.743
hp3_L40S,py312,iKon936_SDSSg,4.2,10,5.406
hp3_L40S,py38,iKon936_SDSSg,4.2,1,4.074
hp3_L40S,py38,iKon936_SDSSg,4.2,2,4.074
hp3_L40S,py38,iKon936_SDSSg,4.2,3,4.194
hp3_L40S,py38,iKon936_SDSSg,4.2,4,4.067
hp3_L40S,py38,iKon936_SDSSg,4.2,5,3.873
hp3_L40S,py38,iKon936_SDSSg,4.2,6,3.841
hp3_L40S,py38,iKon936_SDSSg,4.2,7,3.853
hp3_L40S,py38,iKon936_SDSSg,4.2,8,3.820
hp3_L40S,py38,iKon936_SDSSg,4.2,9,4.049
hp3_L40S,py38,iKon936_SDSSg,4.2,10,4.316
jetson_local_OrinSuper,py312,iKon936_SDSSg,4.2,1,21.360
jetson_local_OrinSuper,py312,iKon936_SDSSg,4.2,2,21.123
jetson_local_OrinSuper,py312,iKon936_SDSSg,4.2,3,21.221
jetson_local_OrinSuper,py312,iKon936_SDSSg,4.2,4,21.191
jetson_local_OrinSuper,py312,iKon936_SDSSg,4.2,5,21.314
jetson_local_OrinSuper,py312,iKon936_SDSSg,4.2,6,21.528
jetson_local_OrinSuper,py312,iKon936_SDSSg,4.2,7,21.625
jetson_local_OrinSuper,py312,iKon936_SDSSg,4.2,8,21.634
jetson_local_OrinSuper,py312,iKon936_SDSSg,4.2,9,21.728
jetson_local_OrinSuper,py312,iKon936_SDSSg,4.2,10,21.700
jetson_local_OrinSuper,py38,iKon936_SDSSg,4.2,1,20.524
jetson_local_OrinSuper,py38,iKon936_SDSSg,4.2,2,20.411
jetson_local_OrinSuper,py38,iKon936_SDSSg,4.2,3,20.309
jetson_local_OrinSuper,py38,iKon936_SDSSg,4.2,4,20.519
jetson_local_OrinSuper,py38,iKon936_SDSSg,4.2,5,20.359
jetson_local_OrinSuper,py38,iKon936_SDSSg,4.2,6,20.427
jetson_local_OrinSuper,py38,iKon936_SDSSg,4.2,7,20.482
jetson_local_OrinSuper,py38,iKon936_SDSSg,4.2,8,20.415
jetson_local_OrinSuper,py38,iKon936_SDSSg,4.2,9,20.563
jetson_local_OrinSuper,py38,iKon936_SDSSg,4.2,10,20.526
jetson_orin_Orin8GB,py312,iKon936_SDSSg,4.2,1,28.887
jetson_orin_Orin8GB,py312,iKon936_SDSSg,4.2,2,28.852
jetson_orin_Orin8GB,py312,iKon936_SDSSg,4.2,3,28.861
jetson_orin_Orin8GB,py312,iKon936_SDSSg,4.2,4,28.830
jetson_orin_Orin8GB,py312,iKon936_SDSSg,4.2,5,28.917
jetson_orin_Orin8GB,py312,iKon936_SDSSg,4.2,6,28.900
jetson_orin_Orin8GB,py312,iKon936_SDSSg,4.2,7,28.909
jetson_orin_Orin8GB,py312,iKon936_SDSSg,4.2,8,29.011
jetson_orin_Orin8GB,py312,iKon936_SDSSg,4.2,9,29.118
jetson_orin_Orin8GB,py312,iKon936_SDSSg,4.2,10,29.003
lenovo_A100,py312,iKon936_SDSSg,4.2,1,4.901
lenovo_A100,py312,iKon936_SDSSg,4.2,2,4.532
lenovo_A100,py312,iKon936_SDSSg,4.2,3,4.867
lenovo_A100,py312,iKon936_SDSSg,4.2,4,4.659
lenovo_A100,py312,iKon936_SDSSg,4.2,5,4.758
lenovo_A100,py312,iKon936_SDSSg,4.2,6,4.603
lenovo_A100,py312,iKon936_SDSSg,4.2,7,4.716
lenovo_A100,py312,iKon936_SDSSg,4.2,8,4.525
lenovo_A100,py312,iKon936_SDSSg,4.2,9,4.400
lenovo_A100,py312,iKon936_SDSSg,4.2,10,4.626
lenovo_A100,py312,QHY600-3_Lum,6.8,1,4.464
lenovo_A100,py312,QHY600-3_Lum,6.8,2,4.532
lenovo_A100,py312,QHY600-3_Lum,6.8,3,4.417
lenovo_A100,py312,QHY600-3_Lum,6.8,4,4.354
lenovo_A100,py312,QHY600-3_Lum,6.8,5,4.245
lenovo_A100,py312,QHY600-3_Lum,6.8,6,4.738
lenovo_A100,py312,QHY600-3_Lum,6.8,7,4.524
lenovo_A100,py312,QHY600-3_Lum,6.8,8,4.270
lenovo_A100,py312,QHY600-3_Lum,6.8,9,4.184
lenovo_A100,py312,QHY600-3_Lum,6.8,10,4.624
lenovo_A100,py38,iKon936_SDSSg,4.2,1,3.345
lenovo_A100,py38,iKon936_SDSSg,4.2,2,3.480
lenovo_A100,py38,iKon936_SDSSg,4.2,3,3.487
lenovo_A100,py38,iKon936_SDSSg,4.2,4,3.400
lenovo_A100,py38,iKon936_SDSSg,4.2,5,3.541
lenovo_A100,py38,iKon936_SDSSg,4.2,6,3.516
lenovo_A100,py38,iKon936_SDSSg,4.2,7,3.446
lenovo_A100,py38,iKon936_SDSSg,4.2,8,3.717
lenovo_A100,py38,iKon936_SDSSg,4.2,9,3.385
lenovo_A100,py38,iKon936_SDSSg,4.2,10,3.507
local_RTX3050Ti,py312,iKon936_SDSSg,4.2,1,44.013
local_RTX3050Ti,py312,iKon936_SDSSg,4.2,2,45.968
local_RTX3050Ti,py312,iKon936_SDSSg,4.2,3,43.762
local_RTX3050Ti,py312,iKon936_SDSSg,4.2,4,45.208
local_RTX3050Ti,py312,iKon936_SDSSg,4.2,5,46.297
local_RTX3050Ti,py312,iKon936_SDSSg,4.2,6,42.799
local_RTX3050Ti,py312,iKon936_SDSSg,4.2,7,43.727
local_RTX3050Ti,py312,iKon936_SDSSg,4.2,8,44.055
local_RTX3050Ti,py312,iKon936_SDSSg,4.2,9,45.385
local_RTX3050Ti,py312,iKon936_SDSSg,4.2,10,43.543
local_RTX3050Ti,py38,iKon936_SDSSg,4.2,1,38.854
local_RTX3050Ti,py38,iKon936_SDSSg,4.2,2,43.124
local_RTX3050Ti,py38,iKon936_SDSSg,4.2,3,40.616
local_RTX3050Ti,py38,iKon936_SDSSg,4.2,4,36.808
local_RTX3050Ti,py38,iKon936_SDSSg,4.2,5,38.680
local_RTX3050Ti,py38,iKon936_SDSSg,4.2,6,37.285
local_RTX3050Ti,py38,iKon936_SDSSg,4.2,7,36.853
local_RTX3050Ti,py38,iKon936_SDSSg,4.2,8,36.600
local_RTX3050Ti,py38,iKon936_SDSSg,4.2,9,36.693
local_RTX3050Ti,py38,iKon936_SDSSg,4.2,10,39.740
ttt1_RTX3060,py312,iKon936_SDSSg,4.2,1,6.029
ttt1_RTX3060,py312,iKon936_SDSSg,4.2,2,5.983
ttt1_RTX3060,py312,iKon936_SDSSg,4.2,3,6.005
ttt1_RTX3060,py312,iKon936_SDSSg,4.2,4,5.970
ttt1_RTX3060,py312,iKon936_SDSSg,4.2,5,5.997
ttt1_RTX3060,py312,iKon936_SDSSg,4.2,6,6.114
ttt1_RTX3060,py312,iKon936_SDSSg,4.2,7,6.096
ttt1_RTX3060,py312,iKon936_SDSSg,4.2,8,6.037
ttt1_RTX3060,py312,iKon936_SDSSg,4.2,9,6.057
ttt1_RTX3060,py312,iKon936_SDSSg,4.2,10,6.001
ttt1_RTX3060,py38,iKon936_SDSSg,4.2,1,4.637
ttt1_RTX3060,py38,iKon936_SDSSg,4.2,2,4.586
ttt1_RTX3060,py38,iKon936_SDSSg,4.2,3,4.667
ttt1_RTX3060,py38,iKon936_SDSSg,4.2,4,4.574
ttt1_RTX3060,py38,iKon936_SDSSg,4.2,5,4.589
ttt1_RTX3060,py38,iKon936_SDSSg,4.2,6,4.599
ttt1_RTX3060,py38,iKon936_SDSSg,4.2,7,4.576
ttt1_RTX3060,py38,iKon936_SDSSg,4.2,8,4.591
ttt1_RTX3060,py38,iKon936_SDSSg,4.2,9,4.573
ttt1_RTX3060,py38,iKon936_SDSSg,4.2,10,4.577
ttt_server_RTX3090,py38,iKon936_SDSSg,4.2,1,7.021
ttt_server_RTX3090,py38,iKon936_SDSSg,4.2,2,6.430
ttt_server_RTX3090,py38,iKon936_SDSSg,4.2,3,6.511
ttt_server_RTX3090,py38,iKon936_SDSSg,4.2,5,6.494
ttt_server_RTX3090,py38,iKon936_SDSSg,4.2,6,6.519
ttt_server_RTX3090,py38,iKon936_SDSSg,4.2,7,6.298
ttt_server_RTX3090,py38,iKon936_SDSSg,4.2,9,6.499
