group_key,execution_time,timestamp,n_sources_detected,db_total,db_transients,instrume,inmodel,camera,naxis1,naxis2,obid,orid,dateproc,inserial,telescop,filter,dateobs,exptime,object,gpu_name,gpu_driver,gpu_id,gpu_load,gpu_mem_free,gpu_mem_total,gpu_mem_used,gpu_temp,arch,cupy_ver,kernel,os,os_ver,processor,python_ver
4124611,182.63046312332153,2026-04-10T14:02:29.700Z,296,,,iKon936-TTT3,iKon936,iKon936-1,2048,2048,3749321,68222,2026-04-10T14:02:27.21426,27305,TTT3,Lum,2025-09-15T05:31:52.256207,30.001,C2025A6,Error retrieving GPU info,,,,,,,,,12.0.0,,,,,"3.8.10 (default, Mar 18 2025, 20:04:55) 
[GCC 9.4.0]"
4124611,138.11071825027466,2026-04-10T14:05:09.823Z,296,,,iKon936-TTT3,iKon936,iKon936-1,2048,2048,3749321,68222,2026-04-10T14:05:08.84378,27305,TTT3,Lum,2025-09-15T05:31:52.256207,30.001,C2025A6,Error retrieving GPU info,,,,,,,,,12.0.0,,,,,"3.8.10 (default, Mar 18 2025, 20:04:55) 
[GCC 9.4.0]"
4124611,148.37479877471924,2026-04-10T14:07:58.116Z,296,,,iKon936-TTT3,iKon936,iKon936-1,2048,2048,3749321,68222,2026-04-10T14:07:57.13588,27305,TTT3,Lum,2025-09-15T05:31:52.256207,30.001,C2025A6,Error retrieving GPU info,,,,,,,,,12.0.0,,,,,"3.8.10 (default, Mar 18 2025, 20:04:55) 
[GCC 9.4.0]"
4124611,109.21269345283508,2026-04-10T14:10:07.602Z,296,,,iKon936-TTT3,iKon936,iKon936-1,2048,2048,3749321,68222,2026-04-10T14:10:06.61092,27305,TTT3,Lum,2025-09-15T05:31:52.256207,30.001,C2025A6,Error retrieving GPU info,,,,,,,,,12.0.0,,,,,"3.8.10 (default, Mar 18 2025, 20:04:55) 
[GCC 9.4.0]"
4124611,147.57931804656982,2026-04-10T14:12:55.466Z,296,,,iKon936-TTT3,iKon936,iKon936-1,2048,2048,3749321,68222,2026-04-10T14:12:54.47332,27305,TTT3,Lum,2025-09-15T05:31:52.256207,30.001,C2025A6,Error retrieving GPU info,,,,,,,,,12.0.0,,,,,"3.8.10 (default, Mar 18 2025, 20:04:55) 
[GCC 9.4.0]"
4124611,123.89448070526123,2026-04-10T14:15:18.244Z,296,,,iKon936-TTT3,iKon936,iKon936-1,2048,2048,3749321,68222,2026-04-10T14:15:16.95311,27305,TTT3,Lum,2025-09-15T05:31:52.256207,30.001,C2025A6,Error retrieving GPU info,,,,,,,,,12.0.0,,,,,"3.8.10 (default, Mar 18 2025, 20:04:55) 
[GCC 9.4.0]"
4124611,190.90259218215942,2026-04-10T14:18:49.447Z,296,,,iKon936-TTT3,iKon936,iKon936-1,2048,2048,3749321,68222,2026-04-10T14:18:48.31695,27305,TTT3,Lum,2025-09-15T05:31:52.256207,30.001,C2025A6,Error retrieving GPU info,,,,,,,,,12.0.0,,,,,"3.8.10 (default, Mar 18 2025, 20:04:55) 
[GCC 9.4.0]"
4124611,125.30630612373352,2026-04-10T14:21:14.448Z,296,,,iKon936-TTT3,iKon936,iKon936-1,2048,2048,3749321,68222,2026-04-10T14:21:13.31922,27305,TTT3,Lum,2025-09-15T05:31:52.256207,30.001,C2025A6,Error retrieving GPU info,,,,,,,,,12.0.0,,,,,"3.8.10 (default, Mar 18 2025, 20:04:55) 
[GCC 9.4.0]"
4124611,119.10456466674805,2026-04-10T14:23:33.733Z,296,,,iKon936-TTT3,iKon936,iKon936-1,2048,2048,3749321,68222,2026-04-10T14:23:32.73301,27305,TTT3,Lum,2025-09-15T05:31:52.256207,30.001,C2025A6,Error retrieving GPU info,,,,,,,,,12.0.0,,,,,"3.8.10 (default, Mar 18 2025, 20:04:55) 
[GCC 9.4.0]"
4124611,77.08723545074463,2026-04-10T14:25:07.418Z,296,,,iKon936-TTT3,iKon936,iKon936-1,2048,2048,3749321,68222,2026-04-10T14:25:06.42240,27305,TTT3,Lum,2025-09-15T05:31:52.256207,30.001,C2025A6,Error retrieving GPU info,,,,,,,,,12.0.0,,,,,"3.8.10 (default, Mar 18 2025, 20:04:55) 
[GCC 9.4.0]"
4124611,45.34754514694214,2026-04-10T14:26:11.436Z,296,,,iKon936-TTT3,iKon936,iKon936-1,2048,2048,3749321,68222,2026-04-10T14:26:10.60101,27305,TTT3,Lum,2025-09-15T05:31:52.256207,30.001,C2025A6,Error retrieving GPU info,,,,,,,,,12.0.0,,,,,"3.8.10 (default, Mar 18 2025, 20:04:55) 
[GCC 9.4.0]"
4124611,36.21913146972656,2026-04-10T14:26:59.455Z,296,,,iKon936-TTT3,iKon936,iKon936-1,2048,2048,3749321,68222,2026-04-10T14:26:58.95391,27305,TTT3,Lum,2025-09-15T05:31:52.256207,30.001,C2025A6,Error retrieving GPU info,,,,,,,,,12.0.0,,,,,"3.8.10 (default, Mar 18 2025, 20:04:55) 
[GCC 9.4.0]"
4124611,35.97201752662659,2026-04-10T14:27:43.411Z,296,,,iKon936-TTT3,iKon936,iKon936-1,2048,2048,3749321,68222,2026-04-10T14:27:42.90966,27305,TTT3,Lum,2025-09-15T05:31:52.256207,30.001,C2025A6,Error retrieving GPU info,,,,,,,,,12.0.0,,,,,"3.8.10 (default, Mar 18 2025, 20:04:55) 
[GCC 9.4.0]"
4124611,35.878519773483276,2026-04-10T14:28:27.046Z,296,,,iKon936-TTT3,iKon936,iKon936-1,2048,2048,3749321,68222,2026-04-10T14:28:26.54427,27305,TTT3,Lum,2025-09-15T05:31:52.256207,30.001,C2025A6,Error retrieving GPU info,,,,,,,,,12.0.0,,,,,"3.8.10 (default, Mar 18 2025, 20:04:55) 
[GCC 9.4.0]"
4124611,35.90439033508301,2026-04-10T14:29:11.084Z,296,,,iKon936-TTT3,iKon936,iKon936-1,2048,2048,3749321,68222,2026-04-10T14:29:10.58207,27305,TTT3,Lum,2025-09-15T05:31:52.256207,30.001,C2025A6,Error retrieving GPU info,,,,,,,,,12.0.0,,,,,"3.8.10 (default, Mar 18 2025, 20:04:55) 
[GCC 9.4.0]"
4124611,35.91783094406128,2026-04-10T14:29:54.854Z,296,,,iKon936-TTT3,iKon936,iKon936-1,2048,2048,3749321,68222,2026-04-10T14:29:54.34099,27305,TTT3,Lum,2025-09-15T05:31:52.256207,30.001,C2025A6,Error retrieving GPU info,,,,,,,,,12.0.0,,,,,"3.8.10 (default, Mar 18 2025, 20:04:55) 
[GCC 9.4.0]"
